fixture_id,team_name,team_id,player_id,player_name,player_photo,games_minutes,games_number,games_position,games_rating,games_captain,games_substitute,goals_conceded,goals_assists,goals_saves,passes_total,passes_accuracy,duels_total,duels_won,cards_yellow,cards_red,penalty_scored,penalty_missed,penalty_saved,tackles_total,tackles_interceptions,dribbles_attempts,dribbles_success,fouls_committed,dribbles_past,shots_total,shots_on,tackles_blocks,fouls_drawn,passes_key,goals_total,offsides
1377872,Sassuolo,488,30519,Stefano Turati,https://media.api-sports.io/football/players/30519.png,90.0,13,G,6.2,False,False,2,0.0,2.0,22.0,6,1.0,1.0,0,0,0,0,0.0,,,,,,,,,,,,,
1377872,Sassuolo,488,40582,Sebastian Walukiewicz,https://media.api-sports.io/football/players/40582.png,90.0,6,D,6.3,False,False,0,0.0,,47.0,44,5.0,2.0,0,0,0,0,,1.0,1.0,1.0,1.0,2.0,,,,,,,,
1377872,Sassuolo,488,30556,Filippo Romagna,https://media.api-sports.io/football/players/30556.png,90.0,19,D,6,True,False,0,0.0,,56.0,52,6.0,2.0,0,0,0,0,,1.0,2.0,,,,3.0,,,,,,,
1377872,Sassuolo,488,271350,Tarik Muharemović,https://media.api-sports.io/football/players/271350.png,90.0,80,D,6.3,False,False,0,0.0,,52.0,45,8.0,5.0,0,0,0,0,,2.0,3.0,,,2.0,,1.0,1.0,1.0,3.0,,,
1377872,Sassuolo,488,135526,Josh Doig,https://media.api-sports.io/football/players/135526.png,81.0,3,D,6.7,False,False,0,0.0,,16.0,15,6.0,3.0,0,0,0,0,,1.0,1.0,1.0,1.0,1.0,1.0,1.0,1.0,2.0,1.0,,,
1377872,Sassuolo,488,328046,Ismael Koné,https://media.api-sports.io/football/players/328046.png,79.0,90,M,6,False,False,0,0.0,,29.0,25,8.0,3.0,2,1,0,0,,1.0,1.0,1.0,,3.0,,,,1.0,2.0,,,
1377872,Sassuolo,488,343562,Luca Lipani,https://media.api-sports.io/football/players/343562.png,73.0,35,M,6.2,False,False,0,0.0,,39.0,31,12.0,3.0,0,0,0,0,,2.0,1.0,1.0,1.0,5.0,2.0,,,,,1.0,,
1377872,Sassuolo,488,291780,Daniel Boloca,https://media.api-sports.io/football/players/291780.png,90.0,11,M,6.7,False,False,0,0.0,,41.0,39,8.0,4.0,0,0,0,0,,2.0,1.0,2.0,1.0,,1.0,2.0,,,1.0,1.0,,
1377872,Sassuolo,488,30537,Domenico Berardi,https://media.api-sports.io/football/players/30537.png,90.0,10,F,6.9,False,False,0,0.0,,24.0,17,12.0,7.0,1,0,0,0,,3.0,1.0,3.0,2.0,2.0,1.0,1.0,,,2.0,,,
1377872,Sassuolo,488,31094,Andrea Pinamonti,https://media.api-sports.io/football/players/31094.png,90.0,99,F,6.2,False,False,0,0.0,,13.0,9,12.0,5.0,0,0,0,0,,,,,,,,1.0,,,3.0,2.0,,
1377872,Sassuolo,488,2215,Armand Laurienté,https://media.api-sports.io/football/players/2215.png,81.0,45,F,6.6,False,False,0,0.0,,22.0,21,11.0,4.0,0,0,0,0,,2.0,,4.0,,1.0,,,,,2.0,,,
1377872,Sassuolo,488,263699,Alieu Fadera,https://media.api-sports.io/football/players/263699.png,18.0,20,F,7.2,False,True,0,0.0,,3.0,3,8.0,4.0,0,0,0,0,,,,2.0,2.0,1.0,,,,,2.0,,,
1377872,Sassuolo,488,41371,Fali Candé,https://media.api-sports.io/football/players/41371.png,10.0,5,D,6.6,False,True,0,0.0,,2.0,2,1.0,1.0,0,0,0,0,,,1.0,,,,,,,,,1.0,,
1377872,Sassuolo,488,68407,Andrea Ghion,https://media.api-sports.io/football/players/68407.png,10.0,8,M,6.6,False,True,0,0.0,,1.0,1,1.0,1.0,0,0,0,0,,1.0,,,,,,,,,,,,
1377872,Sassuolo,488,30849,Nicholas Pierini,https://media.api-sports.io/football/players/30849.png,1.0,77,F,,False,True,0,0.0,,1.0,1,,,0,0,0,0,,,,,,,,,,,,1.0,,
1377872,Sassuolo,488,31440,Luca Moro,https://media.api-sports.io/football/players/31440.png,1.0,24,F,,False,True,0,0.0,,,,,,0,0,0,0,,,,,,,,,,,,,,
1377872,Sassuolo,488,292519,Gioele Zacchi,https://media.api-sports.io/football/players/292519.png,,16,G,,False,True,0,,,,,,,0,0,0,0,,,,,,,,,,,,,,
1377872,Sassuolo,488,616,Arijanet Murić,https://media.api-sports.io/football/players/616.png,,49,G,,False,True,0,,,,,,,0,0,0,0,,,,,,,,,,,,,,
1377872,Sassuolo,488,30518,Giacomo Satalino,https://media.api-sports.io/football/players/30518.png,,12,G,,False,True,0,,,,,,,0,0,0,0,,,,,,,,,,,,,,
1377872,Sassuolo,488,37651,Jay Idzes,https://media.api-sports.io/football/players/37651.png,,21,D,,False,True,0,,,,,,,0,0,0,0,,,,,,,,,,,,,,
1377872,Sassuolo,488,342055,Edoardo Pieragnolo,https://media.api-sports.io/football/players/342055.png,,15,D,,False,True,0,,,,,,,0,0,0,0,,,,,,,,,,,,,,
1377872,Sassuolo,488,342653,Filippo Missori,https://media.api-sports.io/football/players/342653.png,,2,D,,False,True,0,,,,,,,0,0,0,0,,,,,,,,,,,,,,
1377872,Sassuolo,488,342035,Cristian Volpato,https://media.api-sports.io/football/players/342035.png,,7,M,,False,True,0,,,,,,,0,0,0,0,,,,,,,,,,,,,,
1377872,Sassuolo,488,91490,Samuele Mulattieri,https://media.api-sports.io/football/players/91490.png,,9,F,,False,True,0,,,,,,,0,0,0,0,,,,,,,,,,,,,,
1377872,Sassuolo,488,278190,Agustín Álvarez,https://media.api-sports.io/football/players/278190.png,,25,F,,False,True,0,,,,,,,0,0,0,0,,,,,,,,,,,,,,
1377872,Napoli,492,312,Alex Meret,https://media.api-sports.io/football/players/312.png,90.0,1,G,7,False,False,0,0.0,2.0,34.0,28,1.0,1.0,0,0,0,0,0.0,,,,,,,,,,1.0,,,
1377872,Napoli,492,31042,Giovanni Di Lorenzo,https://media.api-sports.io/football/players/31042.png,90.0,22,D,7.2,True,False,0,0.0,,58.0,52,9.0,6.0,0,0,0,0,,2.0,,1.0,,1.0,1.0,,,,1.0,,,
1377872,Napoli,492,1314,Amir Rrahmani,https://media.api-sports.io/football/players/1314.png,90.0,13,D,7.6,False,False,0,0.0,,86.0,76,14.0,10.0,0,0,0,0,,2.0,,2.0,1.0,2.0,,1.0,,1.0,1.0,1.0,,
1377872,Napoli,492,774,Juan Jesus,https://media.api-sports.io/football/players/774.png,90.0,5,D,7.3,False,False,0,0.0,,84.0,75,6.0,4.0,0,0,0,0,,4.0,2.0,,,1.0,,,,,,,,
1377872,Napoli,492,47254,Mathías Olivera,https://media.api-sports.io/football/players/47254.png,89.0,17,D,6.9,False,False,0,0.0,,37.0,34,7.0,4.0,0,0,0,0,,2.0,1.0,1.0,1.0,3.0,,,,,1.0,,,
1377872,Napoli,492,47439,Stanislav Lobotka,https://media.api-sports.io/football/players/47439.png,82.0,68,M,7,False,False,0,0.0,,69.0,67,4.0,2.0,0,0,0,0,,2.0,,,,,1.0,,,,,,,
1377872,Napoli,492,219,Matteo Politano,https://media.api-sports.io/football/players/219.png,76.0,21,M,7,False,False,0,1.0,,27.0,22,9.0,4.0,0,0,0,0,,1.0,1.0,3.0,1.0,1.0,2.0,,,,2.0,1.0,,
1377872,Napoli,492,3406,Frank Anguissa,https://media.api-sports.io/football/players/3406.png,90.0,99,M,7.2,False,False,0,0.0,,66.0,62,11.0,7.0,0,0,0,0,,,,3.0,2.0,2.0,,1.0,,,2.0,,,
1377872,Napoli,492,629,Kevin De Bruyne,https://media.api-sports.io/football/players/629.png,90.0,11,M,7.9,False,False,0,0.0,,59.0,51,2.0,,0,0,0,0,,,1.0,,,,1.0,2.0,1.0,,,3.0,1.0,
1377872,Napoli,492,903,Scott McTominay,https://media.api-sports.io/football/players/903.png,89.0,8,M,7.9,False,False,0,0.0,,30.0,27,15.0,8.0,0,0,0,0,,1.0,,3.0,1.0,,2.0,3.0,2.0,,6.0,1.0,1.0,
1377872,Napoli,492,199089,Lorenzo Lucca,https://media.api-sports.io/football/players/199089.png,82.0,27,F,6.9,False,False,0,0.0,,17.0,15,16.0,8.0,1,0,0,0,,,,3.0,2.0,5.0,,1.0,1.0,,3.0,,,
1377872,Napoli,492,552,David Neres,https://media.api-sports.io/football/players/552.png,15.0,7,F,6.3,False,True,0,0.0,,6.0,6,4.0,,0,0,0,0,,,,1.0,,2.0,,,,,,,,
1377872,Napoli,492,130423,Billy Gilmour,https://media.api-sports.io/football/players/130423.png,9.0,6,M,6.6,False,True,0,0.0,,18.0,16,1.0,,0,0,0,0,,,,,,,1.0,,,,,,,
1377872,Napoli,492,544,Noa Lang,https://media.api-sports.io/football/players/544.png,9.0,70,F,6.5,False,True,0,0.0,,5.0,4,,,0,0,0,0,,,,,,,,,,,,,,
1377872,Napoli,492,862,Leonardo Spinazzola,https://media.api-sports.io/football/players/862.png,2.0,37,D,,False,True,0,0.0,,8.0,8,,,0,0,0,0,,,,,,,,,,,,1.0,,
1377872,Napoli,492,347395,Antonio Vergara,https://media.api-sports.io/football/players/347395.png,1.0,26,M,,False,True,0,0.0,,2.0,2,,,0,0,0,0,,,,,,,,,,,,,,
1377872,Napoli,492,32172,Nikita Contini,https://media.api-sports.io/football/players/32172.png,,14,G,,False,True,0,,,,,,,0,0,0,0,,,,,,,,,,,,,,
1377872,Napoli,492,31156,Vanja Milinković-Savić,https://media.api-sports.io/football/players/31156.png,,32,G,,False,True,0,,,,,,,0,0,0,0,,,,,,,,,,,,,,
1377872,Napoli,492,388547,Luca Marianucci,https://media.api-sports.io/football/players/388547.png,,35,D,,False,True,0,,,,,,,0,0,0,0,,,,,,,,,,,,,,
1377872,Napoli,492,37604,Sam Beukema,https://media.api-sports.io/football/players/37604.png,,31,D,,False,True,0,,,,,,,0,0,0,0,,,,,,,,,,,,,,
1377872,Napoli,492,31226,Alessandro Buongiorno,https://media.api-sports.io/football/players/31226.png,,4,D,,False,True,0,,,,,,,0,0,0,0,,,,,,,,,,,,,,
1377872,Napoli,492,31390,Pasquale Mazzocchi,https://media.api-sports.io/football/players/31390.png,,30,D,,False,True,0,,,,,,,0,0,0,0,,,,,,,,,,,,,,
1377872,Napoli,492,162907,Alessandro Zanoli,https://media.api-sports.io/football/players/162907.png,,59,D,,False,True,0,,,,,,,0,0,0,0,,,,,,,,,,,,,,
1377872,Napoli,492,335102,Luis Hasa,https://media.api-sports.io/football/players/335102.png,,29,M,,False,True,0,,,,,,,0,0,0,0,,,,,,,,,,,,,,
1377872,Napoli,492,341912,Giuseppe Ambrosino,https://media.api-sports.io/football/players/341912.png,,69,F,,False,True,0,,,,,,,0,0,0,0,,,,,,,,,,,,,,
1377872,Napoli,492,128478,Walid Cheddira,https://media.api-sports.io/football/players/128478.png,,77,F,,False,True,0,,,,,,,0,0,0,0,,,,,,,,,,,,,,
1377867,Genoa,495,31631,Nicola Leali,https://media.api-sports.io/football/players/31631.png,90.0,1,G,6.3,False,False,0,0.0,,33.0,14,,,0,0,0,0,0.0,,,,,,,,,,,,,
1377867,Genoa,495,284570,Brooke Norton-Cuffy,https://media.api-sports.io/football/players/284570.png,90.0,15,D,7.3,False,False,0,0.0,,40.0,31,8.0,6.0,0,0,0,0,,4.0,1.0,,,1.0,,,,,,,,
1377867,Genoa,495,281826,Alessandro Marcandalli,https://media.api-sports.io/football/players/281826.png,90.0,27,D,6.6,False,False,0,0.0,,43.0,38,,,0,0,0,0,,,1.0,,,,,,,,,,,
1377867,Genoa,495,35544,Johan Vásquez,https://media.api-sports.io/football/players/35544.png,90.0,22,D,7.2,True,False,0,0.0,,78.0,67,8.0,5.0,0,0,0,0,,1.0,,1.0,1.0,1.0,,,,1.0,,,,
1377867,Genoa,495,25914,Aarón Martín,https://media.api-sports.io/football/players/25914.png,90.0,3,D,6.9,False,False,0,0.0,,49.0,43,5.0,3.0,1,0,0,0,,2.0,,1.0,1.0,2.0,,1.0,1.0,,,,,
1377867,Genoa,495,281096,Patrizio Masini,https://media.api-sports.io/football/players/281096.png,90.0,73,M,7.5,False,False,0,0.0,,45.0,32,20.0,13.0,0,0,0,0,,6.0,1.0,,,2.0,,,,1.0,4.0,,,
1377867,Genoa,495,15881,Morten Frendrup,https://media.api-sports.io/football/players/15881.png,87.0,32,M,7.5,False,False,0,0.0,,39.0,32,11.0,8.0,0,0,0,0,,5.0,1.0,1.0,,1.0,,,,1.0,1.0,1.0,,
1377867,Genoa,495,341646,Valentín Carboni,https://media.api-sports.io/football/players/341646.png,73.0,23,M,7.2,False,False,0,0.0,,18.0,11,8.0,5.0,0,0,0,0,,2.0,,2.0,2.0,1.0,1.0,1.0,1.0,,1.0,,,
1377867,Genoa,495,44439,Nicolae Stanciu,https://media.api-sports.io/football/players/44439.png,87.0,8,M,7,False,False,0,0.0,,45.0,32,4.0,3.0,0,0,0,0,,2.0,2.0,1.0,,,,2.0,,,,,,
1377867,Genoa,495,263177,Albert Grønbæk,https://media.api-sports.io/football/players/263177.png,60.0,11,M,7,False,False,0,0.0,,12.0,9,6.0,4.0,0,0,0,0,,,,3.0,2.0,,,,,,1.0,2.0,,
1377867,Genoa,495,263481,Lorenzo Colombo,https://media.api-sports.io/football/players/263481.png,73.0,29,F,6.3,False,False,0,0.0,,14.0,7,15.0,4.0,0,0,0,0,,,,1.0,,4.0,,,,1.0,1.0,,,
1377867,Genoa,495,56396,Junior Messias,https://media.api-sports.io/football/players/56396.png,31.0,10,F,6.9,False,True,0,0.0,,6.0,5,7.0,4.0,0,0,0,0,,1.0,,3.0,2.0,1.0,,,,,1.0,,,
1377867,Genoa,495,89520,Mikael Ellertsson,https://media.api-sports.io/football/players/89520.png,18.0,77,M,6.3,False,True,0,0.0,,5.0,3,3.0,1.0,0,0,0,0,,,,,,,1.0,,,,1.0,,,
1377867,Genoa,495,451504,Jeff Ekhator,https://media.api-sports.io/football/players/451504.png,18.0,21,F,6.3,False,True,0,0.0,,5.0,2,7.0,3.0,1,0,0,0,,,,,,2.0,,,,,2.0,,,
1377867,Genoa,495,36980,Morten Thorsby,https://media.api-sports.io/football/players/36980.png,8.0,2,M,6.3,False,True,0,0.0,,2.0,1,2.0,,0,0,0,0,,,,,,1.0,,,,,,,,
1377867,Genoa,495,281408,Vitinha,https://media.api-sports.io/football/players/281408.png,8.0,9,F,6.2,False,True,0,0.0,,1.0,,5.0,1.0,0,0,0,0,,,,3.0,1.0,,,,,,,,,
1377867,Genoa,495,31445,Daniele Sommariva,https://media.api-sports.io/football/players/31445.png,,39,G,,False,True,0,,,,,,,0,0,0,0,,,,,,,,,,,,,,
1377867,Genoa,495,45083,Benjamin Siegrist,https://media.api-sports.io/football/players/45083.png,,31,G,,False,True,0,,,,,,,0,0,0,0,,,,,,,,,,,,,,
1377867,Genoa,495,18967,Leo Østigård,https://media.api-sports.io/football/players/18967.png,,5,D,,False,True,0,,,,,,,0,0,0,0,,,,,,,,,,,,,,
1377867,Genoa,495,31137,Stefano Sabelli,https://media.api-sports.io/football/players/31137.png,,20,D,,False,True,0,,,,,,,0,0,0,0,,,,,,,,,,,,,,
1377867,Genoa,495,1938,Ruslan Malinovskyi,https://media.api-sports.io/football/players/1938.png,,17,M,,False,True,0,,,,,,,0,0,0,0,,,,,,,,,,,,,,
1377867,Genoa,495,348533,Seydou Fini,https://media.api-sports.io/football/players/348533.png,,40,F,,False,True,0,,,,,,,0,0,0,0,,,,,,,,,,,,,,
1377867,Genoa,495,382947,Hugo Cuenca,https://media.api-sports.io/football/players/382947.png,,30,M,,False,True,0,,,,,,,0,0,0,0,,,,,,,,,,,,,,
1377867,Genoa,495,452033,Lorenzo Venturino,https://media.api-sports.io/football/players/452033.png,,76,F,,False,True,0,,,,,,,0,0,0,0,,,,,,,,,,,,,,
1377867,Lecce,867,56459,Wladimiro Falcone,https://media.api-sports.io/football/players/56459.png,90.0,30,G,7.6,True,False,0,0.0,2.0,25.0,10,3.0,3.0,0,0,0,0,0.0,,,,,,,,,,2.0,,,
1377867,Lecce,867,161702,Danilo Veiga,https://media.api-sports.io/football/players/161702.png,68.0,17,D,6.9,False,False,0,0.0,,22.0,17,6.0,4.0,1,0,0,0,,3.0,1.0,,,1.0,,,,,,,,
1377867,Lecce,867,291589,Kialonda Gaspar,https://media.api-sports.io/football/players/291589.png,90.0,4,D,6.9,False,False,0,0.0,,33.0,25,7.0,3.0,0,0,0,0,,,,,,1.0,,,,,,,,
1377867,Lecce,867,455316,Tiago Gabriel,https://media.api-sports.io/football/players/455316.png,90.0,44,D,7.2,False,False,0,0.0,,38.0,29,12.0,8.0,0,0,0,0,,2.0,4.0,,,1.0,1.0,,,,2.0,,,
1377867,Lecce,867,31543,Antonino Gallo,https://media.api-sports.io/football/players/31543.png,90.0,25,D,6.9,False,False,0,0.0,,32.0,20,4.0,2.0,0,0,0,0,,1.0,,1.0,,,1.0,1.0,,,1.0,2.0,,
1377867,Lecce,867,1748,Lassana Coulibaly,https://media.api-sports.io/football/players/1748.png,83.0,29,M,6.5,False,False,0,0.0,,13.0,9,6.0,2.0,0,0,0,0,,,,,,1.0,2.0,,,,2.0,1.0,,
1377867,Lecce,867,15673,Ylber Ramadani,https://media.api-sports.io/football/players/15673.png,90.0,20,M,6.7,False,False,0,0.0,,31.0,23,9.0,4.0,0,0,0,0,,1.0,4.0,1.0,,2.0,1.0,,,,1.0,,,
1377867,Lecce,867,335071,Medon Berisha,https://media.api-sports.io/football/players/335071.png,59.0,10,M,6.9,False,False,0,0.0,,21.0,16,10.0,4.0,0,0,0,0,,4.0,2.0,,,1.0,,,,1.0,,1.0,,
1377867,Lecce,867,118956,Lameck Banda,https://media.api-sports.io/football/players/118956.png,59.0,19,F,6.2,False,False,0,0.0,,12.0,10,9.0,2.0,1,0,0,0,,,,4.0,1.0,2.0,,,,,,1.0,,
1377867,Lecce,867,436260,Francesco Camarda,https://media.api-sports.io/football/players/436260.png,83.0,22,F,6.2,False,False,0,0.0,,12.0,10,5.0,1.0,0,0,0,0,,,,1.0,1.0,,1.0,1.0,,,,,,
1377867,Lecce,867,47182,Tete Morente,https://media.api-sports.io/football/players/47182.png,90.0,7,F,6.2,False,False,0,0.0,,28.0,17,15.0,5.0,1,0,0,0,,2.0,,2.0,,1.0,3.0,1.0,,,3.0,,,1.0
1377867,Lecce,867,31507,Riccardo Sottil,https://media.api-sports.io/football/players/31507.png,32.0,23,F,6.3,False,True,0,0.0,,9.0,9,7.0,1.0,0,0,0,0,,,,3.0,,1.0,,,,,1.0,,,1.0
1377867,Lecce,867,197779,Mohamed Kaba,https://media.api-sports.io/football/players/197779.png,32.0,77,M,6.5,False,True,0,0.0,,10.0,7,8.0,3.0,0,0,0,0,,,,,,2.0,,,,,,,,
1377867,Lecce,867,482309,Christ-Owen Kouassi,https://media.api-sports.io/football/players/482309.png,23.0,21,D,6.9,False,True,0,0.0,,5.0,5,3.0,3.0,0,0,0,0,,2.0,1.0,,,,,,,,,,,
1377867,Lecce,867,190958,Balthazar Pierret,https://media.api-sports.io/football/players/190958.png,8.0,75,M,6.7,False,True,0,0.0,,2.0,,2.0,2.0,0,0,0,0,,,,,,,,,,,2.0,,,
1377867,Lecce,867,8643,Konan N'Dri,https://media.api-sports.io/football/players/8643.png,8.0,11,F,6.7,False,True,0,0.0,,1.0,,3.0,2.0,0,0,0,0,,,,1.0,,,,,,,1.0,,,
1377867,Lecce,867,156619,Jasper Samooja,https://media.api-sports.io/football/players/156619.png,,32,G,,False,True,0,,,,,,,0,0,0,0,,,,,,,,,,,,,,
1377867,Lecce,867,495,Christian Früchtl,https://media.api-sports.io/football/players/495.png,,1,G,,False,True,0,,,,,,,0,0,0,0,,,,,,,,,,,,,,
1377867,Lecce,867,203219,Jamil Siebert,https://media.api-sports.io/football/players/203219.png,,5,D,,False,True,0,,,,,,,0,0,0,0,,,,,,,,,,,,,,
1377867,Lecce,867,19738,Corrie Ndaba,https://media.api-sports.io/football/players/19738.png,,3,D,,False,True,0,,,,,,,0,0,0,0,,,,,,,,,,,,,,
1377867,Lecce,867,458543,Matías Pérez Sepúlveda,https://media.api-sports.io/football/players/458543.png,,13,D,,False,True,0,,,,,,,0,0,0,0,,,,,,,,,,,,,,
1377867,Lecce,867,28744,Þórir Jóhann Helgason,https://media.api-sports.io/football/players/28744.png,,14,M,,False,True,0,,,,,,,0,0,0,0,,,,,,,,,,,,,,
1377867,Lecce,867,56560,Youssef Maleh,https://media.api-sports.io/football/players/56560.png,,93,M,,False,True,0,,,,,,,0,0,0,0,,,,,,,,,,,,,,
1377867,Lecce,867,387537,Olaf Gorter,https://media.api-sports.io/football/players/387537.png,,28,M,,False,True,0,,,,,,,0,0,0,0,,,,,,,,,,,,,,
1377867,Lecce,867,136016,Hamza Rafia,https://media.api-sports.io/football/players/136016.png,,8,M,,False,True,0,,,,,,,0,0,0,0,,,,,,,,,,,,,,
1377870,AC Milan,489,22221,Mike Maignan,https://media.api-sports.io/football/players/22221.png,90.0,16,G,6.3,True,False,2,0.0,1.0,14.0,13,,,0,0,0,0,0.0,,,,,,,,,,,,,
1377870,AC Milan,489,19209,Fikayo Tomori,https://media.api-sports.io/football/players/19209.png,65.0,23,D,6.3,False,False,0,0.0,,80.0,76,2.0,2.0,0,0,0,0,,2.0,1.0,,,,,1.0,1.0,,,,,
1377870,AC Milan,489,56473,Matteo Gabbia,https://media.api-sports.io/football/players/56473.png,90.0,46,D,7.2,False,False,0,0.0,,80.0,74,9.0,8.0,0,0,0,0,,,,,,1.0,,1.0,,,,1.0,,
1377870,AC Milan,489,45826,Strahinja Pavlović,https://media.api-sports.io/football/players/45826.png,90.0,31,D,7.3,False,False,0,0.0,,81.0,73,11.0,6.0,0,0,0,0,,1.0,1.0,1.0,,,,1.0,1.0,,1.0,,1.0,
1377870,AC Milan,489,1417,Alexis Saelemaekers,https://media.api-sports.io/football/players/1417.png,90.0,56,M,7.5,False,False,0,0.0,,67.0,60,12.0,9.0,0,0,0,0,,2.0,,7.0,4.0,,,,,,3.0,4.0,,
1377870,AC Milan,489,2292,Ruben Loftus-Cheek,https://media.api-sports.io/football/players/2292.png,90.0,8,M,6,False,False,0,0.0,,48.0,44,11.0,3.0,0,0,0,0,,,,3.0,1.0,2.0,1.0,2.0,,,2.0,2.0,,
1377870,AC Milan,489,754,Luka Modrić,https://media.api-sports.io/football/players/754.png,74.0,14,M,7.3,False,False,0,0.0,,76.0,69,2.0,1.0,0,0,0,0,,1.0,1.0,,,,,1.0,1.0,,,3.0,,
1377870,AC Milan,489,22254,Youssouf Fofana,https://media.api-sports.io/football/players/22254.png,90.0,19,M,6.2,False,False,0,0.0,,42.0,36,8.0,2.0,0,0,0,0,,1.0,1.0,2.0,1.0,3.0,1.0,3.0,1.0,,,2.0,,
1377870,AC Milan,489,46731,Pervis Estupiñán,https://media.api-sports.io/football/players/46731.png,45.0,2,M,7.3,False,False,0,1.0,,19.0,17,4.0,1.0,0,0,0,0,,,,,,,1.0,1.0,,,1.0,1.0,,
1377870,AC Milan,489,94562,Santiago Giménez,https://media.api-sports.io/football/players/94562.png,90.0,7,F,6.2,False,False,0,0.0,,9.0,7,1.0,,0,0,0,0,,,,,,,,3.0,1.0,,,1.0,,1.0
1377870,AC Milan,489,17,Christian Pulišić,https://media.api-sports.io/football/players/17.png,90.0,11,F,6.9,False,False,0,0.0,,39.0,33,7.0,2.0,0,0,0,0,,,,4.0,1.0,2.0,,2.0,1.0,,,4.0,,
1377870,AC Milan,489,330437,Álex Jiménez,https://media.api-sports.io/football/players/330437.png,45.0,20,D,6.7,False,True,0,0.0,,20.0,19,9.0,5.0,1,0,0,0,,,,7.0,4.0,,1.0,,,,1.0,2.0,,
1377870,AC Milan,489,1696,Samuel Chukwueze,https://media.api-sports.io/football/players/1696.png,26.0,21,F,7.3,False,True,0,0.0,,13.0,11,5.0,4.0,0,0,0,0,,,,1.0,1.0,,1.0,,,,3.0,,,
1377870,AC Milan,489,264705,Ardon Jashari,https://media.api-sports.io/football/players/264705.png,17.0,30,M,6.9,False,True,0,0.0,,20.0,19,6.0,4.0,0,0,0,0,,1.0,,,,2.0,,,,,3.0,,,
1377870,AC Milan,489,30394,Pietro Terracciano,https://media.api-sports.io/football/players/30394.png,,1,G,,False,True,0,,,,,,,0,0,0,0,,,,,,,,,,,,,,
1377870,AC Milan,489,484293,Matteo Pittarella,https://media.api-sports.io/football/players/484293.png,,37,G,,False,True,0,,,,,,,0,0,0,0,,,,,,,,,,,,,,
1377870,AC Milan,489,162141,Koni De Winter,https://media.api-sports.io/football/players/162141.png,,5,D,,False,True,0,,,,,,,0,0,0,0,,,,,,,,,,,,,,
1377870,AC Milan,489,374359,Davide Bartesaghi,https://media.api-sports.io/football/players/374359.png,,33,D,,False,True,0,,,,,,,0,0,0,0,,,,,,,,,,,,,,
1377870,AC Milan,489,396380,Zachary Athekame,https://media.api-sports.io/football/players/396380.png,,24,D,,False,True,0,,,,,,,0,0,0,0,,,,,,,,,,,,,,
1377870,AC Milan,489,31056,Samuele Ricci,https://media.api-sports.io/football/players/31056.png,,4,M,,False,True,0,,,,,,,0,0,0,0,,,,,,,,,,,,,,
1377870,AC Milan,489,162106,Yunus Musah,https://media.api-sports.io/football/players/162106.png,,80,M,,False,True,0,,,,,,,0,0,0,0,,,,,,,,,,,,,,
1377870,Cremonese,520,30441,Emil Audero,https://media.api-sports.io/football/players/30441.png,90.0,1,G,6.9,False,False,1,0.0,4.0,38.0,23,1.0,1.0,0,0,0,0,0.0,,,,,,,,,,,,,
1377870,Cremonese,520,264472,Filippo Terracciano,https://media.api-sports.io/football/players/264472.png,90.0,24,D,7,False,False,0,0.0,,50.0,44,5.0,4.0,1,0,0,0,,3.0,3.0,,,1.0,,,,2.0,1.0,,,
1377870,Cremonese,520,127035,Federico Baschirotto,https://media.api-sports.io/football/players/127035.png,90.0,6,D,8.6,False,False,0,0.0,,41.0,39,1.0,1.0,0,0,0,0,,,,,,,,1.0,1.0,3.0,,,1.0,
1377870,Cremonese,520,30919,Matteo Bianchetti,https://media.api-sports.io/football/players/30919.png,83.0,15,D,6.7,True,False,0,0.0,,41.0,35,5.0,4.0,0,0,0,0,,3.0,3.0,,,,1.0,,,,,,,
1377870,Cremonese,520,31219,Alessio Zerbin,https://media.api-sports.io/football/players/31219.png,90.0,7,M,7.2,False,False,0,1.0,,31.0,25,17.0,8.0,0,0,0,0,,6.0,,3.0,1.0,2.0,3.0,,,,1.0,1.0,,
1377870,Cremonese,520,126889,Michele Collocolo,https://media.api-sports.io/football/players/126889.png,90.0,18,M,6.3,False,False,0,0.0,,27.0,25,5.0,2.0,0,0,0,0,,,,1.0,1.0,,1.0,,,1.0,,1.0,,
1377870,Cremonese,520,31021,Alberto Grassi,https://media.api-sports.io/football/players/31021.png,56.0,33,M,6.3,False,False,0,0.0,,22.0,19,3.0,2.0,1,0,0,0,,2.0,,,,1.0,,,,,,,,
1377870,Cremonese,520,31211,Jari Vandeputte,https://media.api-sports.io/football/players/31211.png,56.0,27,M,6.3,False,False,0,0.0,,11.0,8,3.0,1.0,0,0,0,0,,1.0,,,,,1.0,,,,,1.0,,
1377870,Cremonese,520,30775,Giuseppe Pezzella,https://media.api-sports.io/football/players/30775.png,90.0,3,M,7.5,False,False,0,1.0,,15.0,11,5.0,,0,0,0,0,,,,1.0,,2.0,2.0,1.0,,3.0,,1.0,,
1377870,Cremonese,520,30848,David Okereke,https://media.api-sports.io/football/players/30848.png,65.0,77,F,6.2,False,False,0,0.0,,5.0,2,11.0,2.0,0,0,0,0,,,,1.0,,,1.0,,,1.0,,,,1.0
1377870,Cremonese,520,31436,Federico Bonazzoli,https://media.api-sports.io/football/players/31436.png,84.0,90,F,7.9,False,False,0,0.0,,31.0,25,8.0,4.0,0,0,0,0,,1.0,,,,2.0,1.0,2.0,2.0,,3.0,,1.0,
1377870,Cremonese,520,266813,Warren Bondo,https://media.api-sports.io/football/players/266813.png,34.0,38,M,7,False,True,0,0.0,,15.0,12,8.0,6.0,1,0,0,0,,1.0,,3.0,3.0,1.0,1.0,,,,1.0,,,
1377870,Cremonese,520,6383,Martín Payero,https://media.api-sports.io/football/players/6383.png,34.0,32,M,6.7,False,True,0,0.0,,6.0,6,3.0,1.0,1,0,0,0,,,,,,2.0,,,,,1.0,,,
1377870,Cremonese,520,2522,Antonio Sanabria,https://media.api-sports.io/football/players/2522.png,26.0,99,F,6.2,False,True,0,0.0,,3.0,2,4.0,1.0,0,0,0,0,,,,,,2.0,,,,,1.0,,,
1377870,Cremonese,520,30397,Federico Ceccherini,https://media.api-sports.io/football/players/30397.png,12.0,23,D,6.9,False,True,0,0.0,,3.0,2,1.0,1.0,0,0,0,0,,,,,,,,,,,,,,
1377870,Cremonese,520,31853,Manuel De Luca,https://media.api-sports.io/football/players/31853.png,11.0,9,F,6.5,False,True,0,0.0,,1.0,,7.0,2.0,0,0,0,0,,,,,,1.0,1.0,,,,1.0,,,
1377870,Cremonese,520,342995,Lapo Nava,https://media.api-sports.io/football/players/342995.png,,69,G,,False,True,0,,,,,,,0,0,0,0,,,,,,,,,,,,,,
1377870,Cremonese,520,30915,Marco Silvestri,https://media.api-sports.io/football/players/30915.png,,16,G,,False,True,0,,,,,,,0,0,0,0,,,,,,,,,,,,,,
1377870,Cremonese,520,385788,Francesco Folino,https://media.api-sports.io/football/players/385788.png,,55,D,,False,True,0,,,,,,,0,0,0,0,,,,,,,,,,,,,,
1377870,Cremonese,520,30530,Leonardo Sernicola,https://media.api-sports.io/football/players/30530.png,,17,D,,False,True,0,,,,,,,0,0,0,0,,,,,,,,,,,,,,
1377870,Cremonese,520,361412,Dachi Lordkipanidze,https://media.api-sports.io/football/players/361412.png,,48,M,,False,True,0,,,,,,,0,0,0,0,,,,,,,,,,,,,,
1377870,Cremonese,520,342651,Romano Floriani Mussolini,https://media.api-sports.io/football/players/342651.png,,22,D,,False,True,0,,,,,,,0,0,0,0,,,,,,,,,,,,,,
1377870,Cremonese,520,31614,Michele Castagnetti,https://media.api-sports.io/football/players/31614.png,,19,M,,False,True,0,,,,,,,0,0,0,0,,,,,,,,,,,,,,
1377871,AS Roma,497,556,Mile Svilar,https://media.api-sports.io/football/players/556.png,90.0,99,G,7.2,False,False,0,0.0,2.0,33.0,21,,,0,0,0,0,0.0,,,,,,,,,,,,,
1377871,AS Roma,497,2669,Mario Hermoso,https://media.api-sports.io/football/players/2669.png,90.0,22,D,6.9,False,False,0,0.0,,39.0,36,6.0,2.0,0,0,0,0,,,2.0,1.0,1.0,2.0,,,,,,,,
1377871,AS Roma,497,30425,Gianluca Mancini,https://media.api-sports.io/football/players/30425.png,90.0,23,D,7.2,False,False,0,0.0,,47.0,42,9.0,7.0,1,0,0,0,,5.0,,,,1.0,1.0,,,,,,,
1377871,AS Roma,497,1807,Evan Ndicka,https://media.api-sports.io/football/players/1807.png,90.0,5,D,7.2,False,False,0,0.0,,50.0,44,7.0,4.0,0,0,0,0,,,,,,,,,,1.0,1.0,,,
1377871,AS Roma,497,349001,Wesley,https://media.api-sports.io/football/players/349001.png,90.0,43,M,7.3,False,False,0,0.0,,38.0,29,10.0,3.0,0,0,0,0,,,1.0,2.0,1.0,4.0,1.0,3.0,1.0,,1.0,1.0,1.0,
1377871,AS Roma,497,778,Bryan Cristante,https://media.api-sports.io/football/players/778.png,90.0,4,M,7.2,False,False,0,0.0,,44.0,36,8.0,3.0,0,0,0,0,,3.0,3.0,1.0,,,,1.0,,,,,,
1377871,AS Roma,497,22147,Manu Koné,https://media.api-sports.io/football/players/22147.png,90.0,17,M,7,False,False,0,0.0,,37.0,32,11.0,7.0,0,0,0,0,,2.0,,2.0,2.0,2.0,1.0,1.0,,,3.0,1.0,,
1377871,AS Roma,497,227,Angeliño,https://media.api-sports.io/football/players/227.png,83.0,3,M,6.9,False,False,0,0.0,,32.0,21,5.0,2.0,0,0,0,0,,1.0,,,,,,,,,1.0,1.0,,
1377871,AS Roma,497,323936,Matías Soulé,https://media.api-sports.io/football/players/323936.png,74.0,18,F,6.6,False,False,0,0.0,,32.0,27,7.0,2.0,0,0,0,0,,,1.0,2.0,,1.0,,2.0,,,2.0,4.0,,
1377871,AS Roma,497,791,Stephan El Shaarawy,https://media.api-sports.io/football/players/791.png,60.0,92,F,6.2,True,False,0,0.0,,22.0,18,5.0,,0,0,0,0,,,1.0,,,3.0,1.0,2.0,,,,,,
1377871,AS Roma,497,129643,Evan Ferguson,https://media.api-sports.io/football/players/129643.png,74.0,11,F,6.9,False,False,0,0.0,,13.0,11,10.0,5.0,0,0,0,0,,1.0,,1.0,1.0,2.0,1.0,3.0,2.0,,2.0,2.0,,
1377871,AS Roma,497,277003,Neil El Aynaoui,https://media.api-sports.io/football/players/277003.png,30.0,8,M,6.6,False,True,0,0.0,,10.0,8,1.0,1.0,0,0,0,0,,,1.0,,,,,,,,1.0,1.0,,
1377871,AS Roma,497,875,Paulo Dybala,https://media.api-sports.io/football/players/875.png,17.0,21,F,6.3,False,True,0,0.0,,5.0,5,4.0,,0,0,0,0,,,,3.0,,,,1.0,1.0,,,,,
1377871,AS Roma,497,15811,Artem Dovbyk,https://media.api-sports.io/football/players/15811.png,17.0,9,F,6.9,False,True,0,0.0,,8.0,5,4.0,4.0,0,0,0,0,,,,,,,,,,,1.0,,,1.0
1377871,AS Roma,497,162452,Devyne Rensch,https://media.api-sports.io/football/players/162452.png,8.0,2,D,6.9,False,True,0,0.0,,4.0,3,4.0,3.0,0,0,0,0,,1.0,,,,,,,,,1.0,,,
1377871,AS Roma,497,81012,Devis Vásquez,https://media.api-sports.io/football/players/81012.png,,32,G,,False,True,0,,,,,,,0,0,0,0,,,,,,,,,,,,,,
1377871,AS Roma,497,452423,Radosław Żelezny,https://media.api-sports.io/football/players/452423.png,,91,G,,False,True,0,,,,,,,0,0,0,0,,,,,,,,,,,,,,
1377871,AS Roma,497,342019,Daniele Ghilardi,https://media.api-sports.io/football/players/342019.png,,87,D,,False,True,0,,,,,,,0,0,0,0,,,,,,,,,,,,,,
1377871,AS Roma,497,288769,Tommaso Baldanzi,https://media.api-sports.io/football/players/288769.png,,35,M,,False,True,0,,,,,,,0,0,0,0,,,,,,,,,,,,,,
1377871,AS Roma,497,356888,Niccolò Pisilli,https://media.api-sports.io/football/players/356888.png,,61,M,,False,True,0,,,,,,,0,0,0,0,,,,,,,,,,,,,,
1377871,Bologna,500,2998,Łukasz Skorupski,https://media.api-sports.io/football/players/2998.png,90.0,1,G,7,False,False,1,0.0,3.0,66.0,51,,,0,0,0,0,0.0,,,,,,,,,,,,,
1377871,Bologna,500,30498,Lorenzo De Silvestri,https://media.api-sports.io/football/players/30498.png,72.0,29,D,6.7,True,False,0,0.0,,23.0,18,1.0,1.0,0,0,0,0,,,,,,,,,,,1.0,3.0,,
1377871,Bologna,500,31099,Nicolò Casale,https://media.api-sports.io/football/players/31099.png,45.0,16,D,6.6,False,False,0,0.0,,23.0,16,4.0,2.0,0,0,0,0,,,1.0,,,,1.0,,,,1.0,,,
1377871,Bologna,500,1929,Jhon Lucumí,https://media.api-sports.io/football/players/1929.png,90.0,26,D,6.2,False,False,0,0.0,,62.0,56,4.0,2.0,0,0,0,0,,1.0,1.0,,,2.0,,,,,,,,
1377871,Bologna,500,30553,Charalampos Lykogiannis,https://media.api-sports.io/football/players/30553.png,90.0,22,D,7,False,False,0,0.0,,44.0,35,6.0,6.0,0,0,0,0,,3.0,,2.0,2.0,,,,,,,1.0,,
1377871,Bologna,500,2807,Remo Freuler,https://media.api-sports.io/football/players/2807.png,80.0,8,M,6.6,False,False,0,0.0,,45.0,37,8.0,5.0,1,0,0,0,,4.0,,,,1.0,,,,,1.0,,,
1377871,Bologna,500,31273,Tommaso Pobega,https://media.api-sports.io/football/players/31273.png,90.0,4,M,6.6,False,False,0,0.0,,26.0,21,6.0,3.0,0,0,0,0,,,1.0,1.0,1.0,,2.0,1.0,,1.0,1.0,,,
1377871,Bologna,500,30488,Riccardo Orsolini,https://media.api-sports.io/football/players/30488.png,90.0,7,M,6.3,False,False,0,0.0,,21.0,11,17.0,9.0,0,0,0,0,,3.0,,5.0,2.0,2.0,,3.0,1.0,,1.0,1.0,,
1377871,Bologna,500,30542,Jens Odgaard,https://media.api-sports.io/football/players/30542.png,72.0,21,M,6.3,False,False,0,0.0,,12.0,8,7.0,3.0,0,0,0,0,,,1.0,2.0,,,,1.0,1.0,,1.0,,,
1377871,Bologna,500,30438,Nicolò Cambiaghi,https://media.api-sports.io/football/players/30438.png,90.0,28,M,7,False,False,0,0.0,,14.0,11,15.0,10.0,0,0,0,0,,2.0,,,,2.0,2.0,,,,7.0,2.0,,
1377871,Bologna,500,1863,Ciro Immobile,https://media.api-sports.io/football/players/1863.png,30.0,17,F,6.2,False,False,0,0.0,,9.0,4,4.0,1.0,0,0,0,0,,,,,,,,,,,,,,1.0
1377871,Bologna,500,311067,Santiago Castro,https://media.api-sports.io/football/players/311067.png,61.0,9,F,6.3,False,True,0,0.0,,6.0,4,5.0,1.0,0,0,0,0,,,,,,,,4.0,,,,,,
1377871,Bologna,500,287564,Martin Vitík,https://media.api-sports.io/football/players/287564.png,45.0,41,D,6.3,False,True,0,0.0,,17.0,13,6.0,1.0,0,0,0,0,,,,,,2.0,,,,,,,,
1377871,Bologna,500,128461,Nadir Zortea,https://media.api-sports.io/football/players/128461.png,19.0,20,D,6.7,False,True,0,0.0,,9.0,8,2.0,,0,0,0,0,,,1.0,,,2.0,,,,,,,,
1377871,Bologna,500,322630,Giovanni Fabbian,https://media.api-sports.io/football/players/322630.png,19.0,80,M,6.6,False,True,0,0.0,,7.0,4,6.0,4.0,0,0,0,0,,1.0,,,,2.0,,,,,2.0,,,
1377871,Bologna,500,873,Federico Bernardeschi,https://media.api-sports.io/football/players/873.png,11.0,10,F,6.7,False,True,0,0.0,,4.0,4,,,0,0,0,0,,,,,,,,,,,,2.0,,
1377871,Bologna,500,446089,Massimo Pessina,https://media.api-sports.io/football/players/446089.png,,25,G,,False,True,0,,,,,,,0,0,0,0,,,,,,,,,,,,,,
1377871,Bologna,500,31098,Federico Ravaglia,https://media.api-sports.io/football/players/31098.png,,13,G,,False,True,0,,,,,,,0,0,0,0,,,,,,,,,,,,,,
1377871,Bologna,500,711,Stefan Posch,https://media.api-sports.io/football/players/711.png,,3,D,,False,True,0,,,,,,,0,0,0,0,,,,,,,,,,,,,,
1377871,Bologna,500,39254,Torbjørn Heggem,https://media.api-sports.io/football/players/39254.png,,14,D,,False,True,0,,,,,,,0,0,0,0,,,,,,,,,,,,,,
1377871,Bologna,500,1322,Nikola Moro,https://media.api-sports.io/football/players/1322.png,,6,M,,False,True,0,,,,,,,0,0,0,0,,,,,,,,,,,,,,
1377871,Bologna,500,44814,Lewis Ferguson,https://media.api-sports.io/football/players/44814.png,,19,M,,False,True,0,,,,,,,0,0,0,0,,,,,,,,,,,,,,
1377871,Bologna,500,347265,Benjamín Domínguez,https://media.api-sports.io/football/players/347265.png,,30,F,,False,True,0,,,,,,,0,0,0,0,,,,,,,,,,,,,,
1377871,Bologna,500,341974,Tommaso Corazza,https://media.api-sports.io/football/players/341974.png,,32,D,,False,True,0,,,,,,,0,0,0,0,,,,,,,,,,,,,,
1377871,Bologna,500,48079,Jesper Karlsson,https://media.api-sports.io/football/players/48079.png,,23,F,,False,True,0,,,,,,,0,0,0,0,,,,,,,,,,,,,,
1377871,Bologna,500,93016,Thijs Dallinga,https://media.api-sports.io/football/players/93016.png,,24,F,,False,True,0,,,,,,,0,0,0,0,,,,,,,,,,,,,,
1377865,Cagliari,490,30731,Elia Caprile,https://media.api-sports.io/football/players/30731.png,90.0,1,G,6.7,False,False,1,0.0,,23.0,19,,,0,0,0,0,0.0,,,,,,,,,,,,,
1377865,Cagliari,490,200,Gabriele Zappa,https://media.api-sports.io/football/players/200.png,90.0,28,D,6.6,False,False,0,0.0,,45.0,37,4.0,3.0,0,0,0,0,,1.0,,,,,,1.0,,,,,,
1377865,Cagliari,490,2484,Yerry Mina,https://media.api-sports.io/football/players/2484.png,90.0,26,D,7.7,False,False,0,0.0,,53.0,48,11.0,7.0,0,0,0,0,,2.0,1.0,,,2.0,,1.0,,1.0,2.0,1.0,,
1377865,Cagliari,490,319,Sebastiano Luperto,https://media.api-sports.io/football/players/319.png,90.0,6,D,7.6,False,False,0,0.0,,35.0,31,3.0,2.0,0,0,0,0,,1.0,,,,1.0,,1.0,1.0,,,,1.0,
1377865,Cagliari,490,321744,Adam Obert,https://media.api-sports.io/football/players/321744.png,75.0,33,D,6.9,False,False,0,0.0,,27.0,21,7.0,3.0,1,0,0,0,,3.0,,1.0,,3.0,,,,,,1.0,,
1377865,Cagliari,490,30505,Michel Ndary Adopo,https://media.api-sports.io/football/players/30505.png,90.0,8,M,6.9,False,False,0,0.0,,36.0,33,6.0,2.0,0,0,0,0,,1.0,,2.0,1.0,1.0,,,,,,3.0,,
1377865,Cagliari,490,309388,Matteo Prati,https://media.api-sports.io/football/players/309388.png,61.0,16,M,6.7,False,False,0,0.0,,27.0,22,3.0,1.0,0,0,0,0,,,1.0,,,2.0,,,,,1.0,,,
1377865,Cagliari,490,30561,Alessandro Deiola,https://media.api-sports.io/football/players/30561.png,74.0,14,M,6.3,True,False,0,0.0,,28.0,18,7.0,2.0,0,0,0,0,,2.0,,1.0,,1.0,2.0,,,,,1.0,,
1377865,Cagliari,490,215,Sebastiano Esposito,https://media.api-sports.io/football/players/215.png,61.0,94,M,6.6,False,False,0,0.0,,16.0,15,11.0,3.0,0,0,0,0,,,,2.0,,2.0,2.0,2.0,,,3.0,2.0,,
1377865,Cagliari,490,31499,Gennaro Borrelli,https://media.api-sports.io/football/players/31499.png,81.0,29,F,6.3,False,False,0,0.0,,9.0,7,21.0,11.0,1,0,0,0,,2.0,,2.0,2.0,4.0,,2.0,1.0,,5.0,,,1.0
1377865,Cagliari,490,56851,Michael Folorunsho,https://media.api-sports.io/football/players/56851.png,90.0,90,F,6.2,False,False,0,0.0,,19.0,12,6.0,1.0,0,0,0,0,,,,3.0,1.0,,,2.0,1.0,,,,,
1377865,Cagliari,490,30780,Luca Mazzitelli,https://media.api-sports.io/football/players/30780.png,30.0,4,M,6.6,False,True,0,0.0,,11.0,10,2.0,,1,0,0,0,,,,,,1.0,1.0,,,,,1.0,,
1377865,Cagliari,490,140831,Zito Luvumbo,https://media.api-sports.io/football/players/140831.png,30.0,77,F,6.3,False,True,0,0.0,,6.0,5,6.0,3.0,0,0,0,0,,,1.0,1.0,1.0,,1.0,3.0,2.0,,2.0,,,
1377865,Cagliari,490,325,Gianluca Gaetano,https://media.api-sports.io/football/players/325.png,17.0,10,M,7.2,False,True,0,1.0,,11.0,9,2.0,1.0,0,0,0,0,,,,,,,1.0,1.0,1.0,,1.0,2.0,,
1377865,Cagliari,490,383026,Riyad Idrissi,https://media.api-sports.io/football/players/383026.png,16.0,3,D,6.7,False,True,0,0.0,,8.0,5,1.0,,0,0,0,0,,,,1.0,,,,,,,,,,
1377865,Cagliari,490,336567,Semih Kılıçsoy,https://media.api-sports.io/football/players/336567.png,10.0,9,F,6.3,False,True,0,0.0,,2.0,1,3.0,,1,0,0,0,,,,,,1.0,,,,,,1.0,,
1377865,Cagliari,490,135863,Giuseppe Ciocci,https://media.api-sports.io/football/players/135863.png,,24,G,,False,True,0,,,,,,,0,0,0,0,,,,,,,,,,,,,,
1377865,Cagliari,490,342311,Velizar-Iliya Iliev,https://media.api-sports.io/football/players/342311.png,,12,G,,False,True,0,,,,,,,0,0,0,0,,,,,,,,,,,,,,
1377865,Cagliari,490,329550,Nicolò Cavuoti,https://media.api-sports.io/football/players/329550.png,,21,M,,False,True,0,,,,,,,0,0,0,0,,,,,,,,,,,,,,
1377865,Cagliari,490,31734,Mattia Felici,https://media.api-sports.io/football/players/31734.png,,17,F,,False,True,0,,,,,,,0,0,0,0,,,,,,,,,,,,,,
1377865,Cagliari,490,56287,Alessandro Di Pardo,https://media.api-sports.io/football/players/56287.png,,19,D,,False,True,0,,,,,,,0,0,0,0,,,,,,,,,,,,,,
1377865,Cagliari,490,341987,Alessandro Vinciguerra,https://media.api-sports.io/football/players/341987.png,,22,F,,False,True,0,,,,,,,0,0,0,0,,,,,,,,,,,,,,
1377865,Fiorentina,502,882,David De Gea,https://media.api-sports.io/football/players/882.png,90.0,43,G,6.2,False,False,1,0.0,4.0,32.0,24,,,0,0,0,0,0.0,,,,,,,,,,,,,
1377865,Fiorentina,502,396637,Pietro Comuzzo,https://media.api-sports.io/football/players/396637.png,62.0,15,D,6.9,False,False,0,0.0,,24.0,20,2.0,2.0,0,0,0,0,,1.0,1.0,,,,,,,,,,,
1377865,Fiorentina,502,1084,Marin Pongračić,https://media.api-sports.io/football/players/1084.png,90.0,5,D,6.9,False,False,0,0.0,,66.0,61,11.0,7.0,1,0,0,0,,3.0,2.0,1.0,1.0,4.0,,,,,2.0,,,
1377865,Fiorentina,502,31642,Luca Ranieri,https://media.api-sports.io/football/players/31642.png,45.0,6,D,7.2,True,False,0,0.0,,39.0,35,7.0,5.0,0,0,0,0,,1.0,,2.0,1.0,1.0,,,,,1.0,,,
1377865,Fiorentina,502,41144,Dodô,https://media.api-sports.io/football/players/41144.png,90.0,2,M,6.6,False,False,0,0.0,,24.0,16,7.0,4.0,0,0,0,0,,,,4.0,2.0,,1.0,,,,2.0,,,
1377865,Fiorentina,502,1014,Simon Sohm,https://media.api-sports.io/football/players/1014.png,90.0,7,M,7.2,False,False,0,0.0,,38.0,30,9.0,6.0,0,0,0,0,,2.0,,,,1.0,,,,,3.0,1.0,,
1377865,Fiorentina,502,876,Nicolò Fagioli,https://media.api-sports.io/football/players/876.png,90.0,44,M,7.5,False,False,0,0.0,,71.0,63,6.0,4.0,0,0,0,0,,2.0,1.0,1.0,1.0,,1.0,1.0,,,1.0,,,
1377865,Fiorentina,502,30422,Robin Gosens,https://media.api-sports.io/football/players/30422.png,77.0,21,M,7.3,False,False,0,0.0,,30.0,23,5.0,3.0,0,0,0,0,,,,,,,1.0,,,1.0,,,,1.0
1377865,Fiorentina,502,2799,Albert Guðmundsson,https://media.api-sports.io/football/players/2799.png,72.0,10,F,6.3,False,False,0,1.0,,19.0,18,6.0,1.0,0,0,0,0,,,,,,3.0,1.0,,,,1.0,1.0,,1.0
1377865,Fiorentina,502,311083,Cher Ndour,https://media.api-sports.io/football/players/311083.png,45.0,27,F,6.2,False,False,0,0.0,,25.0,18,6.0,3.0,0,0,0,0,,1.0,,1.0,,1.0,,,,,2.0,,,
1377865,Fiorentina,502,877,Moise Kean,https://media.api-sports.io/football/players/877.png,90.0,20,F,6.2,False,False,0,0.0,,3.0,3,6.0,3.0,0,0,0,0,,,,2.0,1.0,,,1.0,,,2.0,,,2.0
1377865,Fiorentina,502,180510,Mattia Viti,https://media.api-sports.io/football/players/180510.png,45.0,26,D,6.3,False,True,0,0.0,,29.0,25,8.0,5.0,0,0,0,0,,5.0,,,,1.0,1.0,,,,,,,
1377865,Fiorentina,502,30810,Rolando Mandragora,https://media.api-sports.io/football/players/30810.png,45.0,8,M,7.6,False,True,0,0.0,,19.0,14,11.0,7.0,0,0,0,0,,2.0,,1.0,,1.0,,1.0,1.0,1.0,3.0,1.0,1.0,
1377865,Fiorentina,502,46792,Pablo Marí,https://media.api-sports.io/football/players/46792.png,29.0,18,D,5.9,False,True,0,0.0,,10.0,6,4.0,1.0,1,0,0,0,,,,,,2.0,,,,,,,,
1377865,Fiorentina,502,340700,Jacopo Fazzini,https://media.api-sports.io/football/players/340700.png,19.0,22,M,6.7,False,True,0,0.0,,5.0,5,3.0,2.0,0,0,0,0,,1.0,,,,,,,,,1.0,,,
1377865,Fiorentina,502,136087,Fabiano Parisi,https://media.api-sports.io/football/players/136087.png,14.0,65,D,6.2,False,True,0,0.0,,5.0,4,2.0,1.0,0,0,0,0,,,2.0,1.0,1.0,,,,,,,,,
1377865,Fiorentina,502,383267,Tommaso Martinelli,https://media.api-sports.io/football/players/383267.png,,30,G,,False,True,0,,,,,,,0,0,0,0,,,,,,,,,,,,,,
1377865,Fiorentina,502,31352,Luca Lezzerini,https://media.api-sports.io/football/players/31352.png,,1,G,,False,True,0,,,,,,,0,0,0,0,,,,,,,,,,,,,,
1377865,Fiorentina,502,441290,Eman Kospo,https://media.api-sports.io/football/players/441290.png,,23,D,,False,True,0,,,,,,,0,0,0,0,,,,,,,,,,,,,,
1377865,Fiorentina,502,448977,Eddy Kouadio,https://media.api-sports.io/football/players/448977.png,,60,D,,False,True,0,,,,,,,0,0,0,0,,,,,,,,,,,,,,
1377865,Fiorentina,502,19053,Abdelhamid Sabiri,https://media.api-sports.io/football/players/19053.png,,11,M,,False,True,0,,,,,,,0,0,0,0,,,,,,,,,,,,,,
1377865,Fiorentina,502,314231,Amir Richardson,https://media.api-sports.io/football/players/314231.png,,24,M,,False,True,0,,,,,,,0,0,0,0,,,,,,,,,,,,,,
1377865,Fiorentina,502,437093,Niccolò Fortini,https://media.api-sports.io/football/players/437093.png,,29,D,,False,True,0,,,,,,,0,0,0,0,,,,,,,,,,,,,,
1377865,Fiorentina,502,437094,Riccardo Braschi,https://media.api-sports.io/football/players/437094.png,,61,F,,False,True,0,,,,,,,0,0,0,0,,,,,,,,,,,,,,
1377865,Fiorentina,502,790,Edin Džeko,https://media.api-sports.io/football/players/790.png,,9,F,,False,True,0,,,,,,,0,0,0,0,,,,,,,,,,,,,,
1377866,Como,895,8574,Jean Butez,https://media.api-sports.io/football/players/8574.png,90.0,1,G,7.2,False,False,0,0.0,1.0,37.0,35,,,0,0,0,0,0.0,,,,,,,,,,,,,
1377866,Como,895,129119,Ignace Van der Brempt,https://media.api-sports.io/football/players/129119.png,70.0,77,D,6.9,False,False,0,0.0,,25.0,19,11.0,6.0,1,0,0,0,,4.0,1.0,,,4.0,1.0,,,,1.0,,,
1377866,Como,895,386305,Jacobo Ramón,https://media.api-sports.io/football/players/386305.png,90.0,14,D,7.7,False,False,0,0.0,,74.0,69,10.0,9.0,0,0,0,0,,4.0,2.0,2.0,2.0,,,2.0,,,,1.0,,
1377866,Como,895,26301,Marc-Oliver Kempf,https://media.api-sports.io/football/players/26301.png,90.0,2,D,6.3,False,False,0,0.0,,73.0,69,6.0,1.0,0,0,0,0,,,,1.0,,1.0,,1.0,,,,,,
1377866,Como,895,336560,Álex Valle,https://media.api-sports.io/football/players/336560.png,90.0,3,D,7,False,False,0,0.0,,51.0,45,10.0,5.0,0,0,0,0,,4.0,1.0,3.0,1.0,3.0,,,,1.0,,,,
1377866,Como,895,288699,Máximo Perrone,https://media.api-sports.io/football/players/288699.png,78.0,23,M,7.3,False,False,0,0.0,,60.0,58,6.0,4.0,0,0,0,0,,4.0,1.0,,,,1.0,1.0,,,,1.0,,
1377866,Como,895,162266,Lucas Da Cunha,https://media.api-sports.io/football/players/162266.png,90.0,33,M,7.7,True,False,0,0.0,,61.0,57,6.0,2.0,0,0,0,0,,1.0,,2.0,,,,2.0,1.0,,1.0,1.0,,
1377866,Como,895,8586,Mërgim Vojvoda,https://media.api-sports.io/football/players/8586.png,90.0,31,M,6.9,False,False,0,0.0,,41.0,35,9.0,4.0,0,0,0,0,,1.0,1.0,3.0,2.0,3.0,1.0,4.0,2.0,,1.0,4.0,,
1377866,Como,895,350037,Nico Paz,https://media.api-sports.io/football/players/350037.png,79.0,10,M,8.6,False,False,0,1.0,,39.0,32,13.0,6.0,1,0,0,0,,2.0,1.0,5.0,3.0,2.0,1.0,4.0,2.0,,1.0,3.0,1.0,
1377866,Como,895,443162,Jesús Rodriguez,https://media.api-sports.io/football/players/443162.png,89.0,17,M,7,False,False,0,0.0,,27.0,24,18.0,8.0,0,0,0,0,,,1.0,9.0,3.0,,,1.0,,,3.0,2.0,,
1377866,Como,895,26845,Anastasios Douvikas,https://media.api-sports.io/football/players/26845.png,70.0,11,F,7.9,False,False,0,0.0,,16.0,13,4.0,2.0,0,0,0,0,,,1.0,1.0,1.0,1.0,,1.0,1.0,,1.0,2.0,1.0,
1377866,Como,895,14266,Ivan Smolčić,https://media.api-sports.io/football/players/14266.png,21.0,28,D,6.9,False,True,0,0.0,,9.0,7,3.0,3.0,0,0,0,0,,3.0,1.0,,,,,,,,,,,
1377866,Como,895,59,Álvaro Morata,https://media.api-sports.io/football/players/59.png,21.0,7,F,7,False,True,0,0.0,,4.0,4,6.0,5.0,0,0,0,0,,2.0,,,,,,1.0,,,3.0,,,
1377866,Como,895,659,Maxence Caqueret,https://media.api-sports.io/football/players/659.png,13.0,6,M,6.7,False,True,0,0.0,,7.0,6,4.0,2.0,0,0,0,0,,,,1.0,1.0,,1.0,1.0,,,1.0,1.0,,
1377866,Como,895,137,Sergi Roberto,https://media.api-sports.io/football/players/137.png,12.0,8,M,6.6,False,True,0,0.0,,13.0,11,3.0,2.0,0,0,0,0,,,,1.0,1.0,1.0,,,,,,,,
1377866,Como,895,38753,Nicolas-Gerrit Kühn,https://media.api-sports.io/football/players/38753.png,1.0,19,F,,False,True,0,0.0,,,,,,0,0,0,0,,,,,,,,,,,,,,
1377866,Como,895,463951,Henrique Menke,https://media.api-sports.io/football/players/463951.png,,12,G,,False,True,0,,,,,,,0,0,0,0,,,,,,,,,,,,,,
1377866,Como,895,31719,Mauro Vigorito,https://media.api-sports.io/football/players/31719.png,,22,G,,False,True,0,,,,,,,0,0,0,0,,,,,,,,,,,,,,
1377866,Como,895,288,Alberto Moreno,https://media.api-sports.io/football/players/288.png,,18,D,,False,True,0,,,,,,,0,0,0,0,,,,,,,,,,,,,,
1377866,Como,895,31073,Edoardo Goldaniga,https://media.api-sports.io/football/players/31073.png,,5,D,,False,True,0,,,,,,,0,0,0,0,,,,,,,,,,,,,,
1377866,Como,895,469318,Fellipe Jack,https://media.api-sports.io/football/players/469318.png,,15,D,,False,True,0,,,,,,,0,0,0,0,,,,,,,,,,,,,,
1377866,Como,895,295026,Martin Baturina,https://media.api-sports.io/football/players/295026.png,,20,M,,False,True,0,,,,,,,0,0,0,0,,,,,,,,,,,,,,
1377866,Como,895,106257,Alessandro Gabrielloni,https://media.api-sports.io/football/players/106257.png,,9,F,,False,True,0,,,,,,,0,0,0,0,,,,,,,,,,,,,,
1377866,Como,895,161590,Ivan Azón,https://media.api-sports.io/football/players/161590.png,,90,F,,False,True,0,,,,,,,0,0,0,0,,,,,,,,,,,,,,
1377866,Como,895,1649,Patrick Cutrone,https://media.api-sports.io/football/players/1649.png,,63,F,,False,True,0,,,,,,,0,0,0,0,,,,,,,,,,,,,,
1377866,Lazio,487,31037,Ivan Provedel,https://media.api-sports.io/football/players/31037.png,90.0,94,G,6.7,False,False,2,0.0,4.0,33.0,26,,,0,0,0,0,0.0,,,,,,,,,,,,,
1377866,Lazio,487,30866,Manuel Lazzari,https://media.api-sports.io/football/players/30866.png,61.0,29,D,6.6,False,False,0,0.0,,13.0,11,4.0,2.0,0,0,0,0,,2.0,2.0,,,,,,,,,,,
1377866,Lazio,487,162952,Mario Gila Fuentes,https://media.api-sports.io/football/players/162952.png,90.0,34,D,6.2,False,False,0,0.0,,39.0,33,9.0,5.0,0,0,0,0,,4.0,,,,1.0,1.0,1.0,,,,,,
1377866,Lazio,487,350857,Oliver Provstgaard,https://media.api-sports.io/football/players/350857.png,90.0,25,D,6.6,False,False,0,0.0,,56.0,52,4.0,2.0,0,0,0,0,,,2.0,,,1.0,,,,1.0,,,,
1377866,Lazio,487,41577,Nuno Tavares,https://media.api-sports.io/football/players/41577.png,66.0,17,D,6.6,False,False,0,0.0,,33.0,25,11.0,6.0,0,0,0,0,,2.0,1.0,4.0,2.0,1.0,1.0,1.0,,,2.0,1.0,,
1377866,Lazio,487,1454,Mattéo Guendouzi,https://media.api-sports.io/football/players/1454.png,90.0,8,M,6.2,False,False,0,0.0,,26.0,22,9.0,2.0,1,0,0,0,,1.0,,1.0,,2.0,2.0,1.0,1.0,,1.0,,,
1377866,Lazio,487,1852,Danilo Cataldi,https://media.api-sports.io/football/players/1852.png,66.0,32,M,6.3,False,False,0,0.0,,19.0,18,16.0,7.0,0,0,0,0,,3.0,1.0,4.0,2.0,2.0,4.0,,,,2.0,,,
1377866,Lazio,487,144740,Fisayo Dele-Bashiru,https://media.api-sports.io/football/players/144740.png,75.0,7,M,6.6,False,False,0,0.0,,14.0,13,8.0,5.0,0,0,0,0,,5.0,1.0,1.0,,,,,,,,,,
1377866,Lazio,487,286474,Matteo Cancellieri,https://media.api-sports.io/football/players/286474.png,61.0,22,F,6.9,False,False,0,0.0,,9.0,6,10.0,6.0,0,0,0,0,,4.0,2.0,1.0,,1.0,1.0,1.0,,,2.0,1.0,,
1377866,Lazio,487,50856,Valentín Castellanos,https://media.api-sports.io/football/players/50856.png,90.0,11,F,6.3,False,False,0,0.0,,7.0,4,12.0,4.0,1,0,0,0,,1.0,,1.0,,1.0,2.0,,,,1.0,,,1.0
1377866,Lazio,487,30937,Mattia Zaccagni,https://media.api-sports.io/football/players/30937.png,90.0,10,F,6.5,True,False,0,0.0,,12.0,11,16.0,7.0,1,0,0,0,,,,2.0,,1.0,1.0,,,,7.0,1.0,,
1377866,Lazio,487,1844,Adam Marušić,https://media.api-sports.io/football/players/1844.png,30.0,77,D,6.2,False,True,0,0.0,,12.0,11,1.0,,0,0,0,0,,,,,,1.0,,,,,,,,
1377866,Lazio,487,2299,Pedro,https://media.api-sports.io/football/players/2299.png,30.0,9,F,6.5,False,True,0,0.0,,8.0,5,3.0,1.0,0,0,0,0,,1.0,,,,,1.0,,,,,,,
1377866,Lazio,487,30554,Luca Pellegrini,https://media.api-sports.io/football/players/30554.png,25.0,3,D,6.5,False,True,0,0.0,,9.0,6,2.0,1.0,0,0,0,0,,1.0,,,,,1.0,,,,,1.0,,
1377866,Lazio,487,30784,Nicolò Rovella,https://media.api-sports.io/football/players/30784.png,25.0,6,M,6.3,False,True,0,0.0,,15.0,14,2.0,1.0,0,0,0,0,,,2.0,1.0,1.0,1.0,,,,,,,,
1377866,Lazio,487,22015,Boulaye Dia,https://media.api-sports.io/football/players/22015.png,16.0,19,F,6.3,False,True,0,0.0,,4.0,3,2.0,1.0,0,0,0,0,,,,,,,,,,,,,,
1377866,Lazio,487,63934,Alessio Furlanetto,https://media.api-sports.io/football/players/63934.png,,55,G,,False,True,0,,,,,,,0,0,0,0,,,,,,,,,,,,,,
1377866,Lazio,487,26644,Christos Mandas,https://media.api-sports.io/football/players/26644.png,,35,G,,False,True,0,,,,,,,0,0,0,0,,,,,,,,,,,,,,
1377866,Lazio,487,317,Elseid Hysaj,https://media.api-sports.io/football/players/317.png,,23,D,,False,True,0,,,,,,,0,0,0,0,,,,,,,,,,,,,,
1377866,Lazio,487,333116,Reda Belahyane,https://media.api-sports.io/football/players/333116.png,,21,M,,False,True,0,,,,,,,0,0,0,0,,,,,,,,,,,,,,
1377866,Lazio,487,1266,Toma Bašić,https://media.api-sports.io/football/players/1266.png,,26,M,,False,True,0,,,,,,,0,0,0,0,,,,,,,,,,,,,,
1377866,Lazio,487,133729,Tijjani Noslin,https://media.api-sports.io/football/players/133729.png,,14,F,,False,True,0,,,,,,,0,0,0,0,,,,,,,,,,,,,,
1377869,Juventus,496,30670,Michele Di Gregorio,https://media.api-sports.io/football/players/30670.png,90.0,16,G,6.9,False,False,0,0.0,1.0,19.0,12,1.0,1.0,0,0,0,0,0.0,,,,,,,,,,1.0,,,
1377869,Juventus,496,268341,Federico Gatti,https://media.api-sports.io/football/players/268341.png,57.0,4,D,6.9,False,False,0,0.0,,32.0,32,5.0,2.0,1,0,0,0,,,1.0,,,2.0,,1.0,,,,,,
1377869,Juventus,496,30497,Bremer,https://media.api-sports.io/football/players/30497.png,90.0,3,D,8.2,False,False,0,0.0,,52.0,46,10.0,4.0,0,0,0,0,,1.0,1.0,,,1.0,,2.0,,1.0,1.0,1.0,,
1377869,Juventus,496,19263,Lloyd Kelly,https://media.api-sports.io/football/players/19263.png,90.0,6,D,7.5,False,False,0,0.0,,44.0,40,9.0,7.0,0,0,0,0,,1.0,1.0,2.0,2.0,2.0,,1.0,,,,1.0,,
1377869,Juventus,496,162188,Pierre Kalulu,https://media.api-sports.io/football/players/162188.png,90.0,15,M,7.2,False,False,0,0.0,,54.0,49,6.0,3.0,0,0,0,0,,2.0,3.0,1.0,,2.0,,,,,,2.0,,
1377869,Juventus,496,30533,Manuel Locatelli,https://media.api-sports.io/football/players/30533.png,57.0,5,M,7.3,True,False,0,0.0,,58.0,55,7.0,5.0,0,0,0,0,,,1.0,1.0,1.0,,1.0,,,,1.0,3.0,,
1377869,Juventus,496,116,Khéphren Thuram,https://media.api-sports.io/football/players/116.png,90.0,19,M,7.7,False,False,0,0.0,,67.0,60,11.0,8.0,0,0,0,0,,3.0,2.0,1.0,,1.0,,5.0,2.0,,1.0,1.0,,
1377869,Juventus,496,127011,Andrea Cambiaso,https://media.api-sports.io/football/players/127011.png,83.0,27,M,7.7,False,False,0,0.0,,57.0,50,11.0,7.0,0,1,0,0,,3.0,1.0,4.0,2.0,1.0,,1.0,,1.0,1.0,3.0,,
1377869,Juventus,496,161585,Francisco Conceição,https://media.api-sports.io/football/players/161585.png,80.0,7,F,7.5,False,False,0,0.0,,41.0,39,6.0,3.0,0,0,0,0,,,1.0,5.0,3.0,,,2.0,2.0,,,3.0,,
1377869,Juventus,496,339883,Kenan Yıldız,https://media.api-sports.io/football/players/339883.png,89.0,10,F,8.9,False,False,0,2.0,,30.0,26,10.0,7.0,0,0,0,0,,2.0,,5.0,2.0,,,3.0,2.0,,2.0,3.0,,
1377869,Juventus,496,8489,Jonathan David,https://media.api-sports.io/football/players/8489.png,80.0,30,F,6.9,False,False,0,0.0,,18.0,14,9.0,4.0,0,0,0,0,,1.0,,1.0,1.0,,1.0,3.0,1.0,,,5.0,1.0,
1377869,Juventus,496,41734,João Mário,https://media.api-sports.io/football/players/41734.png,34.0,25,D,7.2,False,True,0,0.0,,12.0,9,3.0,3.0,0,0,0,0,,1.0,1.0,,,,,,,1.0,2.0,,,
1377869,Juventus,496,36899,Teun Koopmeiners,https://media.api-sports.io/football/players/36899.png,34.0,8,M,7,False,True,0,0.0,,24.0,22,5.0,4.0,0,0,0,0,,1.0,,,,,1.0,,,,1.0,,,
1377869,Juventus,496,26315,Nicolás González,https://media.api-sports.io/football/players/26315.png,11.0,11,F,6.6,False,True,0,0.0,,1.0,1,3.0,3.0,0,0,0,0,,,,,,,,1.0,,,2.0,,,
1377869,Juventus,496,30415,Dušan Vlahović,https://media.api-sports.io/football/players/30415.png,11.0,9,F,7.3,False,True,0,0.0,,2.0,1,2.0,,0,0,0,0,,,,,,,,1.0,1.0,,,,1.0,
1377869,Juventus,496,415,Weston McKennie,https://media.api-sports.io/football/players/415.png,2.0,22,M,,False,True,0,0.0,,1.0,1,1.0,,0,0,0,0,,,,,,,,,,,,,,
1377869,Juventus,496,850,Carlo Pinsoglio,https://media.api-sports.io/football/players/850.png,,23,G,,False,True,0,,,,,,,0,0,0,0,,,,,,,,,,,,,,
1377869,Juventus,496,408319,Matteo Fuscaldo,https://media.api-sports.io/football/players/408319.png,,43,G,,False,True,0,,,,,,,0,0,0,0,,,,,,,,,,,,,,
1377869,Juventus,496,861,Daniele Rugani,https://media.api-sports.io/football/players/861.png,,24,D,,False,True,0,,,,,,,0,0,0,0,,,,,,,,,,,,,,
1377869,Juventus,496,335101,Jonas Rouhi,https://media.api-sports.io/football/players/335101.png,,40,D,,False,True,0,,,,,,,0,0,0,0,,,,,,,,,,,,,,
1377869,Juventus,496,1821,Filip Kostić,https://media.api-sports.io/football/players/1821.png,,18,M,,False,True,0,,,,,,,0,0,0,0,,,,,,,,,,,,,,
1377869,Juventus,496,339872,Vasilije Adžić,https://media.api-sports.io/football/players/339872.png,,17,M,,False,True,0,,,,,,,0,0,0,0,,,,,,,,,,,,,,
1377869,Parma,523,199578,Zion Suzuki,https://media.api-sports.io/football/players/199578.png,90.0,31,G,6.9,False,False,2,0.0,6.0,36.0,19,,,1,0,0,0,0.0,,,,,,,,,,,,,
1377869,Parma,523,30420,Enrico Del Prato,https://media.api-sports.io/football/players/30420.png,90.0,15,D,6.3,True,False,0,0.0,,32.0,27,4.0,2.0,0,0,0,0,,2.0,,,,1.0,,,,,,,,
1377869,Parma,523,348568,Alessandro Circati,https://media.api-sports.io/football/players/348568.png,90.0,39,D,6.9,False,False,0,0.0,,38.0,33,9.0,6.0,0,0,0,0,,1.0,,,,,,,,,,,,
1377869,Parma,523,6221,Lautaro Valenti,https://media.api-sports.io/football/players/6221.png,90.0,5,D,5.9,False,False,0,0.0,,29.0,18,6.0,1.0,0,0,0,0,,1.0,2.0,,,1.0,1.0,1.0,,2.0,,1.0,,
1377869,Parma,523,323369,Mathias Fjørtoft Løvik,https://media.api-sports.io/football/players/323369.png,88.0,18,M,6.3,False,False,0,0.0,,19.0,16,5.0,1.0,0,0,0,0,,1.0,1.0,,,1.0,2.0,,,,,,,
1377869,Parma,523,628,Adrián Bernabé,https://media.api-sports.io/football/players/628.png,90.0,10,M,6.9,False,False,0,0.0,,42.0,36,10.0,4.0,0,0,0,0,,2.0,1.0,2.0,1.0,,3.0,1.0,1.0,,1.0,1.0,,
1377869,Parma,523,308836,Mandela Keita,https://media.api-sports.io/football/players/308836.png,88.0,16,M,7.2,False,False,0,0.0,,26.0,23,7.0,6.0,0,0,0,0,,2.0,1.0,3.0,2.0,,,1.0,,2.0,2.0,1.0,,
1377869,Parma,523,91358,Emanuele Valeri,https://media.api-sports.io/football/players/91358.png,90.0,14,M,6.6,False,False,0,0.0,,11.0,7,5.0,1.0,0,0,0,0,,1.0,,,,1.0,,,,,,,,
1377869,Parma,523,48193,Pontus Almqvist,https://media.api-sports.io/football/players/48193.png,80.0,11,F,6.9,False,False,0,0.0,,12.0,6,13.0,6.0,0,0,0,0,,1.0,1.0,2.0,,,2.0,,,,2.0,2.0,,
1377869,Parma,523,362752,Christian Ordoñez,https://media.api-sports.io/football/players/362752.png,57.0,24,F,6.2,False,False,0,0.0,,8.0,7,5.0,1.0,0,0,0,0,,,,,,,2.0,,,,1.0,,,
1377869,Parma,523,292172,Mateo Pellegrino,https://media.api-sports.io/football/players/292172.png,90.0,9,F,6,False,False,0,0.0,,12.0,8,26.0,8.0,0,0,0,0,,1.0,,1.0,,6.0,1.0,2.0,1.0,,3.0,,,
1377869,Parma,523,161569,Oliver Sørensen,https://media.api-sports.io/football/players/161569.png,34.0,22,M,6,False,True,0,0.0,,6.0,5,5.0,,1,0,0,0,,,,,,2.0,,,,,,1.0,,
1377869,Parma,523,40592,Adrian Benedyczak,https://media.api-sports.io/football/players/40592.png,11.0,7,F,6.5,False,True,0,0.0,,2.0,1,3.0,1.0,0,0,0,0,,,,,,1.0,,,,,,,,
1377869,Parma,523,6409,Nahuel Estévez,https://media.api-sports.io/football/players/6409.png,3.0,8,M,,False,True,0,0.0,,2.0,1,,,0,0,0,0,,,,,,,,,,,,,,
1377869,Parma,523,31692,Milan Đurić,https://media.api-sports.io/football/players/31692.png,3.0,30,F,,False,True,0,0.0,,,,1.0,1.0,0,0,0,0,,,,,,,,1.0,,,,,,
1377869,Parma,523,237268,Filippo Rinaldi,https://media.api-sports.io/football/players/237268.png,,66,G,,False,True,0,,,,,,,0,0,0,0,,,,,,,,,,,,,,
1377869,Parma,523,180762,Edoardo Corvi,https://media.api-sports.io/football/players/180762.png,,40,G,,False,True,0,,,,,,,0,0,0,0,,,,,,,,,,,,,,
1377869,Parma,523,348309,Peter Amoran,https://media.api-sports.io/football/players/348309.png,,60,D,,False,True,0,,,,,,,0,0,0,0,,,,,,,,,,,,,,
1377869,Parma,523,446006,Elia Plicco,https://media.api-sports.io/football/players/446006.png,,65,M,,False,True,0,,,,,,,0,0,0,0,,,,,,,,,,,,,,
1377869,Parma,523,201466,Tjaš Begić,https://media.api-sports.io/football/players/201466.png,,19,F,,False,True,0,,,,,,,0,0,0,0,,,,,,,,,,,,,,
1377869,Parma,523,289304,Antoine Joujou,https://media.api-sports.io/football/players/289304.png,,21,F,,False,True,0,,,,,,,0,0,0,0,,,,,,,,,,,,,,
1377869,Parma,523,357985,Dario Sits,https://media.api-sports.io/football/players/357985.png,,77,F,,False,True,0,,,,,,,0,0,0,0,,,,,,,,,,,,,,
1377864,Atalanta,499,30417,Marco Carnesecchi,https://media.api-sports.io/football/players/30417.png,90.0,29,G,6.9,False,False,1,0.0,2.0,28.0,21,1.0,1.0,0,0,0,0,0.0,,,,,,,,,,,,,
1377864,Atalanta,499,289761,Giorgio Scalvini,https://media.api-sports.io/football/players/289761.png,88.0,42,D,6.2,False,False,0,0.0,,59.0,52,8.0,4.0,0,0,0,0,,1.0,,2.0,1.0,3.0,,1.0,,,1.0,,,
1377864,Atalanta,499,137976,Isak Hien,https://media.api-sports.io/football/players/137976.png,90.0,4,D,6.9,False,False,0,0.0,,50.0,46,16.0,9.0,0,0,0,0,,3.0,2.0,,,1.0,,,,,3.0,,,
1377864,Atalanta,499,30421,Berat Djimsiti,https://media.api-sports.io/football/players/30421.png,90.0,19,D,6.7,False,False,0,0.0,,82.0,72,20.0,6.0,0,0,0,0,,2.0,1.0,1.0,1.0,1.0,1.0,1.0,,2.0,,,,
1377864,Atalanta,499,91422,Raoul Bellanova,https://media.api-sports.io/football/players/91422.png,90.0,16,M,6.9,False,False,0,0.0,,34.0,29,6.0,5.0,0,0,0,0,,2.0,,,,,,2.0,1.0,,1.0,3.0,,
1377864,Atalanta,499,30432,Marten de Roon,https://media.api-sports.io/football/players/30432.png,90.0,15,M,7.3,True,False,0,0.0,,79.0,70,5.0,1.0,0,0,0,0,,,1.0,1.0,,1.0,,1.0,,,,1.0,,
1377864,Atalanta,499,2763,Mario Pašalić,https://media.api-sports.io/football/players/2763.png,71.0,8,M,7.3,False,False,0,1.0,,50.0,48,7.0,2.0,0,0,0,0,,1.0,,1.0,,,1.0,,,,,3.0,,
1377864,Atalanta,499,203474,Nicola Zalewski,https://media.api-sports.io/football/players/203474.png,90.0,59,M,8,False,False,0,0.0,,36.0,25,10.0,5.0,0,0,0,0,,1.0,1.0,4.0,3.0,,,1.0,,,1.0,3.0,,
1377864,Atalanta,499,147859,Charles De Ketelaere,https://media.api-sports.io/football/players/147859.png,84.0,17,F,7.5,False,False,0,0.0,,41.0,37,7.0,2.0,0,0,0,0,,,,3.0,2.0,,,2.0,,,,1.0,,
1377864,Atalanta,499,134926,Daniel Maldini,https://media.api-sports.io/football/players/134926.png,71.0,70,F,6.9,False,False,0,0.0,,19.0,15,9.0,5.0,1,0,0,0,,,,4.0,3.0,1.0,,3.0,1.0,,2.0,2.0,,
1377864,Atalanta,499,30544,Gianluca Scamacca,https://media.api-sports.io/football/players/30544.png,72.0,9,F,7.9,False,False,0,0.0,,20.0,14,16.0,11.0,0,0,0,0,,1.0,,6.0,4.0,,,7.0,4.0,,2.0,1.0,1.0,
1377864,Atalanta,499,10097,Éderson,https://media.api-sports.io/football/players/10097.png,20.0,13,M,6.7,False,True,0,0.0,,20.0,17,3.0,1.0,0,0,0,0,,,,1.0,1.0,1.0,1.0,,,1.0,,,,
1377864,Atalanta,499,199837,Kamaldeen Sulemana,https://media.api-sports.io/football/players/199837.png,20.0,7,F,7.3,False,True,0,0.0,,14.0,13,7.0,5.0,1,0,0,0,,1.0,,3.0,3.0,1.0,,,,,,,,
1377864,Atalanta,499,66817,Nikola Krstović,https://media.api-sports.io/football/players/66817.png,19.0,90,F,6.2,False,True,0,0.0,,11.0,9,1.0,,0,0,0,0,,,,,,,,,,,,,,
1377864,Atalanta,499,178749,Lazar Samardžić,https://media.api-sports.io/football/players/178749.png,11.0,10,M,6.6,False,True,0,0.0,,7.0,7,3.0,,0,0,0,0,,,,,,,1.0,,,,,,,
1377864,Atalanta,499,48119,Odilon Kossounou,https://media.api-sports.io/football/players/48119.png,3.0,3,D,,False,True,0,0.0,,2.0,2,,,0,0,0,0,,,,,,,,,,,,,,
1377864,Atalanta,499,31069,Marco Sportiello,https://media.api-sports.io/football/players/31069.png,,57,G,,False,True,0,,,,,,,0,0,0,0,,,,,,,,,,,,,,
1377864,Atalanta,499,30419,Francesco Rossi,https://media.api-sports.io/football/players/30419.png,,31,G,,False,True,0,,,,,,,0,0,0,0,,,,,,,,,,,,,,
1377864,Atalanta,499,341838,Giovanni Bonfanti,https://media.api-sports.io/football/players/341838.png,,94,D,,False,True,0,,,,,,,0,0,0,0,,,,,,,,,,,,,,
1377864,Atalanta,499,453906,Honest Ahanor,https://media.api-sports.io/football/players/453906.png,,69,D,,False,True,0,,,,,,,0,0,0,0,,,,,,,,,,,,,,
1377864,Atalanta,499,2286,Davide Zappacosta,https://media.api-sports.io/football/players/2286.png,,77,M,,False,True,0,,,,,,,0,0,0,0,,,,,,,,,,,,,,
1377864,Atalanta,499,1639,Marco Brescianini,https://media.api-sports.io/football/players/1639.png,,44,M,,False,True,0,,,,,,,0,0,0,0,,,,,,,,,,,,,,
1377864,Atalanta,499,264857,Lorenzo Bernasconi,https://media.api-sports.io/football/players/264857.png,,47,D,,False,True,0,,,,,,,0,0,0,0,,,,,,,,,,,,,,
1377864,Pisa,801,30733,Adrian Šemper,https://media.api-sports.io/football/players/30733.png,90.0,1,G,8.3,False,False,1,0.0,5.0,41.0,27,1.0,1.0,0,0,0,0,0.0,,,,,,,,,,,,,
1377864,Pisa,801,485960,Daniel Denoon,https://media.api-sports.io/football/players/485960.png,78.0,44,D,6.5,False,False,0,0.0,,19.0,16,8.0,4.0,0,0,0,0,,3.0,,,,2.0,,,,,1.0,,,
1377864,Pisa,801,31604,Antonio Caracciolo,https://media.api-sports.io/football/players/31604.png,90.0,4,D,6.3,True,False,0,0.0,,23.0,20,12.0,4.0,0,0,0,0,,3.0,1.0,,,2.0,5.0,1.0,,,,,,
1377864,Pisa,801,91503,Simone Canestrelli,https://media.api-sports.io/football/players/91503.png,90.0,5,D,7.2,False,False,0,0.0,,35.0,27,5.0,4.0,0,0,0,0,,2.0,1.0,,,,1.0,,,1.0,,,,
1377864,Pisa,801,56293,Idrissa Touré,https://media.api-sports.io/football/players/56293.png,90.0,15,M,7.3,False,False,0,0.0,,25.0,18,16.0,13.0,0,0,0,0,,2.0,,1.0,1.0,,2.0,2.0,,,,2.0,,
1377864,Pisa,801,30723,Marius Marin,https://media.api-sports.io/football/players/30723.png,78.0,6,M,6.6,False,False,0,0.0,,23.0,19,7.0,4.0,0,0,0,0,,1.0,2.0,1.0,1.0,1.0,1.0,,,,,,,
1377864,Pisa,801,951,Michel Aebischer,https://media.api-sports.io/football/players/951.png,90.0,20,M,6.5,False,False,0,0.0,,40.0,32,6.0,1.0,0,0,0,0,,,1.0,,,,4.0,1.0,,,,,,
1377864,Pisa,801,302069,Samuele Angori,https://media.api-sports.io/football/players/302069.png,90.0,3,M,7.2,False,False,0,0.0,,12.0,7,11.0,4.0,0,0,0,0,,2.0,2.0,,,,,1.0,,1.0,1.0,3.0,,
1377864,Pisa,801,31560,Stefano Moreo,https://media.api-sports.io/football/players/31560.png,62.0,32,F,7,False,False,0,0.0,,18.0,13,10.0,8.0,0,0,0,0,,,1.0,,,,,2.0,1.0,,1.0,2.0,,
1377864,Pisa,801,20959,Matteo Tramoni,https://media.api-sports.io/football/players/20959.png,61.0,10,F,6.7,False,False,0,0.0,,12.0,11,7.0,2.0,0,0,0,0,,,,,,1.0,1.0,1.0,1.0,,2.0,,,
1377864,Pisa,801,331678,Henrik Wendel Meister,https://media.api-sports.io/football/players/331678.png,54.0,9,F,6.5,False,False,0,0.0,,7.0,3,7.0,3.0,0,0,0,0,,,,2.0,,1.0,,,,,,,,
1377864,Pisa,801,31318,M'Bala Nzola,https://media.api-sports.io/football/players/31318.png,37.0,18,F,6.7,False,True,0,0.0,,14.0,9,13.0,6.0,0,0,0,0,,,,1.0,1.0,3.0,,,,1.0,1.0,1.0,,2.0
1377864,Pisa,801,866,Juan Cuadrado,https://media.api-sports.io/football/players/866.png,30.0,11,M,6.9,False,True,0,0.0,,3.0,1,6.0,4.0,0,0,0,0,,2.0,,2.0,1.0,,1.0,,,,1.0,,,
1377864,Pisa,801,408635,Ebenezer Akinsanmiro,https://media.api-sports.io/football/players/408635.png,29.0,14,M,6.9,False,True,0,0.0,,8.0,8,3.0,3.0,0,0,0,0,,2.0,,,,,,,,,,,,
1377864,Pisa,801,30469,Arturo Calabresi,https://media.api-sports.io/football/players/30469.png,13.0,33,D,6.7,False,True,0,0.0,,4.0,2,5.0,1.0,0,0,0,0,,,,,,,3.0,,,,,,,
1377864,Pisa,801,325387,Gabriele Piccinini,https://media.api-sports.io/football/players/325387.png,13.0,36,M,6.5,False,True,0,0.0,,5.0,5,2.0,,0,0,0,0,,,,1.0,,,,,,,,1.0,,
1377864,Pisa,801,50054,Simone Scuffet,https://media.api-sports.io/football/players/50054.png,,22,G,,False,True,0,,,,,,,0,0,0,0,,,,,,,,,,,,,,
1377864,Pisa,801,30792,Nícolas,https://media.api-sports.io/football/players/30792.png,,12,G,,False,True,0,,,,,,,0,0,0,0,,,,,,,,,,,,,,
1377864,Pisa,801,526688,Jeremy Kandje Mbambi,https://media.api-sports.io/football/players/526688.png,,76,D,,False,True,0,,,,,,,0,0,0,0,,,,,,,,,,,,,,
1377864,Pisa,801,15723,Malthe Højholt,https://media.api-sports.io/football/players/15723.png,,8,M,,False,True,0,,,,,,,0,0,0,0,,,,,,,,,,,,,,
1377864,Pisa,801,497255,Giacomo Maucci,https://media.api-sports.io/football/players/497255.png,,72,M,,False,True,0,,,,,,,0,0,0,0,,,,,,,,,,,,,,
1377864,Pisa,801,30753,Mehdi Léris,https://media.api-sports.io/football/players/30753.png,,7,M,,False,True,0,,,,,,,0,0,0,0,,,,,,,,,,,,,,
1377864,Pisa,801,384831,Mert Durmush,https://media.api-sports.io/football/players/384831.png,,77,M,,False,True,0,,,,,,,0,0,0,0,,,,,,,,,,,,,,
1377864,Pisa,801,510473,Louis Buffon,https://media.api-sports.io/football/players/510473.png,,16,F,,False,True,0,,,,,,,0,0,0,0,,,,,,,,,,,,,,
1377873,Udinese,494,197830,Răzvan Sava,https://media.api-sports.io/football/players/197830.png,90.0,90,G,7.6,False,False,1,0.0,2.0,23.0,22,,,0,0,0,0,0.0,,,,,,,,,,,,,
1377873,Udinese,494,315249,Nicolò Bertola,https://media.api-sports.io/football/players/315249.png,90.0,13,D,7,False,False,0,0.0,,72.0,64,10.0,5.0,1,0,0,0,,,1.0,,,1.0,,,,,2.0,2.0,,
1377873,Udinese,494,281495,Thomas Kristensen,https://media.api-sports.io/football/players/281495.png,90.0,31,D,8.6,False,False,0,0.0,,71.0,66,11.0,9.0,0,0,0,0,,1.0,,,,1.0,,1.0,1.0,2.0,1.0,1.0,1.0,
1377873,Udinese,494,656,Oumar Solet,https://media.api-sports.io/football/players/656.png,90.0,28,D,7.2,False,False,0,0.0,,98.0,87,10.0,4.0,0,0,0,0,,1.0,1.0,1.0,1.0,1.0,1.0,,,,,,,
1377873,Udinese,494,36916,Kingsley Ehizibue,https://media.api-sports.io/football/players/36916.png,90.0,19,M,7,False,False,0,0.0,,21.0,19,8.0,5.0,0,0,0,0,,2.0,,4.0,2.0,1.0,,,,,1.0,,,
1377873,Udinese,494,7591,Sandi Lovrić,https://media.api-sports.io/football/players/7591.png,61.0,4,M,7.5,False,False,0,1.0,,39.0,34,8.0,4.0,0,0,0,0,,3.0,1.0,1.0,,1.0,1.0,1.0,,,,1.0,,
1377873,Udinese,494,48047,Jesper Karlström,https://media.api-sports.io/football/players/48047.png,90.0,8,M,6.6,True,False,0,0.0,,43.0,36,13.0,6.0,0,0,0,0,,2.0,,2.0,1.0,1.0,2.0,,,,1.0,,,
1377873,Udinese,494,347644,Arthur Atta,https://media.api-sports.io/football/players/347644.png,90.0,14,M,6.3,False,False,0,0.0,,36.0,31,23.0,10.0,0,0,0,0,,1.0,,8.0,6.0,,3.0,1.0,1.0,,3.0,2.0,,
1377873,Udinese,494,19824,Jordan Zemura,https://media.api-sports.io/football/players/19824.png,79.0,33,M,6.2,False,False,0,0.0,,22.0,17,7.0,3.0,0,0,0,0,,1.0,,2.0,,,1.0,1.0,,,1.0,1.0,,1.0
1377873,Udinese,494,19185,Keinan Davis,https://media.api-sports.io/football/players/19185.png,74.0,9,F,6.9,False,False,0,0.0,,9.0,6,8.0,7.0,1,0,0,0,,1.0,,,,1.0,,3.0,2.0,,3.0,1.0,,1.0
1377873,Udinese,494,330599,Iker Bravo,https://media.api-sports.io/football/players/330599.png,61.0,17,F,6.5,False,False,0,0.0,,17.0,14,6.0,1.0,1,0,0,0,,,,,,2.0,,,,,1.0,2.0,,
1377873,Udinese,494,182560,Oier Zarraga,https://media.api-sports.io/football/players/182560.png,29.0,6,M,6.2,False,True,0,0.0,,7.0,5,4.0,1.0,0,0,0,0,,,,,,1.0,1.0,,,,,,,
1377873,Udinese,494,1134,Vakoun Issouf Bayo,https://media.api-sports.io/football/players/1134.png,29.0,15,F,6.5,False,True,0,0.0,,9.0,6,2.0,1.0,0,0,0,0,,,,,,,,,,,,,,
1377873,Udinese,494,1939,Jakub Piotrowski,https://media.api-sports.io/football/players/1939.png,16.0,24,M,6.6,False,True,0,0.0,,6.0,5,4.0,2.0,0,0,0,0,,,,,,,,,,,1.0,1.0,,
1377873,Udinese,494,22007,Hassane Kamara,https://media.api-sports.io/football/players/22007.png,11.0,11,D,6.9,False,True,0,0.0,,5.0,4,1.0,1.0,0,0,0,0,,1.0,,,,,,3.0,,,,,,
1377873,Udinese,494,418940,Alessandro Nunziante,https://media.api-sports.io/football/players/418940.png,,1,G,,False,True,0,,,,,,,0,0,0,0,,,,,,,,,,,,,,
1377873,Udinese,494,189,Daniele Padelli,https://media.api-sports.io/football/players/189.png,,93,G,,False,True,0,,,,,,,0,0,0,0,,,,,,,,,,,,,,
1377873,Udinese,494,318053,Saba Goglichidze,https://media.api-sports.io/football/players/318053.png,,2,D,,False,True,0,,,,,,,0,0,0,0,,,,,,,,,,,,,,
1377873,Udinese,494,18797,Christian Kabasele,https://media.api-sports.io/football/players/18797.png,,27,D,,False,True,0,,,,,,,0,0,0,0,,,,,,,,,,,,,,
1377873,Udinese,494,142442,Rui Modesto,https://media.api-sports.io/football/players/142442.png,,77,M,,False,True,0,,,,,,,0,0,0,0,,,,,,,,,,,,,,
1377873,Udinese,494,343558,Lennon Miller,https://media.api-sports.io/football/players/343558.png,,38,M,,False,True,0,,,,,,,0,0,0,0,,,,,,,,,,,,,,
1377873,Udinese,494,541,Jürgen Ekkelenkamp,https://media.api-sports.io/football/players/541.png,,32,M,,False,True,0,,,,,,,0,0,0,0,,,,,,,,,,,,,,
1377873,Udinese,494,490138,Abdoulaye Camara,https://media.api-sports.io/football/players/490138.png,,29,M,,False,True,0,,,,,,,0,0,0,0,,,,,,,,,,,,,,
1377873,Udinese,494,383257,David Pejičić,https://media.api-sports.io/football/players/383257.png,,79,M,,False,True,0,,,,,,,0,0,0,0,,,,,,,,,,,,,,
1377873,Udinese,494,493365,Giulio Vinciati,https://media.api-sports.io/football/players/493365.png,,45,F,,False,True,0,,,,,,,0,0,0,0,,,,,,,,,,,,,,
1377873,Verona,504,30611,Lorenzo Montipò,https://media.api-sports.io/football/players/30611.png,90.0,1,G,6.9,False,False,1,0.0,4.0,31.0,15,,,0,0,0,0,0.0,,,,,,,,,,,,,
1377873,Verona,504,47277,Unai Núñez,https://media.api-sports.io/football/players/47277.png,90.0,5,D,6.3,False,False,0,0.0,,35.0,26,17.0,9.0,0,0,0,0,,4.0,4.0,2.0,2.0,5.0,2.0,,,,,,,
1377873,Verona,504,15912,Victor Nelsson,https://media.api-sports.io/football/players/15912.png,90.0,15,D,6.5,False,False,0,0.0,,32.0,30,2.0,,0,0,0,0,,,,,,1.0,,,,1.0,,,,
1377873,Verona,504,15909,Martin Frese,https://media.api-sports.io/football/players/15909.png,90.0,3,D,6.9,False,False,0,0.0,,35.0,29,8.0,5.0,0,0,0,0,,3.0,1.0,,,,2.0,1.0,,,1.0,2.0,,
1377873,Verona,504,527889,Fallou Cham,https://media.api-sports.io/football/players/527889.png,82.0,70,M,6.6,False,False,0,0.0,,14.0,10,9.0,5.0,0,0,0,0,,3.0,1.0,2.0,1.0,1.0,1.0,,,,1.0,2.0,,1.0
1377873,Verona,504,22239,Cheikh Niasse,https://media.api-sports.io/football/players/22239.png,66.0,36,M,6.3,False,False,0,0.0,,12.0,10,4.0,2.0,0,0,0,0,,,1.0,,,,1.0,,,2.0,2.0,,,
1377873,Verona,504,1090,Antoine Bernede,https://media.api-sports.io/football/players/1090.png,90.0,24,M,6.9,False,False,0,0.0,,42.0,33,4.0,3.0,0,0,0,0,,2.0,1.0,1.0,,,,1.0,,1.0,1.0,1.0,,
1377873,Verona,504,418,Suat Serdar,https://media.api-sports.io/football/players/418.png,82.0,8,M,7.2,True,False,0,0.0,,21.0,14,10.0,4.0,0,0,0,0,,2.0,1.0,1.0,1.0,1.0,2.0,1.0,1.0,,1.0,1.0,1.0,
1377873,Verona,504,14327,Domagoj Bradarić,https://media.api-sports.io/football/players/14327.png,72.0,12,M,6.6,False,False,0,0.0,,20.0,12,5.0,4.0,0,0,0,0,,3.0,,,,1.0,,,,,1.0,,,
1377873,Verona,504,312615,Giovane,https://media.api-sports.io/football/players/312615.png,90.0,17,F,7.2,False,False,0,1.0,,9.0,4,18.0,8.0,0,0,0,0,,1.0,,3.0,2.0,,,4.0,2.0,,1.0,1.0,,
1377873,Verona,504,236955,Amin Sarr,https://media.api-sports.io/football/players/236955.png,66.0,9,F,6.7,False,False,0,0.0,,11.0,8,14.0,5.0,0,0,0,0,,2.0,1.0,3.0,,1.0,,,,,1.0,,,
1377873,Verona,504,37437,Abdou Harroui,https://media.api-sports.io/football/players/37437.png,24.0,21,M,6.7,False,True,0,0.0,,9.0,7,4.0,2.0,0,0,0,0,,1.0,,1.0,1.0,,,,,,,,,
1377873,Verona,504,59421,Daniel Mosquera,https://media.api-sports.io/football/players/59421.png,24.0,25,F,6.5,False,True,0,0.0,,3.0,,14.0,6.0,0,0,0,0,,,,,,2.0,1.0,,,,1.0,,,
1377873,Verona,504,303362,Rafik Belghali,https://media.api-sports.io/football/players/303362.png,18.0,7,D,6.6,False,True,0,0.0,,2.0,2,4.0,2.0,1,0,0,0,,1.0,,1.0,1.0,1.0,1.0,,,,,,,1.0
1377873,Verona,504,20656,Enzo Ebosse,https://media.api-sports.io/football/players/20656.png,8.0,23,D,6.9,False,True,0,0.0,,8.0,8,1.0,,1,0,0,0,,,,,,1.0,,,,,,,,
1377873,Verona,504,153408,Daniel Oyegoke,https://media.api-sports.io/football/players/153408.png,8.0,2,D,6.9,False,True,0,0.0,,2.0,2,1.0,1.0,0,0,0,0,,,,1.0,1.0,,,,,,,,,
1377873,Verona,504,31383,Simone Perilli,https://media.api-sports.io/football/players/31383.png,,34,G,,False,True,0,,,,,,,0,0,0,0,,,,,,,,,,,,,,
1377873,Verona,504,350539,Giacomo Toniolo,https://media.api-sports.io/football/players/350539.png,,94,G,,False,True,0,,,,,,,0,0,0,0,,,,,,,,,,,,,,
1377873,Verona,504,368129,Tobias Slotsager,https://media.api-sports.io/football/players/368129.png,,19,D,,False,True,0,,,,,,,0,0,0,0,,,,,,,,,,,,,,
1377873,Verona,504,343565,Adi Kurti,https://media.api-sports.io/football/players/343565.png,,22,D,,False,True,0,,,,,,,0,0,0,0,,,,,,,,,,,,,,
1377873,Verona,504,867,Grigoris Kastanos,https://media.api-sports.io/football/players/867.png,,20,M,,False,True,0,,,,,,,0,0,0,0,,,,,,,,,,,,,,
1377873,Verona,504,405273,Charlys,https://media.api-sports.io/football/players/405273.png,,18,M,,False,True,0,,,,,,,0,0,0,0,,,,,,,,,,,,,,
1377873,Verona,504,408634,Junior Ajayi,https://media.api-sports.io/football/players/408634.png,,72,F,,False,True,0,,,,,,,0,0,0,0,,,,,,,,,,,,,,
1377873,Verona,504,395761,Mathis Lambourde,https://media.api-sports.io/football/players/395761.png,,39,F,,False,True,0,,,,,,,0,0,0,0,,,,,,,,,,,,,,
1377873,Verona,504,343287,Dailon Rocha Livramento,https://media.api-sports.io/football/players/343287.png,,14,F,,False,True,0,,,,,,,0,0,0,0,,,,,,,,,,,,,,
1377873,Verona,504,180128,Stefan Mitrović,https://media.api-sports.io/football/players/180128.png,,80,F,,False,True,0,,,,,,,0,0,0,0,,,,,,,,,,,,,,
1377868,Inter,505,2802,Yann Sommer,https://media.api-sports.io/football/players/2802.png,90.0,1,G,7.3,False,False,0,0.0,4.0,30.0,30,,,0,0,0,0,0.0,,,,,,,,,,,,,
1377868,Inter,505,2725,Benjamin Pavard,https://media.api-sports.io/football/players/2725.png,90.0,5,D,7.5,False,False,0,0.0,,84.0,80,4.0,2.0,0,0,0,0,,2.0,2.0,,,1.0,,1.0,1.0,2.0,,1.0,,
1377868,Inter,505,1836,Francesco Acerbi,https://media.api-sports.io/football/players/1836.png,90.0,15,D,7.6,False,False,0,0.0,,68.0,65,7.0,6.0,0,0,0,0,,,,,,,,1.0,1.0,2.0,,1.0,,
1377868,Inter,505,31009,Alessandro Bastoni,https://media.api-sports.io/football/players/31009.png,86.0,95,D,9.3,False,False,0,1.0,,67.0,63,5.0,1.0,0,0,0,0,,1.0,2.0,1.0,,2.0,,2.0,1.0,,,1.0,1.0,
1377868,Inter,505,226,Denzel Dumfries,https://media.api-sports.io/football/players/226.png,90.0,2,M,7.2,False,False,0,0.0,,25.0,24,6.0,4.0,0,0,0,0,,1.0,2.0,2.0,2.0,,1.0,,,,,1.0,,
1377868,Inter,505,348205,Petar Sučić,https://media.api-sports.io/football/players/348205.png,90.0,8,M,7.2,False,False,0,1.0,,57.0,52,9.0,4.0,0,0,0,0,,4.0,,,,3.0,2.0,3.0,2.0,,,2.0,,
1377868,Inter,505,30558,Nicolò Barella,https://media.api-sports.io/football/players/30558.png,90.0,23,M,7.9,False,False,0,1.0,,112.0,102,3.0,2.0,0,0,0,0,,2.0,,,,,1.0,1.0,,,,2.0,,
1377868,Inter,505,1457,Henrikh Mkhitaryan,https://media.api-sports.io/football/players/1457.png,79.0,22,M,7.2,False,False,0,0.0,,44.0,39,6.0,1.0,0,0,0,0,,1.0,,,,1.0,2.0,1.0,,,,1.0,,1.0
1377868,Inter,505,31010,Federico Dimarco,https://media.api-sports.io/football/players/31010.png,66.0,32,M,7.5,False,False,0,0.0,,23.0,20,3.0,1.0,0,0,0,0,,1.0,,,,1.0,,,,1.0,,4.0,,1.0
1377868,Inter,505,21509,Marcus Thuram,https://media.api-sports.io/football/players/21509.png,67.0,9,F,8.9,False,False,0,0.0,,16.0,12,16.0,8.0,0,0,0,0,,1.0,,2.0,2.0,5.0,1.0,4.0,2.0,,2.0,3.0,2.0,1.0
1377868,Inter,505,217,Lautaro Martínez,https://media.api-sports.io/football/players/217.png,79.0,10,F,8.5,True,False,0,1.0,,20.0,15,6.0,4.0,0,0,0,0,,,,3.0,1.0,,,3.0,1.0,,3.0,1.0,1.0,1.0
1377868,Inter,505,10238,Carlos Augusto,https://media.api-sports.io/football/players/10238.png,24.0,30,D,7,False,True,0,0.0,,14.0,13,2.0,2.0,0,0,0,0,,,,,,,,,,,,,,
1377868,Inter,505,275651,Ange-Yoan Bonny,https://media.api-sports.io/football/players/275651.png,23.0,14,F,7.6,False,True,0,0.0,,6.0,6,6.0,3.0,0,0,0,0,,1.0,,1.0,,1.0,,1.0,1.0,,1.0,1.0,1.0,
1377868,Inter,505,270509,Andy Diouf,https://media.api-sports.io/football/players/270509.png,11.0,17,M,6.3,False,True,0,0.0,,4.0,2,3.0,,0,0,0,0,,,,1.0,,,1.0,,,,,,,
1377868,Inter,505,329,Piotr Zieliński,https://media.api-sports.io/football/players/329.png,11.0,7,M,6.6,False,True,0,0.0,,5.0,5,1.0,1.0,0,0,0,0,,,,,,,,,,,,,,
1377868,Inter,505,10077,Luís Henrique,https://media.api-sports.io/football/players/10077.png,4.0,11,F,,False,True,0,0.0,,2.0,2,,,0,0,0,0,,,,,,,,,,,,,,
1377868,Inter,505,91488,Raffaele Di Gennaro,https://media.api-sports.io/football/players/91488.png,,12,G,,False,True,0,,,,,,,0,0,0,0,,,,,,,,,,,,,,
1377868,Inter,505,46988,Josep Martínez,https://media.api-sports.io/football/players/46988.png,,13,G,,False,True,0,,,,,,,0,0,0,0,,,,,,,,,,,,,,
1377868,Inter,505,24953,Yann Bisseck,https://media.api-sports.io/football/players/24953.png,,31,D,,False,True,0,,,,,,,0,0,0,0,,,,,,,,,,,,,,
1377868,Inter,505,194,Stefan de Vrij,https://media.api-sports.io/football/players/194.png,,6,D,,False,True,0,,,,,,,0,0,0,0,,,,,,,,,,,,,,
1377868,Inter,505,311360,Tomás Palacios,https://media.api-sports.io/football/players/311360.png,,42,D,,False,True,0,,,,,,,0,0,0,0,,,,,,,,,,,,,,
1377868,Inter,505,31173,Davide Frattesi,https://media.api-sports.io/football/players/31173.png,,16,M,,False,True,0,,,,,,,0,0,0,0,,,,,,,,,,,,,,
1377868,Inter,505,887,Matteo Darmian,https://media.api-sports.io/football/players/887.png,,36,D,,False,True,0,,,,,,,0,0,0,0,,,,,,,,,,,,,,
1377868,Inter,505,2802,Yann Sommer,https://media.api-sports.io/football/players/2802.png,90.0,1,G,7.3,False,False,0,0.0,4.0,30.0,30,,,0,0,0,0,0.0,,,,,,,,,,,,,
1377868,Inter,505,2725,Benjamin Pavard,https://media.api-sports.io/football/players/2725.png,90.0,5,D,7.5,False,False,0,0.0,,84.0,80,4.0,2.0,0,0,0,0,,2.0,2.0,,,1.0,,1.0,1.0,2.0,,1.0,,
1377868,Inter,505,1836,Francesco Acerbi,https://media.api-sports.io/football/players/1836.png,90.0,15,D,7.6,False,False,0,0.0,,68.0,65,7.0,6.0,0,0,0,0,,,,,,,,1.0,1.0,2.0,,1.0,,
1377868,Inter,505,31009,Alessandro Bastoni,https://media.api-sports.io/football/players/31009.png,86.0,95,D,9.3,False,False,0,1.0,,67.0,63,5.0,1.0,0,0,0,0,,1.0,2.0,1.0,,2.0,,2.0,1.0,,,1.0,1.0,
1377868,Inter,505,226,Denzel Dumfries,https://media.api-sports.io/football/players/226.png,90.0,2,M,7.2,False,False,0,0.0,,25.0,24,6.0,4.0,0,0,0,0,,1.0,2.0,2.0,2.0,,1.0,,,,,1.0,,
1377868,Inter,505,348205,Petar Sučić,https://media.api-sports.io/football/players/348205.png,90.0,8,M,7.2,False,False,0,1.0,,57.0,52,9.0,4.0,0,0,0,0,,4.0,,,,3.0,2.0,3.0,2.0,,,2.0,,
1377868,Inter,505,30558,Nicolò Barella,https://media.api-sports.io/football/players/30558.png,90.0,23,M,7.9,False,False,0,1.0,,112.0,102,3.0,2.0,0,0,0,0,,2.0,,,,,1.0,1.0,,,,2.0,,
1377868,Inter,505,1457,Henrikh Mkhitaryan,https://media.api-sports.io/football/players/1457.png,79.0,22,M,7.2,False,False,0,0.0,,44.0,39,6.0,1.0,0,0,0,0,,1.0,,,,1.0,2.0,1.0,,,,1.0,,1.0
1377868,Inter,505,31010,Federico Dimarco,https://media.api-sports.io/football/players/31010.png,66.0,32,M,7.5,False,False,0,0.0,,23.0,20,3.0,1.0,0,0,0,0,,1.0,,,,1.0,,,,1.0,,4.0,,1.0
1377868,Inter,505,21509,Marcus Thuram,https://media.api-sports.io/football/players/21509.png,67.0,9,F,8.9,False,False,0,0.0,,16.0,12,16.0,8.0,0,0,0,0,,1.0,,2.0,2.0,5.0,1.0,4.0,2.0,,2.0,3.0,2.0,1.0
1377868,Inter,505,217,Lautaro Martínez,https://media.api-sports.io/football/players/217.png,79.0,10,F,8.5,True,False,0,1.0,,20.0,15,6.0,4.0,0,0,0,0,,,,3.0,1.0,,,3.0,1.0,,3.0,1.0,1.0,1.0
1377868,Inter,505,10238,Carlos Augusto,https://media.api-sports.io/football/players/10238.png,24.0,30,D,7,False,True,0,0.0,,14.0,13,2.0,2.0,0,0,0,0,,,,,,,,,,,,,,
1377868,Inter,505,275651,Ange-Yoan Bonny,https://media.api-sports.io/football/players/275651.png,23.0,14,F,7.6,False,True,0,0.0,,6.0,6,6.0,3.0,0,0,0,0,,1.0,,1.0,,1.0,,1.0,1.0,,1.0,1.0,1.0,
1377868,Inter,505,270509,Andy Diouf,https://media.api-sports.io/football/players/270509.png,11.0,17,M,6.3,False,True,0,0.0,,4.0,2,3.0,,0,0,0,0,,,,1.0,,,1.0,,,,,,,
1377868,Inter,505,329,Piotr Zieliński,https://media.api-sports.io/football/players/329.png,11.0,7,M,6.6,False,True,0,0.0,,5.0,5,1.0,1.0,0,0,0,0,,,,,,,,,,,,,,
1377868,Inter,505,10077,Luís Henrique,https://media.api-sports.io/football/players/10077.png,4.0,11,F,,False,True,0,0.0,,2.0,2,,,0,0,0,0,,,,,,,,,,,,,,
1377868,Inter,505,91488,Raffaele Di Gennaro,https://media.api-sports.io/football/players/91488.png,,12,G,,False,True,0,,,,,,,0,0,0,0,,,,,,,,,,,,,,
1377868,Inter,505,46988,Josep Martínez,https://media.api-sports.io/football/players/46988.png,,13,G,,False,True,0,,,,,,,0,0,0,0,,,,,,,,,,,,,,
1377868,Inter,505,24953,Yann Bisseck,https://media.api-sports.io/football/players/24953.png,,31,D,,False,True,0,,,,,,,0,0,0,0,,,,,,,,,,,,,,
1377868,Inter,505,194,Stefan de Vrij,https://media.api-sports.io/football/players/194.png,,6,D,,False,True,0,,,,,,,0,0,0,0,,,,,,,,,,,,,,
1377868,Inter,505,311360,Tomás Palacios,https://media.api-sports.io/football/players/311360.png,,42,D,,False,True,0,,,,,,,0,0,0,0,,,,,,,,,,,,,,
1377868,Inter,505,31173,Davide Frattesi,https://media.api-sports.io/football/players/31173.png,,16,M,,False,True,0,,,,,,,0,0,0,0,,,,,,,,,,,,,,
1377868,Inter,505,887,Matteo Darmian,https://media.api-sports.io/football/players/887.png,,36,D,,False,True,0,,,,,,,0,0,0,0,,,,,,,,,,,,,,
1377868,Torino,503,56266,Franco Israel,https://media.api-sports.io/football/players/56266.png,90.0,81,G,5.6,False,False,5,0.0,4.0,29.0,23,,,0,0,0,0,0.0,,,,,,,,,,,,,
1377868,Torino,503,25353,Valentino Lazaro,https://media.api-sports.io/football/players/25353.png,79.0,20,D,5.6,False,False,0,0.0,,44.0,39,6.0,4.0,0,0,0,0,,2.0,,2.0,2.0,1.0,1.0,,,,,1.0,,
1377868,Torino,503,122468,Saúl Coco,https://media.api-sports.io/football/players/122468.png,90.0,23,D,5.9,False,False,0,0.0,,49.0,46,9.0,4.0,0,0,0,0,,1.0,,,,3.0,,,,1.0,2.0,,,
1377868,Torino,503,18799,Adam Masina,https://media.api-sports.io/football/players/18799.png,90.0,5,D,5.5,False,False,0,0.0,,49.0,44,10.0,4.0,0,0,0,0,,3.0,1.0,2.0,,2.0,,,,,1.0,1.0,,
1377868,Torino,503,30396,Cristiano Biraghi,https://media.api-sports.io/football/players/30396.png,90.0,34,D,5.6,False,False,0,0.0,,43.0,37,5.0,2.0,0,0,0,0,,,,,,,1.0,,,,2.0,2.0,,
1377868,Torino,503,270507,Cesare Casadei,https://media.api-sports.io/football/players/270507.png,90.0,22,M,6.7,False,False,0,0.0,,30.0,27,5.0,4.0,0,0,0,0,,,,,,,,1.0,1.0,,1.0,3.0,,
1377868,Torino,503,336573,Emirhan İlkhan,https://media.api-sports.io/football/players/336573.png,58.0,6,M,6.6,False,False,0,0.0,,33.0,30,3.0,2.0,0,0,0,0,,,,,,,,,,1.0,2.0,,,
1377868,Torino,503,343189,Gvidas Gineitis,https://media.api-sports.io/football/players/343189.png,90.0,66,M,5.6,False,False,0,0.0,,28.0,20,10.0,6.0,0,0,0,0,,1.0,1.0,5.0,4.0,,1.0,,,1.0,1.0,,,
1377868,Torino,503,85,Cyril Ngonge,https://media.api-sports.io/football/players/85.png,80.0,26,F,6.2,False,False,0,0.0,,12.0,7,4.0,2.0,0,0,0,0,,,,,,,,1.0,1.0,,2.0,1.0,,
1377868,Torino,503,30414,Giovanni Simeone,https://media.api-sports.io/football/players/30414.png,64.0,18,F,6.3,False,False,0,0.0,,12.0,10,7.0,1.0,0,0,0,0,,,,,,,,2.0,,,,,,
1377868,Torino,503,842,Nikola Vlašić,https://media.api-sports.io/football/players/842.png,57.0,10,F,6.3,True,False,0,0.0,,22.0,20,6.0,1.0,0,0,0,0,,,,,,,2.0,1.0,1.0,,,1.0,,
1377868,Torino,503,243,Zakaria Aboukhlal,https://media.api-sports.io/football/players/243.png,33.0,7,F,6.9,False,True,0,0.0,,4.0,4,2.0,2.0,0,0,0,0,,2.0,,,,,,1.0,1.0,,,,,1.0
1377868,Torino,503,22174,Adrien Tameze,https://media.api-sports.io/football/players/22174.png,32.0,61,M,6.2,False,True,0,0.0,,12.0,11,4.0,3.0,0,0,0,0,,1.0,1.0,,,,,,,,2.0,1.0,,
1377868,Torino,503,19524,Che Adams,https://media.api-sports.io/football/players/19524.png,26.0,19,F,6.5,False,True,0,0.0,,4.0,3,2.0,1.0,0,0,0,0,,,,1.0,1.0,,,1.0,,,,,,
1377868,Torino,503,138777,Faustino Anjorin,https://media.api-sports.io/football/players/138777.png,11.0,14,M,6.3,False,True,0,0.0,,1.0,1,2.0,1.0,0,0,0,0,,,,,,,,,,,1.0,,,
1377868,Torino,503,39362,Marcus Pedersen,https://media.api-sports.io/football/players/39362.png,10.0,16,D,6.9,False,True,0,0.0,,7.0,6,2.0,1.0,0,0,0,0,,,,1.0,1.0,,,,,,,,,
1377868,Torino,503,42796,Mihai Popa,https://media.api-sports.io/football/players/42796.png,,71,G,,False,True,0,,,,,,,0,0,0,0,,,,,,,,,,,,,,
1377868,Torino,503,30642,Alberto Paleari,https://media.api-sports.io/football/players/30642.png,,1,G,,False,True,0,,,,,,,0,0,0,0,,,,,,,,,,,,,,
1377868,Torino,503,2553,Guillermo Maripán,https://media.api-sports.io/football/players/2553.png,,13,D,,False,True,0,,,,,,,0,0,0,0,,,,,,,,,,,,,,
1377868,Torino,503,438215,Côme Bianay Balcot,https://media.api-sports.io/football/players/438215.png,,80,D,,False,True,0,,,,,,,0,0,0,0,,,,,,,,,,,,,,
1377868,Torino,503,46170,Ivan Ilić,https://media.api-sports.io/football/players/46170.png,,8,M,,False,True,0,,,,,,,0,0,0,0,,,,,,,,,,,,,,
1377868,Torino,503,452430,Sergiu Perciun,https://media.api-sports.io/football/players/452430.png,,83,M,,False,True,0,,,,,,,0,0,0,0,,,,,,,,,,,,,,
1377868,Torino,503,349232,Ali Dembele,https://media.api-sports.io/football/players/349232.png,,21,D,,False,True,0,,,,,,,0,0,0,0,,,,,,,,,,,,,,
1377868,Torino,503,2495,Duván Zapata,https://media.api-sports.io/football/players/2495.png,,91,F,,False,True,0,,,,,,,0,0,0,0,,,,,,,,,,,,,,
1377868,Torino,503,383006,Alieu Njie,https://media.api-sports.io/football/players/383006.png,,92,F,,False,True,0,,,,,,,0,0,0,0,,,,,,,,,,,,,,
1377868,Torino,503,56266,Franco Israel,https://media.api-sports.io/football/players/56266.png,90.0,81,G,5.6,False,False,5,0.0,4.0,29.0,23,,,0,0,0,0,0.0,,,,,,,,,,,,,
1377868,Torino,503,25353,Valentino Lazaro,https://media.api-sports.io/football/players/25353.png,79.0,20,D,5.6,False,False,0,0.0,,44.0,39,6.0,4.0,0,0,0,0,,2.0,,2.0,2.0,1.0,1.0,,,,,1.0,,
1377868,Torino,503,122468,Saúl Coco,https://media.api-sports.io/football/players/122468.png,90.0,23,D,5.9,False,False,0,0.0,,49.0,46,9.0,4.0,0,0,0,0,,1.0,,,,3.0,,,,1.0,2.0,,,
1377868,Torino,503,18799,Adam Masina,https://media.api-sports.io/football/players/18799.png,90.0,5,D,5.5,False,False,0,0.0,,49.0,44,10.0,4.0,0,0,0,0,,3.0,1.0,2.0,,2.0,,,,,1.0,1.0,,
1377868,Torino,503,30396,Cristiano Biraghi,https://media.api-sports.io/football/players/30396.png,90.0,34,D,5.6,False,False,0,0.0,,43.0,37,5.0,2.0,0,0,0,0,,,,,,,1.0,,,,2.0,2.0,,
1377868,Torino,503,270507,Cesare Casadei,https://media.api-sports.io/football/players/270507.png,90.0,22,M,6.7,False,False,0,0.0,,30.0,27,5.0,4.0,0,0,0,0,,,,,,,,1.0,1.0,,1.0,3.0,,
1377868,Torino,503,336573,Emirhan İlkhan,https://media.api-sports.io/football/players/336573.png,58.0,6,M,6.6,False,False,0,0.0,,33.0,30,3.0,2.0,0,0,0,0,,,,,,,,,,1.0,2.0,,,
1377868,Torino,503,343189,Gvidas Gineitis,https://media.api-sports.io/football/players/343189.png,90.0,66,M,5.6,False,False,0,0.0,,28.0,20,10.0,6.0,0,0,0,0,,1.0,1.0,5.0,4.0,,1.0,,,1.0,1.0,,,
1377868,Torino,503,85,Cyril Ngonge,https://media.api-sports.io/football/players/85.png,80.0,26,F,6.2,False,False,0,0.0,,12.0,7,4.0,2.0,0,0,0,0,,,,,,,,1.0,1.0,,2.0,1.0,,
1377868,Torino,503,30414,Giovanni Simeone,https://media.api-sports.io/football/players/30414.png,64.0,18,F,6.3,False,False,0,0.0,,12.0,10,7.0,1.0,0,0,0,0,,,,,,,,2.0,,,,,,
1377868,Torino,503,842,Nikola Vlašić,https://media.api-sports.io/football/players/842.png,57.0,10,F,6.3,True,False,0,0.0,,22.0,20,6.0,1.0,0,0,0,0,,,,,,,2.0,1.0,1.0,,,1.0,,
1377868,Torino,503,243,Zakaria Aboukhlal,https://media.api-sports.io/football/players/243.png,33.0,7,F,6.9,False,True,0,0.0,,4.0,4,2.0,2.0,0,0,0,0,,2.0,,,,,,1.0,1.0,,,,,1.0
1377868,Torino,503,22174,Adrien Tameze,https://media.api-sports.io/football/players/22174.png,32.0,61,M,6.2,False,True,0,0.0,,12.0,11,4.0,3.0,0,0,0,0,,1.0,1.0,,,,,,,,2.0,1.0,,
1377868,Torino,503,19524,Che Adams,https://media.api-sports.io/football/players/19524.png,26.0,19,F,6.5,False,True,0,0.0,,4.0,3,2.0,1.0,0,0,0,0,,,,1.0,1.0,,,1.0,,,,,,
1377868,Torino,503,138777,Faustino Anjorin,https://media.api-sports.io/football/players/138777.png,11.0,14,M,6.3,False,True,0,0.0,,1.0,1,2.0,1.0,0,0,0,0,,,,,,,,,,,1.0,,,
1377868,Torino,503,39362,Marcus Pedersen,https://media.api-sports.io/football/players/39362.png,10.0,16,D,6.9,False,True,0,0.0,,7.0,6,2.0,1.0,0,0,0,0,,,,1.0,1.0,,,,,,,,,
1377868,Torino,503,42796,Mihai Popa,https://media.api-sports.io/football/players/42796.png,,71,G,,False,True,0,,,,,,,0,0,0,0,,,,,,,,,,,,,,
1377868,Torino,503,30642,Alberto Paleari,https://media.api-sports.io/football/players/30642.png,,1,G,,False,True,0,,,,,,,0,0,0,0,,,,,,,,,,,,,,
1377868,Torino,503,2553,Guillermo Maripán,https://media.api-sports.io/football/players/2553.png,,13,D,,False,True,0,,,,,,,0,0,0,0,,,,,,,,,,,,,,
1377868,Torino,503,438215,Côme Bianay Balcot,https://media.api-sports.io/football/players/438215.png,,80,D,,False,True,0,,,,,,,0,0,0,0,,,,,,,,,,,,,,
1377868,Torino,503,46170,Ivan Ilić,https://media.api-sports.io/football/players/46170.png,,8,M,,False,True,0,,,,,,,0,0,0,0,,,,,,,,,,,,,,
1377868,Torino,503,452430,Sergiu Perciun,https://media.api-sports.io/football/players/452430.png,,83,M,,False,True,0,,,,,,,0,0,0,0,,,,,,,,,,,,,,
1377868,Torino,503,349232,Ali Dembele,https://media.api-sports.io/football/players/349232.png,,21,D,,False,True,0,,,,,,,0,0,0,0,,,,,,,,,,,,,,
1377868,Torino,503,2495,Duván Zapata,https://media.api-sports.io/football/players/2495.png,,91,F,,False,True,0,,,,,,,0,0,0,0,,,,,,,,,,,,,,
1377868,Torino,503,383006,Alieu Njie,https://media.api-sports.io/football/players/383006.png,,92,F,,False,True,0,,,,,,,0,0,0,0,,,,,,,,,,,,,,
