fixture_id,team_id,team_name,team_logo,team_colors_player_primary,team_colors_player_number,team_colors_player_border,team_colors_goalkeeper_primary,team_colors_goalkeeper_number,team_colors_goalkeeper_border,coach_id,coach_name,coach_photo,formation,player_id,player_name,player_number,player_pos,player_grid,is_substitute
1388308,157,Bayern München,https://media.api-sports.io/football/teams/157.png,f23a3a,ffffff,f23a3a,38ecae,000000,38ecae,12590,Vincent Jean Mpoy Kompany,https://media.api-sports.io/football/coachs/12590.png,4-2-3-1,497,M. Neuer,1,G,1:1,False
1388308,157,Bayern München,https://media.api-sports.io/football/teams/157.png,f23a3a,ffffff,f23a3a,38ecae,000000,38ecae,12590,Vincent Jean Mpoy Kompany,https://media.api-sports.io/football/coachs/12590.png,4-2-3-1,1157,K. Laimer,27,D,2:4,False
1388308,157,Bayern München,https://media.api-sports.io/football/teams/157.png,f23a3a,ffffff,f23a3a,38ecae,000000,38ecae,12590,Vincent Jean Mpoy Kompany,https://media.api-sports.io/football/coachs/12590.png,4-2-3-1,1149,D. Upamecano,2,D,2:3,False
1388308,157,Bayern München,https://media.api-sports.io/football/teams/157.png,f23a3a,ffffff,f23a3a,38ecae,000000,38ecae,12590,Vincent Jean Mpoy Kompany,https://media.api-sports.io/football/coachs/12590.png,4-2-3-1,972,J. Tah,4,D,2:2,False
1388308,157,Bayern München,https://media.api-sports.io/football/teams/157.png,f23a3a,ffffff,f23a3a,38ecae,000000,38ecae,12590,Vincent Jean Mpoy Kompany,https://media.api-sports.io/football/coachs/12590.png,4-2-3-1,125171,J. Stanišić,44,D,2:1,False
1388308,157,Bayern München,https://media.api-sports.io/football/teams/157.png,f23a3a,ffffff,f23a3a,38ecae,000000,38ecae,12590,Vincent Jean Mpoy Kompany,https://media.api-sports.io/football/coachs/12590.png,4-2-3-1,502,J. Kimmich,6,M,3:2,False
1388308,157,Bayern München,https://media.api-sports.io/football/teams/157.png,f23a3a,ffffff,f23a3a,38ecae,000000,38ecae,12590,Vincent Jean Mpoy Kompany,https://media.api-sports.io/football/coachs/12590.png,4-2-3-1,511,L. Goretzka,8,M,3:1,False
1388308,157,Bayern München,https://media.api-sports.io/football/teams/157.png,f23a3a,ffffff,f23a3a,38ecae,000000,38ecae,12590,Vincent Jean Mpoy Kompany,https://media.api-sports.io/football/coachs/12590.png,4-2-3-1,19617,M. Olise,17,M,4:3,False
1388308,157,Bayern München,https://media.api-sports.io/football/teams/157.png,f23a3a,ffffff,f23a3a,38ecae,000000,38ecae,12590,Vincent Jean Mpoy Kompany,https://media.api-sports.io/football/coachs/12590.png,4-2-3-1,510,S. Gnabry,7,M,4:2,False
1388308,157,Bayern München,https://media.api-sports.io/football/teams/157.png,f23a3a,ffffff,f23a3a,38ecae,000000,38ecae,12590,Vincent Jean Mpoy Kompany,https://media.api-sports.io/football/coachs/12590.png,4-2-3-1,2489,L. Díaz,14,M,4:1,False
1388308,157,Bayern München,https://media.api-sports.io/football/teams/157.png,f23a3a,ffffff,f23a3a,38ecae,000000,38ecae,12590,Vincent Jean Mpoy Kompany,https://media.api-sports.io/football/coachs/12590.png,4-2-3-1,184,H. Kane,9,F,5:1,False
1388308,157,Bayern München,https://media.api-sports.io/football/teams/157.png,f23a3a,ffffff,f23a3a,38ecae,000000,38ecae,12590,Vincent Jean Mpoy Kompany,https://media.api-sports.io/football/coachs/12590.png,4-2-3-1,436443,J. Kusi-Asare,41,F,,True
1388308,157,Bayern München,https://media.api-sports.io/football/teams/157.png,f23a3a,ffffff,f23a3a,38ecae,000000,38ecae,12590,Vincent Jean Mpoy Kompany,https://media.api-sports.io/football/coachs/12590.png,4-2-3-1,2195,S. Boey,23,D,,True
1388308,157,Bayern München,https://media.api-sports.io/football/teams/157.png,f23a3a,ffffff,f23a3a,38ecae,000000,38ecae,12590,Vincent Jean Mpoy Kompany,https://media.api-sports.io/football/coachs/12590.png,4-2-3-1,494131,L. Karl,42,M,,True
1388308,157,Bayern München,https://media.api-sports.io/football/teams/157.png,f23a3a,ffffff,f23a3a,38ecae,000000,38ecae,12590,Vincent Jean Mpoy Kompany,https://media.api-sports.io/football/coachs/12590.png,4-2-3-1,2897,Kim Min-Jae,3,D,,True
1388308,157,Bayern München,https://media.api-sports.io/football/teams/157.png,f23a3a,ffffff,f23a3a,38ecae,000000,38ecae,12590,Vincent Jean Mpoy Kompany,https://media.api-sports.io/football/coachs/12590.png,4-2-3-1,328033,A. Pavlović,45,M,,True
1388308,157,Bayern München,https://media.api-sports.io/football/teams/157.png,f23a3a,ffffff,f23a3a,38ecae,000000,38ecae,12590,Vincent Jean Mpoy Kompany,https://media.api-sports.io/football/coachs/12590.png,4-2-3-1,8,Raphaël Guerreiro,22,D,,True
1388308,157,Bayern München,https://media.api-sports.io/football/teams/157.png,f23a3a,ffffff,f23a3a,38ecae,000000,38ecae,12590,Vincent Jean Mpoy Kompany,https://media.api-sports.io/football/coachs/12590.png,4-2-3-1,203376,J. Urbig,40,G,,True
1388308,157,Bayern München,https://media.api-sports.io/football/teams/157.png,f23a3a,ffffff,f23a3a,38ecae,000000,38ecae,12590,Vincent Jean Mpoy Kompany,https://media.api-sports.io/football/coachs/12590.png,4-2-3-1,498,S. Ulreich,26,G,,True
1388308,157,Bayern München,https://media.api-sports.io/football/teams/157.png,f23a3a,ffffff,f23a3a,38ecae,000000,38ecae,12590,Vincent Jean Mpoy Kompany,https://media.api-sports.io/football/coachs/12590.png,4-2-3-1,496738,W. Mike,36,F,,True
1388308,173,RB Leipzig,https://media.api-sports.io/football/teams/173.png,ffffff,ff0000,ffffff,73e0f0,100c09,73e0f0,1348,Ole Werner,https://media.api-sports.io/football/coachs/1348.png,4-3-3,1139,P. Gulácsi,1,G,1:1,False
1388308,173,RB Leipzig,https://media.api-sports.io/football/teams/173.png,ffffff,ff0000,ffffff,73e0f0,100c09,73e0f0,1348,Ole Werner,https://media.api-sports.io/football/coachs/1348.png,4-3-3,25917,R. Baku,17,D,2:4,False
1388308,173,RB Leipzig,https://media.api-sports.io/football/teams/173.png,ffffff,ff0000,ffffff,73e0f0,100c09,73e0f0,1348,Ole Werner,https://media.api-sports.io/football/coachs/1348.png,4-3-3,1148,W. Orbán,4,D,2:3,False
1388308,173,RB Leipzig,https://media.api-sports.io/football/teams/173.png,ffffff,ff0000,ffffff,73e0f0,100c09,73e0f0,1348,Ole Werner,https://media.api-sports.io/football/coachs/1348.png,4-3-3,162761,C. Lukeba,23,D,2:2,False
1388308,173,RB Leipzig,https://media.api-sports.io/football/teams/173.png,ffffff,ff0000,ffffff,73e0f0,100c09,73e0f0,1348,Ole Werner,https://media.api-sports.io/football/coachs/1348.png,4-3-3,25158,D. Raum,22,D,2:1,False
1388308,173,RB Leipzig,https://media.api-sports.io/football/teams/173.png,ffffff,ff0000,ffffff,73e0f0,100c09,73e0f0,1348,Ole Werner,https://media.api-sports.io/football/coachs/1348.png,4-3-3,1095,X. Schlager,24,M,3:3,False
1388308,173,RB Leipzig,https://media.api-sports.io/football/teams/173.png,ffffff,ff0000,ffffff,73e0f0,100c09,73e0f0,1348,Ole Werner,https://media.api-sports.io/football/coachs/1348.png,4-3-3,7328,N. Seiwald,13,M,3:2,False
1388308,173,RB Leipzig,https://media.api-sports.io/football/teams/173.png,ffffff,ff0000,ffffff,73e0f0,100c09,73e0f0,1348,Ole Werner,https://media.api-sports.io/football/coachs/1348.png,4-3-3,162016,X. Simons,10,M,3:1,False
1388308,173,RB Leipzig,https://media.api-sports.io/football/teams/173.png,ffffff,ff0000,ffffff,73e0f0,100c09,73e0f0,1348,Ole Werner,https://media.api-sports.io/football/coachs/1348.png,4-3-3,290549,J. Bakayoko,9,F,4:3,False
1388308,173,RB Leipzig,https://media.api-sports.io/football/teams/173.png,ffffff,ff0000,ffffff,73e0f0,100c09,73e0f0,1348,Ole Werner,https://media.api-sports.io/football/coachs/1348.png,4-3-3,86,L. Openda,11,F,4:2,False
1388308,173,RB Leipzig,https://media.api-sports.io/football/teams/173.png,ffffff,ff0000,ffffff,73e0f0,100c09,73e0f0,1348,Ole Werner,https://media.api-sports.io/football/coachs/1348.png,4-3-3,513776,Y. Diomande,49,F,4:1,False
1388308,173,RB Leipzig,https://media.api-sports.io/football/teams/173.png,ffffff,ff0000,ffffff,73e0f0,100c09,73e0f0,1348,Ole Werner,https://media.api-sports.io/football/coachs/1348.png,4-3-3,380978,A. Ouédraogo,20,M,,True
1388308,173,RB Leipzig,https://media.api-sports.io/football/teams/173.png,ffffff,ff0000,ffffff,73e0f0,100c09,73e0f0,1348,Ole Werner,https://media.api-sports.io/football/coachs/1348.png,4-3-3,343286,E. Banzuzi,6,M,,True
1388308,173,RB Leipzig,https://media.api-sports.io/football/teams/173.png,ffffff,ff0000,ffffff,73e0f0,100c09,73e0f0,1348,Ole Werner,https://media.api-sports.io/football/coachs/1348.png,4-3-3,715,C. Baumgartner,14,M,,True
1388308,173,RB Leipzig,https://media.api-sports.io/football/teams/173.png,ffffff,ff0000,ffffff,73e0f0,100c09,73e0f0,1348,Ole Werner,https://media.api-sports.io/football/coachs/1348.png,4-3-3,326102,Rômulo,40,F,,True
1388308,173,RB Leipzig,https://media.api-sports.io/football/teams/173.png,ffffff,ff0000,ffffff,73e0f0,100c09,73e0f0,1348,Ole Werner,https://media.api-sports.io/football/coachs/1348.png,4-3-3,314511,A. Nusa,7,M,,True
1388308,173,RB Leipzig,https://media.api-sports.io/football/teams/173.png,ffffff,ff0000,ffffff,73e0f0,100c09,73e0f0,1348,Ole Werner,https://media.api-sports.io/football/coachs/1348.png,4-3-3,37143,L. Geertruida,2,D,,True
1388308,173,RB Leipzig,https://media.api-sports.io/football/teams/173.png,ffffff,ff0000,ffffff,73e0f0,100c09,73e0f0,1348,Ole Werner,https://media.api-sports.io/football/coachs/1348.png,4-3-3,342320,K. Nedeljković,19,D,,True
1388308,173,RB Leipzig,https://media.api-sports.io/football/teams/173.png,ffffff,ff0000,ffffff,73e0f0,100c09,73e0f0,1348,Ole Werner,https://media.api-sports.io/football/coachs/1348.png,4-3-3,268571,E. Bitshiabu,5,D,,True
1388308,173,RB Leipzig,https://media.api-sports.io/football/teams/173.png,ffffff,ff0000,ffffff,73e0f0,100c09,73e0f0,1348,Ole Werner,https://media.api-sports.io/football/coachs/1348.png,4-3-3,1924,M. Vandevoordt,26,G,,True
1388312,160,SC Freiburg,https://media.api-sports.io/football/teams/160.png,f6f4f4,121212,f6f4f4,e4e136,0b0909,e4e136,23027,Julian Schuster,https://media.api-sports.io/football/coachs/23027.png,4-2-3-1,178768,N. Atubolu,1,G,1:1,False
1388312,160,SC Freiburg,https://media.api-sports.io/football/teams/160.png,f6f4f4,121212,f6f4f4,e4e136,0b0909,e4e136,23027,Julian Schuster,https://media.api-sports.io/football/coachs/23027.png,4-2-3-1,26239,L. Kübler,17,D,2:4,False
1388312,160,SC Freiburg,https://media.api-sports.io/football/teams/160.png,f6f4f4,121212,f6f4f4,e4e136,0b0909,e4e136,23027,Julian Schuster,https://media.api-sports.io/football/coachs/23027.png,4-2-3-1,2915,M. Ginter,28,D,2:3,False
1388312,160,SC Freiburg,https://media.api-sports.io/football/teams/160.png,f6f4f4,121212,f6f4f4,e4e136,0b0909,e4e136,23027,Julian Schuster,https://media.api-sports.io/football/coachs/23027.png,4-2-3-1,26240,P. Lienhart,3,D,2:2,False
1388312,160,SC Freiburg,https://media.api-sports.io/football/teams/160.png,f6f4f4,121212,f6f4f4,e4e136,0b0909,e4e136,23027,Julian Schuster,https://media.api-sports.io/football/coachs/23027.png,4-2-3-1,26236,C. Günter,30,D,2:1,False
1388312,160,SC Freiburg,https://media.api-sports.io/football/teams/160.png,f6f4f4,121212,f6f4f4,e4e136,0b0909,e4e136,23027,Julian Schuster,https://media.api-sports.io/football/coachs/23027.png,4-2-3-1,2917,M. Eggestein,8,M,3:2,False
1388312,160,SC Freiburg,https://media.api-sports.io/football/teams/160.png,f6f4f4,121212,f6f4f4,e4e136,0b0909,e4e136,23027,Julian Schuster,https://media.api-sports.io/football/coachs/23027.png,4-2-3-1,406244,J. Manzambi,44,M,3:1,False
1388312,160,SC Freiburg,https://media.api-sports.io/football/teams/160.png,f6f4f4,121212,f6f4f4,e4e136,0b0909,e4e136,23027,Julian Schuster,https://media.api-sports.io/football/coachs/23027.png,4-2-3-1,202526,E. Dinkçi,18,M,4:3,False
1388312,160,SC Freiburg,https://media.api-sports.io/football/teams/160.png,f6f4f4,121212,f6f4f4,e4e136,0b0909,e4e136,23027,Julian Schuster,https://media.api-sports.io/football/coachs/23027.png,4-2-3-1,199143,Y. Suzuki,14,M,4:2,False
1388312,160,SC Freiburg,https://media.api-sports.io/football/teams/160.png,f6f4f4,121212,f6f4f4,e4e136,0b0909,e4e136,23027,Julian Schuster,https://media.api-sports.io/football/coachs/23027.png,4-2-3-1,26248,V. Grifo,32,M,4:1,False
1388312,160,SC Freiburg,https://media.api-sports.io/football/teams/160.png,f6f4f4,121212,f6f4f4,e4e136,0b0909,e4e136,23027,Julian Schuster,https://media.api-sports.io/football/coachs/23027.png,4-2-3-1,26255,L. Höler,9,F,5:1,False
1388312,160,SC Freiburg,https://media.api-sports.io/football/teams/160.png,f6f4f4,121212,f6f4f4,e4e136,0b0909,e4e136,23027,Julian Schuster,https://media.api-sports.io/football/coachs/23027.png,4-2-3-1,286710,D. Scherhant,7,F,,True
1388312,160,SC Freiburg,https://media.api-sports.io/football/teams/160.png,f6f4f4,121212,f6f4f4,e4e136,0b0909,e4e136,23027,Julian Schuster,https://media.api-sports.io/football/coachs/23027.png,4-2-3-1,191160,J. Makengo,33,D,,True
1388312,160,SC Freiburg,https://media.api-sports.io/football/teams/160.png,f6f4f4,121212,f6f4f4,e4e136,0b0909,e4e136,23027,Julian Schuster,https://media.api-sports.io/football/coachs/23027.png,4-2-3-1,202854,M. Röhl,34,M,,True
1388312,160,SC Freiburg,https://media.api-sports.io/football/teams/160.png,f6f4f4,121212,f6f4f4,e4e136,0b0909,e4e136,23027,Julian Schuster,https://media.api-sports.io/football/coachs/23027.png,4-2-3-1,431149,C. Irié,22,F,,True
1388312,160,SC Freiburg,https://media.api-sports.io/football/teams/160.png,f6f4f4,121212,f6f4f4,e4e136,0b0909,e4e136,23027,Julian Schuster,https://media.api-sports.io/football/coachs/23027.png,4-2-3-1,25905,F. Müller,21,G,,True
1388312,160,SC Freiburg,https://media.api-sports.io/football/teams/160.png,f6f4f4,121212,f6f4f4,e4e136,0b0909,e4e136,23027,Julian Schuster,https://media.api-sports.io/football/coachs/23027.png,4-2-3-1,15874,A. Jung,5,D,,True
1388312,160,SC Freiburg,https://media.api-sports.io/football/teams/160.png,f6f4f4,121212,f6f4f4,e4e136,0b0909,e4e136,23027,Julian Schuster,https://media.api-sports.io/football/coachs/23027.png,4-2-3-1,26250,N. Höfler,27,M,,True
1388312,160,SC Freiburg,https://media.api-sports.io/football/teams/160.png,f6f4f4,121212,f6f4f4,e4e136,0b0909,e4e136,23027,Julian Schuster,https://media.api-sports.io/football/coachs/23027.png,4-2-3-1,125173,J. Adamu,20,F,,True
1388312,160,SC Freiburg,https://media.api-sports.io/football/teams/160.png,f6f4f4,121212,f6f4f4,e4e136,0b0909,e4e136,23027,Julian Schuster,https://media.api-sports.io/football/coachs/23027.png,4-2-3-1,361393,B. Ogbus,43,D,,True
1388312,170,FC Augsburg,https://media.api-sports.io/football/teams/170.png,0c0b0b,f7f7f7,0c0b0b,502665,f1f0f0,502665,14910,Sandro Wagner,https://media.api-sports.io/football/coachs/14910.png,3-4-3,25903,F. Dahmen,1,G,1:1,False
1388312,170,FC Augsburg,https://media.api-sports.io/football/teams/170.png,0c0b0b,f7f7f7,0c0b0b,502665,f1f0f0,502665,14910,Sandro Wagner,https://media.api-sports.io/football/coachs/14910.png,3-4-3,163039,C. Matsima,5,D,2:3,False
1388312,170,FC Augsburg,https://media.api-sports.io/football/teams/170.png,0c0b0b,f7f7f7,0c0b0b,502665,f1f0f0,502665,14910,Sandro Wagner,https://media.api-sports.io/football/coachs/14910.png,3-4-3,25290,J. Gouweleeuw,6,D,2:2,False
1388312,170,FC Augsburg,https://media.api-sports.io/football/teams/170.png,0c0b0b,f7f7f7,0c0b0b,502665,f1f0f0,502665,14910,Sandro Wagner,https://media.api-sports.io/football/coachs/14910.png,3-4-3,26242,K. Schlotterbeck,31,D,2:1,False
1388312,170,FC Augsburg,https://media.api-sports.io/football/teams/170.png,0c0b0b,f7f7f7,0c0b0b,502665,f1f0f0,502665,14910,Sandro Wagner,https://media.api-sports.io/football/coachs/14910.png,3-4-3,26,M. Wolf,27,M,3:4,False
1388312,170,FC Augsburg,https://media.api-sports.io/football/teams/170.png,0c0b0b,f7f7f7,0c0b0b,502665,f1f0f0,502665,14910,Sandro Wagner,https://media.api-sports.io/football/coachs/14910.png,3-4-3,143831,R. Fellhauer,19,M,3:3,False
1388312,170,FC Augsburg,https://media.api-sports.io/football/teams/170.png,0c0b0b,f7f7f7,0c0b0b,502665,f1f0f0,502665,14910,Sandro Wagner,https://media.api-sports.io/football/coachs/14910.png,3-4-3,110,H. Massengo,4,M,3:2,False
1388312,170,FC Augsburg,https://media.api-sports.io/football/teams/170.png,0c0b0b,f7f7f7,0c0b0b,502665,f1f0f0,502665,14910,Sandro Wagner,https://media.api-sports.io/football/coachs/14910.png,3-4-3,2360,D. Giannoulis,13,M,3:1,False
1388312,170,FC Augsburg,https://media.api-sports.io/football/teams/170.png,0c0b0b,f7f7f7,0c0b0b,502665,f1f0f0,502665,14910,Sandro Wagner,https://media.api-sports.io/football/coachs/14910.png,3-4-3,14395,K. Jakić,17,F,4:3,False
1388312,170,FC Augsburg,https://media.api-sports.io/football/teams/170.png,0c0b0b,f7f7f7,0c0b0b,502665,f1f0f0,502665,14910,Sandro Wagner,https://media.api-sports.io/football/coachs/14910.png,3-4-3,348888,M. Kömür,36,F,4:2,False
1388312,170,FC Augsburg,https://media.api-sports.io/football/teams/170.png,0c0b0b,f7f7f7,0c0b0b,502665,f1f0f0,502665,14910,Sandro Wagner,https://media.api-sports.io/football/coachs/14910.png,3-4-3,323974,E. Saad,26,F,4:1,False
1388312,170,FC Augsburg,https://media.api-sports.io/football/teams/170.png,0c0b0b,f7f7f7,0c0b0b,502665,f1f0f0,502665,14910,Sandro Wagner,https://media.api-sports.io/football/coachs/14910.png,3-4-3,25355,A. Maier,10,M,,True
1388312,170,FC Augsburg,https://media.api-sports.io/football/teams/170.png,0c0b0b,f7f7f7,0c0b0b,502665,f1f0f0,502665,14910,Sandro Wagner,https://media.api-sports.io/football/coachs/14910.png,3-4-3,48574,C. Zesiger,16,D,,True
1388312,170,FC Augsburg,https://media.api-sports.io/football/teams/170.png,0c0b0b,f7f7f7,0c0b0b,502665,f1f0f0,502665,14910,Sandro Wagner,https://media.api-sports.io/football/coachs/14910.png,3-4-3,25413,E. Rexhbeçaj,8,M,,True
1388312,170,FC Augsburg,https://media.api-sports.io/football/teams/170.png,0c0b0b,f7f7f7,0c0b0b,502665,f1f0f0,502665,14910,Sandro Wagner,https://media.api-sports.io/football/coachs/14910.png,3-4-3,26171,P. Tietz,21,F,,True
1388312,170,FC Augsburg,https://media.api-sports.io/football/teams/170.png,0c0b0b,f7f7f7,0c0b0b,502665,f1f0f0,502665,14910,Sandro Wagner,https://media.api-sports.io/football/coachs/14910.png,3-4-3,413065,N. Banks,40,D,,True
1388312,170,FC Augsburg,https://media.api-sports.io/football/teams/170.png,0c0b0b,f7f7f7,0c0b0b,502665,f1f0f0,502665,14910,Sandro Wagner,https://media.api-sports.io/football/coachs/14910.png,3-4-3,3395,S. Mounié,15,F,,True
1388312,170,FC Augsburg,https://media.api-sports.io/football/teams/170.png,0c0b0b,f7f7f7,0c0b0b,502665,f1f0f0,502665,14910,Sandro Wagner,https://media.api-sports.io/football/coachs/14910.png,3-4-3,14553,N. Labrović,22,G,,True
1388312,170,FC Augsburg,https://media.api-sports.io/football/teams/170.png,0c0b0b,f7f7f7,0c0b0b,502665,f1f0f0,502665,14910,Sandro Wagner,https://media.api-sports.io/football/coachs/14910.png,3-4-3,343710,K. Dong,29,F,,True
1388312,170,FC Augsburg,https://media.api-sports.io/football/teams/170.png,0c0b0b,f7f7f7,0c0b0b,502665,f1f0f0,502665,14910,Sandro Wagner,https://media.api-sports.io/football/coachs/14910.png,3-4-3,15901,M. Pedersen,3,D,,True
1388309,168,Bayer Leverkusen,https://media.api-sports.io/football/teams/168.png,3b373c,ffffff,3b373c,f5903a,f5f9fa,f5903a,1993,Erik ten Hag,https://media.api-sports.io/football/coachs/1993.png,3-4-2-1,26232,M. Flekken,1,G,1:1,False
1388309,168,Bayer Leverkusen,https://media.api-sports.io/football/teams/168.png,3b373c,ffffff,3b373c,f5903a,f5f9fa,f5903a,1993,Erik ten Hag,https://media.api-sports.io/football/coachs/1993.png,3-4-2-1,158698,J. Quansah,4,D,2:3,False
1388309,168,Bayer Leverkusen,https://media.api-sports.io/football/teams/168.png,3b373c,ffffff,3b373c,f5903a,f5f9fa,f5903a,1993,Erik ten Hag,https://media.api-sports.io/football/coachs/1993.png,3-4-2-1,41150,E. Tapsoba,12,D,2:2,False
1388309,168,Bayer Leverkusen,https://media.api-sports.io/football/teams/168.png,3b373c,ffffff,3b373c,f5903a,f5f9fa,f5903a,1993,Erik ten Hag,https://media.api-sports.io/football/coachs/1993.png,3-4-2-1,127817,P. Hincapié,3,D,2:1,False
1388309,168,Bayer Leverkusen,https://media.api-sports.io/football/teams/168.png,3b373c,ffffff,3b373c,f5903a,f5f9fa,f5903a,1993,Erik ten Hag,https://media.api-sports.io/football/coachs/1993.png,3-4-2-1,352375,Arthur,13,M,3:4,False
1388309,168,Bayer Leverkusen,https://media.api-sports.io/football/teams/168.png,3b373c,ffffff,3b373c,f5903a,f5f9fa,f5903a,1993,Erik ten Hag,https://media.api-sports.io/football/coachs/1993.png,3-4-2-1,47516,Aleix García,24,M,3:3,False
1388309,168,Bayer Leverkusen,https://media.api-sports.io/football/teams/168.png,3b373c,ffffff,3b373c,f5903a,f5f9fa,f5903a,1993,Erik ten Hag,https://media.api-sports.io/football/coachs/1993.png,3-4-2-1,24903,R. Andrich,8,M,3:2,False
1388309,168,Bayer Leverkusen,https://media.api-sports.io/football/teams/168.png,3b373c,ffffff,3b373c,f5903a,f5f9fa,f5903a,1993,Erik ten Hag,https://media.api-sports.io/football/coachs/1993.png,3-4-2-1,563,Álex Grimaldo,20,M,3:1,False
1388309,168,Bayer Leverkusen,https://media.api-sports.io/football/teams/168.png,3b373c,ffffff,3b373c,f5903a,f5f9fa,f5903a,1993,Erik ten Hag,https://media.api-sports.io/football/coachs/1993.png,3-4-2-1,380587,I. Maza,30,F,4:2,False
1388309,168,Bayer Leverkusen,https://media.api-sports.io/football/teams/168.png,3b373c,ffffff,3b373c,f5903a,f5f9fa,f5903a,1993,Erik ten Hag,https://media.api-sports.io/football/coachs/1993.png,3-4-2-1,231029,N. Tella,23,F,4:1,False
1388309,168,Bayer Leverkusen,https://media.api-sports.io/football/teams/168.png,3b373c,ffffff,3b373c,f5903a,f5f9fa,f5903a,1993,Erik ten Hag,https://media.api-sports.io/football/coachs/1993.png,3-4-2-1,794,P. Schick,14,F,5:1,False
1388309,168,Bayer Leverkusen,https://media.api-sports.io/football/teams/168.png,3b373c,ffffff,3b373c,f5903a,f5f9fa,f5903a,1993,Erik ten Hag,https://media.api-sports.io/football/coachs/1993.png,3-4-2-1,505295,C. Kofane,35,F,,True
1388309,168,Bayer Leverkusen,https://media.api-sports.io/football/teams/168.png,3b373c,ffffff,3b373c,f5903a,f5f9fa,f5903a,1993,Erik ten Hag,https://media.api-sports.io/football/coachs/1993.png,3-4-2-1,414385,C. Echeverri,9,M,,True
1388309,168,Bayer Leverkusen,https://media.api-sports.io/football/teams/168.png,3b373c,ffffff,3b373c,f5903a,f5f9fa,f5903a,1993,Erik ten Hag,https://media.api-sports.io/football/coachs/1993.png,3-4-2-1,312840,E. Poku,19,F,,True
1388309,168,Bayer Leverkusen,https://media.api-sports.io/football/teams/168.png,3b373c,ffffff,3b373c,f5903a,f5f9fa,f5903a,1993,Erik ten Hag,https://media.api-sports.io/football/coachs/1993.png,3-4-2-1,493409,J. Mensah,27,M,,True
1388309,168,Bayer Leverkusen,https://media.api-sports.io/football/teams/168.png,3b373c,ffffff,3b373c,f5903a,f5f9fa,f5903a,1993,Erik ten Hag,https://media.api-sports.io/football/coachs/1993.png,3-4-2-1,491103,A. Tape,16,D,,True
1388309,168,Bayer Leverkusen,https://media.api-sports.io/football/teams/168.png,3b373c,ffffff,3b373c,f5903a,f5f9fa,f5903a,1993,Erik ten Hag,https://media.api-sports.io/football/coachs/1993.png,3-4-2-1,414384,A. Sarco,18,F,,True
1388309,168,Bayer Leverkusen,https://media.api-sports.io/football/teams/168.png,3b373c,ffffff,3b373c,f5903a,f5f9fa,f5903a,1993,Erik ten Hag,https://media.api-sports.io/football/coachs/1993.png,3-4-2-1,37246,J. Blaswich,28,G,,True
1388309,168,Bayer Leverkusen,https://media.api-sports.io/football/teams/168.png,3b373c,ffffff,3b373c,f5903a,f5f9fa,f5903a,1993,Erik ten Hag,https://media.api-sports.io/football/coachs/1993.png,3-4-2-1,25168,N. Lomb,36,G,,True
1388309,168,Bayer Leverkusen,https://media.api-sports.io/football/teams/168.png,3b373c,ffffff,3b373c,f5903a,f5f9fa,f5903a,1993,Erik ten Hag,https://media.api-sports.io/football/coachs/1993.png,3-4-2-1,462228,A. Natali,26,D,,True
1388309,167,1899 Hoffenheim,https://media.api-sports.io/football/teams/167.png,005296,ffffff,005296,e99903,ffffff,e99903,1918,Christian Ilzer,https://media.api-sports.io/football/coachs/1918.png,4-3-3,702,O. Baumann,1,G,1:1,False
1388309,167,1899 Hoffenheim,https://media.api-sports.io/football/teams/167.png,005296,ffffff,005296,e99903,ffffff,e99903,1918,Christian Ilzer,https://media.api-sports.io/football/coachs/1918.png,4-3-3,1231,V. Coufal,34,D,2:4,False
1388309,167,1899 Hoffenheim,https://media.api-sports.io/football/teams/167.png,005296,ffffff,005296,e99903,ffffff,e99903,1918,Christian Ilzer,https://media.api-sports.io/football/coachs/1918.png,4-3-3,162964,R. Hranáč,2,D,2:3,False
1388309,167,1899 Hoffenheim,https://media.api-sports.io/football/teams/167.png,005296,ffffff,005296,e99903,ffffff,e99903,1918,Christian Ilzer,https://media.api-sports.io/football/coachs/1918.png,4-3-3,33067,K. Machida,28,D,2:2,False
1388309,167,1899 Hoffenheim,https://media.api-sports.io/football/teams/167.png,005296,ffffff,005296,e99903,ffffff,e99903,1918,Christian Ilzer,https://media.api-sports.io/football/coachs/1918.png,4-3-3,18964,Bernardo,13,D,2:1,False
1388309,167,1899 Hoffenheim,https://media.api-sports.io/football/teams/167.png,005296,ffffff,005296,e99903,ffffff,e99903,1918,Christian Ilzer,https://media.api-sports.io/football/coachs/1918.png,4-3-3,37153,W. Burger,18,M,3:3,False
1388309,167,1899 Hoffenheim,https://media.api-sports.io/football/teams/167.png,005296,ffffff,005296,e99903,ffffff,e99903,1918,Christian Ilzer,https://media.api-sports.io/football/coachs/1918.png,4-3-3,390586,L. Avdullahu,7,M,3:2,False
1388309,167,1899 Hoffenheim,https://media.api-sports.io/football/teams/167.png,005296,ffffff,005296,e99903,ffffff,e99903,1918,Christian Ilzer,https://media.api-sports.io/football/coachs/1918.png,4-3-3,726,A. Kramarić,27,M,3:1,False
1388309,167,1899 Hoffenheim,https://media.api-sports.io/football/teams/167.png,005296,ffffff,005296,e99903,ffffff,e99903,1918,Christian Ilzer,https://media.api-sports.io/football/coachs/1918.png,4-3-3,202501,F. Asllani,11,F,4:3,False
1388309,167,1899 Hoffenheim,https://media.api-sports.io/football/teams/167.png,005296,ffffff,005296,e99903,ffffff,e99903,1918,Christian Ilzer,https://media.api-sports.io/football/coachs/1918.png,4-3-3,203040,T. Lemperle,19,F,4:2,False
1388309,167,1899 Hoffenheim,https://media.api-sports.io/football/teams/167.png,005296,ffffff,005296,e99903,ffffff,e99903,1918,Christian Ilzer,https://media.api-sports.io/football/coachs/1918.png,4-3-3,387643,B. Touré,29,F,4:1,False
1388309,167,1899 Hoffenheim,https://media.api-sports.io/football/teams/167.png,005296,ffffff,005296,e99903,ffffff,e99903,1918,Christian Ilzer,https://media.api-sports.io/football/coachs/1918.png,4-3-3,24854,G. Prömel,6,M,,True
1388309,167,1899 Hoffenheim,https://media.api-sports.io/football/teams/167.png,005296,ffffff,005296,e99903,ffffff,e99903,1918,Christian Ilzer,https://media.api-sports.io/football/coachs/1918.png,4-3-3,7327,A. Prass,22,D,,True
1388309,167,1899 Hoffenheim,https://media.api-sports.io/football/teams/167.png,005296,ffffff,005296,e99903,ffffff,e99903,1918,Christian Ilzer,https://media.api-sports.io/football/coachs/1918.png,4-3-3,25366,K. Akpoguma,25,D,,True
1388309,167,1899 Hoffenheim,https://media.api-sports.io/football/teams/167.png,005296,ffffff,005296,e99903,ffffff,e99903,1918,Christian Ilzer,https://media.api-sports.io/football/coachs/1918.png,4-3-3,279907,U. Tohumcu,17,M,,True
1388309,167,1899 Hoffenheim,https://media.api-sports.io/football/teams/167.png,005296,ffffff,005296,e99903,ffffff,e99903,1918,Christian Ilzer,https://media.api-sports.io/football/coachs/1918.png,4-3-3,304686,Arthur Chaves,35,D,,True
1388309,167,1899 Hoffenheim,https://media.api-sports.io/football/teams/167.png,005296,ffffff,005296,e99903,ffffff,e99903,1918,Christian Ilzer,https://media.api-sports.io/football/coachs/1918.png,4-3-3,350047,D. Mokwa,24,F,,True
1388309,167,1899 Hoffenheim,https://media.api-sports.io/football/teams/167.png,005296,ffffff,005296,e99903,ffffff,e99903,1918,Christian Ilzer,https://media.api-sports.io/football/coachs/1918.png,4-3-3,328262,M. Damar,10,M,,True
1388309,167,1899 Hoffenheim,https://media.api-sports.io/football/teams/167.png,005296,ffffff,005296,e99903,ffffff,e99903,1918,Christian Ilzer,https://media.api-sports.io/football/coachs/1918.png,4-3-3,163066,L. Philipp,37,G,,True
1388309,167,1899 Hoffenheim,https://media.api-sports.io/football/teams/167.png,005296,ffffff,005296,e99903,ffffff,e99903,1918,Christian Ilzer,https://media.api-sports.io/football/coachs/1918.png,4-3-3,387973,M. Moerstedt,33,F,,True
1388311,169,Eintracht Frankfurt,https://media.api-sports.io/football/teams/169.png,f00a0a,f7f2f2,f00a0a,a3e0ef,000000,a3e0ef,1549,Dino Nicolas Toppmöller,https://media.api-sports.io/football/coachs/1549.png,4-2-3-1,7288,M. Zetterer,23,G,1:1,False
1388311,169,Eintracht Frankfurt,https://media.api-sports.io/football/teams/169.png,f00a0a,f7f2f2,f00a0a,a3e0ef,000000,a3e0ef,1549,Dino Nicolas Toppmöller,https://media.api-sports.io/football/coachs/1549.png,4-2-3-1,533,R. Kristensen,13,D,2:4,False
1388311,169,Eintracht Frankfurt,https://media.api-sports.io/football/teams/169.png,f00a0a,f7f2f2,f00a0a,a3e0ef,000000,a3e0ef,1549,Dino Nicolas Toppmöller,https://media.api-sports.io/football/coachs/1549.png,4-2-3-1,269531,N. Collins,34,D,2:3,False
1388311,169,Eintracht Frankfurt,https://media.api-sports.io/football/teams/169.png,f00a0a,f7f2f2,f00a0a,a3e0ef,000000,a3e0ef,1549,Dino Nicolas Toppmöller,https://media.api-sports.io/football/coachs/1549.png,4-2-3-1,26238,R. Koch,4,D,2:2,False
1388311,169,Eintracht Frankfurt,https://media.api-sports.io/football/teams/169.png,f00a0a,f7f2f2,f00a0a,a3e0ef,000000,a3e0ef,1549,Dino Nicolas Toppmöller,https://media.api-sports.io/football/coachs/1549.png,4-2-3-1,204043,A. Theate,3,D,2:1,False
1388311,169,Eintracht Frankfurt,https://media.api-sports.io/football/teams/169.png,f00a0a,f7f2f2,f00a0a,a3e0ef,000000,a3e0ef,1549,Dino Nicolas Toppmöller,https://media.api-sports.io/football/coachs/1549.png,4-2-3-1,335094,H. Larsson,16,M,3:2,False
1388311,169,Eintracht Frankfurt,https://media.api-sports.io/football/teams/169.png,f00a0a,f7f2f2,f00a0a,a3e0ef,000000,a3e0ef,1549,Dino Nicolas Toppmöller,https://media.api-sports.io/football/coachs/1549.png,4-2-3-1,276670,F. Chaïbi,8,M,3:1,False
1388311,169,Eintracht Frankfurt,https://media.api-sports.io/football/teams/169.png,f00a0a,f7f2f2,f00a0a,a3e0ef,000000,a3e0ef,1549,Dino Nicolas Toppmöller,https://media.api-sports.io/football/coachs/1549.png,4-2-3-1,2598,R. Doan,20,M,4:3,False
1388311,169,Eintracht Frankfurt,https://media.api-sports.io/football/teams/169.png,f00a0a,f7f2f2,f00a0a,a3e0ef,000000,a3e0ef,1549,Dino Nicolas Toppmöller,https://media.api-sports.io/football/coachs/1549.png,4-2-3-1,339887,C. Uzun,42,M,4:2,False
1388311,169,Eintracht Frankfurt,https://media.api-sports.io/football/teams/169.png,f00a0a,f7f2f2,f00a0a,a3e0ef,000000,a3e0ef,1549,Dino Nicolas Toppmöller,https://media.api-sports.io/football/coachs/1549.png,4-2-3-1,369674,J. Bahoya,19,M,4:1,False
1388311,169,Eintracht Frankfurt,https://media.api-sports.io/football/teams/169.png,f00a0a,f7f2f2,f00a0a,a3e0ef,000000,a3e0ef,1549,Dino Nicolas Toppmöller,https://media.api-sports.io/football/coachs/1549.png,4-2-3-1,25926,J. Burkardt,9,F,5:1,False
1388311,169,Eintracht Frankfurt,https://media.api-sports.io/football/teams/169.png,f00a0a,f7f2f2,f00a0a,a3e0ef,000000,a3e0ef,1549,Dino Nicolas Toppmöller,https://media.api-sports.io/football/coachs/1549.png,4-2-3-1,339874,O. Højlund,6,M,,True
1388311,169,Eintracht Frankfurt,https://media.api-sports.io/football/teams/169.png,f00a0a,f7f2f2,f00a0a,a3e0ef,000000,a3e0ef,1549,Dino Nicolas Toppmöller,https://media.api-sports.io/football/coachs/1549.png,4-2-3-1,280074,N. Brown,21,D,,True
1388311,169,Eintracht Frankfurt,https://media.api-sports.io/football/teams/169.png,f00a0a,f7f2f2,f00a0a,a3e0ef,000000,a3e0ef,1549,Dino Nicolas Toppmöller,https://media.api-sports.io/football/coachs/1549.png,4-2-3-1,16,M. Götze,27,M,,True
1388311,169,Eintracht Frankfurt,https://media.api-sports.io/football/teams/169.png,f00a0a,f7f2f2,f00a0a,a3e0ef,000000,a3e0ef,1549,Dino Nicolas Toppmöller,https://media.api-sports.io/football/coachs/1549.png,4-2-3-1,162707,E. Wahi,17,F,,True
1388311,169,Eintracht Frankfurt,https://media.api-sports.io/football/teams/169.png,f00a0a,f7f2f2,f00a0a,a3e0ef,000000,a3e0ef,1549,Dino Nicolas Toppmöller,https://media.api-sports.io/football/coachs/1549.png,4-2-3-1,161922,A. Knauff,7,F,,True
1388311,169,Eintracht Frankfurt,https://media.api-sports.io/football/teams/169.png,f00a0a,f7f2f2,f00a0a,a3e0ef,000000,a3e0ef,1549,Dino Nicolas Toppmöller,https://media.api-sports.io/football/coachs/1549.png,4-2-3-1,156490,N. Nkounkou,29,D,,True
1388311,169,Eintracht Frankfurt,https://media.api-sports.io/football/teams/169.png,f00a0a,f7f2f2,f00a0a,a3e0ef,000000,a3e0ef,1549,Dino Nicolas Toppmöller,https://media.api-sports.io/football/coachs/1549.png,4-2-3-1,26291,J. Grahl,33,G,,True
1388311,169,Eintracht Frankfurt,https://media.api-sports.io/football/teams/169.png,f00a0a,f7f2f2,f00a0a,a3e0ef,000000,a3e0ef,1549,Dino Nicolas Toppmöller,https://media.api-sports.io/football/coachs/1549.png,4-2-3-1,8451,Aurélio Buta,24,D,,True
1388311,169,Eintracht Frankfurt,https://media.api-sports.io/football/teams/169.png,f00a0a,f7f2f2,f00a0a,a3e0ef,000000,a3e0ef,1549,Dino Nicolas Toppmöller,https://media.api-sports.io/football/coachs/1549.png,4-2-3-1,2927,M. Batshuayi,30,F,,True
1388311,162,Werder Bremen,https://media.api-sports.io/football/teams/162.png,ffffff,72c6ba,ffffff,f3e04f,10110e,f3e04f,6413,Horst Steffen,https://media.api-sports.io/football/coachs/6413.png,4-2-3-1,329578,M. Backhaus,30,G,1:1,False
1388311,162,Werder Bremen,https://media.api-sports.io/football/teams/162.png,ffffff,72c6ba,ffffff,f3e04f,10110e,f3e04f,6413,Horst Steffen,https://media.api-sports.io/football/coachs/6413.png,4-2-3-1,289460,J. Malatini,22,D,2:4,False
1388311,162,Werder Bremen,https://media.api-sports.io/football/teams/162.png,ffffff,72c6ba,ffffff,f3e04f,10110e,f3e04f,6413,Horst Steffen,https://media.api-sports.io/football/coachs/6413.png,4-2-3-1,2916,N. Stark,4,D,2:3,False
1388311,162,Werder Bremen,https://media.api-sports.io/football/teams/162.png,ffffff,72c6ba,ffffff,f3e04f,10110e,f3e04f,6413,Horst Steffen,https://media.api-sports.io/football/coachs/6413.png,4-2-3-1,25314,M. Friedl,32,D,2:2,False
1388311,162,Werder Bremen,https://media.api-sports.io/football/teams/162.png,ffffff,72c6ba,ffffff,f3e04f,10110e,f3e04f,6413,Horst Steffen,https://media.api-sports.io/football/coachs/6413.png,4-2-3-1,26319,F. Agu,27,D,2:1,False
1388311,162,Werder Bremen,https://media.api-sports.io/football/teams/162.png,ffffff,72c6ba,ffffff,f3e04f,10110e,f3e04f,6413,Horst Steffen,https://media.api-sports.io/football/coachs/6413.png,4-2-3-1,716,L. Bittencourt,10,M,3:2,False
1388311,162,Werder Bremen,https://media.api-sports.io/football/teams/162.png,ffffff,72c6ba,ffffff,f3e04f,10110e,f3e04f,6413,Horst Steffen,https://media.api-sports.io/football/coachs/6413.png,4-2-3-1,38798,S. Lynen,14,M,3:1,False
1388311,162,Werder Bremen,https://media.api-sports.io/football/teams/162.png,ffffff,72c6ba,ffffff,f3e04f,10110e,f3e04f,6413,Horst Steffen,https://media.api-sports.io/football/coachs/6413.png,4-2-3-1,177807,J. Njinmah,11,M,4:3,False
1388311,162,Werder Bremen,https://media.api-sports.io/football/teams/162.png,ffffff,72c6ba,ffffff,f3e04f,10110e,f3e04f,6413,Horst Steffen,https://media.api-sports.io/football/coachs/6413.png,4-2-3-1,7562,R. Schmid,20,M,4:2,False
1388311,162,Werder Bremen,https://media.api-sports.io/football/teams/162.png,ffffff,72c6ba,ffffff,f3e04f,10110e,f3e04f,6413,Horst Steffen,https://media.api-sports.io/football/coachs/6413.png,4-2-3-1,346866,S. Mbangula,7,M,4:1,False
1388311,162,Werder Bremen,https://media.api-sports.io/football/teams/162.png,ffffff,72c6ba,ffffff,f3e04f,10110e,f3e04f,6413,Horst Steffen,https://media.api-sports.io/football/coachs/6413.png,4-2-3-1,7073,M. Grüll,17,F,5:1,False
1388311,162,Werder Bremen,https://media.api-sports.io/football/teams/162.png,ffffff,72c6ba,ffffff,f3e04f,10110e,f3e04f,6413,Horst Steffen,https://media.api-sports.io/football/coachs/6413.png,4-2-3-1,216770,I. Hansen-Aarøen,21,M,,True
1388311,162,Werder Bremen,https://media.api-sports.io/football/teams/162.png,ffffff,72c6ba,ffffff,f3e04f,10110e,f3e04f,6413,Horst Steffen,https://media.api-sports.io/football/coachs/6413.png,4-2-3-1,440147,K. Coulibaly,31,D,,True
1388311,162,Werder Bremen,https://media.api-sports.io/football/teams/162.png,ffffff,72c6ba,ffffff,f3e04f,10110e,f3e04f,6413,Horst Steffen,https://media.api-sports.io/football/coachs/6413.png,4-2-3-1,334334,K. Topp,9,F,,True
1388311,162,Werder Bremen,https://media.api-sports.io/football/teams/162.png,ffffff,72c6ba,ffffff,f3e04f,10110e,f3e04f,6413,Horst Steffen,https://media.api-sports.io/football/coachs/6413.png,4-2-3-1,448468,P. Čović,24,M,,True
1388311,162,Werder Bremen,https://media.api-sports.io/football/teams/162.png,ffffff,72c6ba,ffffff,f3e04f,10110e,f3e04f,6413,Horst Steffen,https://media.api-sports.io/football/coachs/6413.png,4-2-3-1,193720,S. Alvero,28,M,,True
1388311,162,Werder Bremen,https://media.api-sports.io/football/teams/162.png,ffffff,72c6ba,ffffff,f3e04f,10110e,f3e04f,6413,Horst Steffen,https://media.api-sports.io/football/coachs/6413.png,4-2-3-1,363638,L. Opitz,35,F,,True
1388311,162,Werder Bremen,https://media.api-sports.io/football/teams/162.png,ffffff,72c6ba,ffffff,f3e04f,10110e,f3e04f,6413,Horst Steffen,https://media.api-sports.io/football/coachs/6413.png,4-2-3-1,455290,W. Adeh,34,M,,True
1388311,162,Werder Bremen,https://media.api-sports.io/football/teams/162.png,ffffff,72c6ba,ffffff,f3e04f,10110e,f3e04f,6413,Horst Steffen,https://media.api-sports.io/football/coachs/6413.png,4-2-3-1,25519,M. Kolke,25,G,,True
1388311,162,Werder Bremen,https://media.api-sports.io/football/teams/162.png,ffffff,72c6ba,ffffff,f3e04f,10110e,f3e04f,6413,Horst Steffen,https://media.api-sports.io/football/coachs/6413.png,4-2-3-1,444984,M. Schmetgens,33,D,,True
1388313,180,1. FC Heidenheim,https://media.api-sports.io/football/teams/180.png,ff0000,ffffff,ff0000,070702,ffffff,070702,1335,Frank Schmidt,https://media.api-sports.io/football/coachs/1335.png,3-4-2-1,24894,D. Ramaj,41,G,1:1,False
1388313,180,1. FC Heidenheim,https://media.api-sports.io/football/teams/180.png,ff0000,ffffff,ff0000,070702,ffffff,070702,1335,Frank Schmidt,https://media.api-sports.io/football/coachs/1335.png,3-4-2-1,24899,P. Mainka,6,D,2:3,False
1388313,180,1. FC Heidenheim,https://media.api-sports.io/football/teams/180.png,ff0000,ffffff,ff0000,070702,ffffff,070702,1335,Frank Schmidt,https://media.api-sports.io/football/coachs/1335.png,3-4-2-1,25203,B. Gimber,5,D,2:2,False
1388313,180,1. FC Heidenheim,https://media.api-sports.io/football/teams/180.png,ff0000,ffffff,ff0000,070702,ffffff,070702,1335,Frank Schmidt,https://media.api-sports.io/football/coachs/1335.png,3-4-2-1,177815,T. Siersleben,4,D,2:1,False
1388313,180,1. FC Heidenheim,https://media.api-sports.io/football/teams/180.png,ff0000,ffffff,ff0000,070702,ffffff,070702,1335,Frank Schmidt,https://media.api-sports.io/football/coachs/1335.png,3-4-2-1,24897,M. Busch,2,M,3:4,False
1388313,180,1. FC Heidenheim,https://media.api-sports.io/football/teams/180.png,ff0000,ffffff,ff0000,070702,ffffff,070702,1335,Frank Schmidt,https://media.api-sports.io/football/coachs/1335.png,3-4-2-1,127619,J. Schöppner,3,M,3:3,False
1388313,180,1. FC Heidenheim,https://media.api-sports.io/football/teams/180.png,ff0000,ffffff,ff0000,070702,ffffff,070702,1335,Frank Schmidt,https://media.api-sports.io/football/coachs/1335.png,3-4-2-1,24904,N. Dorsch,30,M,3:2,False
1388313,180,1. FC Heidenheim,https://media.api-sports.io/football/teams/180.png,ff0000,ffffff,ff0000,070702,ffffff,070702,1335,Frank Schmidt,https://media.api-sports.io/football/coachs/1335.png,3-4-2-1,24979,J. Föhrenbach,19,M,3:1,False
1388313,180,1. FC Heidenheim,https://media.api-sports.io/football/teams/180.png,ff0000,ffffff,ff0000,070702,ffffff,070702,1335,Frank Schmidt,https://media.api-sports.io/football/coachs/1335.png,3-4-2-1,327897,A. Ibrahimović,22,F,4:2,False
1388313,180,1. FC Heidenheim,https://media.api-sports.io/football/teams/180.png,ff0000,ffffff,ff0000,070702,ffffff,070702,1335,Frank Schmidt,https://media.api-sports.io/football/coachs/1335.png,3-4-2-1,283323,Léo Scienza,8,F,4:1,False
1388313,180,1. FC Heidenheim,https://media.api-sports.io/football/teams/180.png,ff0000,ffffff,ff0000,070702,ffffff,070702,1335,Frank Schmidt,https://media.api-sports.io/football/coachs/1335.png,3-4-2-1,24641,B. Zivzivadze,11,F,5:1,False
1388313,180,1. FC Heidenheim,https://media.api-sports.io/football/teams/180.png,ff0000,ffffff,ff0000,070702,ffffff,070702,1335,Frank Schmidt,https://media.api-sports.io/football/coachs/1335.png,3-4-2-1,8959,A. Beck,21,M,,True
1388313,180,1. FC Heidenheim,https://media.api-sports.io/football/teams/180.png,ff0000,ffffff,ff0000,070702,ffffff,070702,1335,Frank Schmidt,https://media.api-sports.io/football/coachs/1335.png,3-4-2-1,15732,M. Kaufmann,29,F,,True
1388313,180,1. FC Heidenheim,https://media.api-sports.io/football/teams/180.png,ff0000,ffffff,ff0000,070702,ffffff,070702,1335,Frank Schmidt,https://media.api-sports.io/football/coachs/1335.png,3-4-2-1,24955,M. Honsak,17,F,,True
1388313,180,1. FC Heidenheim,https://media.api-sports.io/football/teams/180.png,ff0000,ffffff,ff0000,070702,ffffff,070702,1335,Frank Schmidt,https://media.api-sports.io/football/coachs/1335.png,3-4-2-1,280055,L. Kerber,20,M,,True
1388313,180,1. FC Heidenheim,https://media.api-sports.io/football/teams/180.png,ff0000,ffffff,ff0000,070702,ffffff,070702,1335,Frank Schmidt,https://media.api-sports.io/football/coachs/1335.png,3-4-2-1,25502,O. Traoré,23,D,,True
1388313,180,1. FC Heidenheim,https://media.api-sports.io/football/teams/180.png,ff0000,ffffff,ff0000,070702,ffffff,070702,1335,Frank Schmidt,https://media.api-sports.io/football/coachs/1335.png,3-4-2-1,203011,J. Niehues,16,M,,True
1388313,180,1. FC Heidenheim,https://media.api-sports.io/football/teams/180.png,ff0000,ffffff,ff0000,070702,ffffff,070702,1335,Frank Schmidt,https://media.api-sports.io/football/coachs/1335.png,3-4-2-1,480613,Y. Wagner,38,F,,True
1388313,180,1. FC Heidenheim,https://media.api-sports.io/football/teams/180.png,ff0000,ffffff,ff0000,070702,ffffff,070702,1335,Frank Schmidt,https://media.api-sports.io/football/coachs/1335.png,3-4-2-1,431917,A. Kölle,28,D,,True
1388313,180,1. FC Heidenheim,https://media.api-sports.io/football/teams/180.png,ff0000,ffffff,ff0000,070702,ffffff,070702,1335,Frank Schmidt,https://media.api-sports.io/football/coachs/1335.png,3-4-2-1,24893,K. Müller,1,G,,True
1388313,161,VfL Wolfsburg,https://media.api-sports.io/football/teams/161.png,c6c6c6,95f049,c6c6c6,f66e5d,0d0d0d,f66e5d,22724,Paul Simonis,https://media.api-sports.io/football/coachs/22724.png,4-2-3-1,15573,K. Grabara,1,G,1:1,False
1388313,161,VfL Wolfsburg,https://media.api-sports.io/football/teams/161.png,c6c6c6,95f049,c6c6c6,f66e5d,0d0d0d,f66e5d,22724,Paul Simonis,https://media.api-sports.io/football/coachs/22724.png,4-2-3-1,177618,K. Fischer,2,D,2:4,False
1388313,161,VfL Wolfsburg,https://media.api-sports.io/football/teams/161.png,c6c6c6,95f049,c6c6c6,f66e5d,0d0d0d,f66e5d,22724,Paul Simonis,https://media.api-sports.io/football/coachs/22724.png,4-2-3-1,231032,M. Jenz,15,D,2:3,False
1388313,161,VfL Wolfsburg,https://media.api-sports.io/football/teams/161.png,c6c6c6,95f049,c6c6c6,f66e5d,0d0d0d,f66e5d,22724,Paul Simonis,https://media.api-sports.io/football/coachs/22724.png,4-2-3-1,162409,K. Koulierakis,4,D,2:2,False
1388313,161,VfL Wolfsburg,https://media.api-sports.io/football/teams/161.png,c6c6c6,95f049,c6c6c6,f66e5d,0d0d0d,f66e5d,22724,Paul Simonis,https://media.api-sports.io/football/coachs/22724.png,4-2-3-1,323951,A. Zehnter,25,D,2:1,False
1388313,161,VfL Wolfsburg,https://media.api-sports.io/football/teams/161.png,c6c6c6,95f049,c6c6c6,f66e5d,0d0d0d,f66e5d,22724,Paul Simonis,https://media.api-sports.io/football/coachs/22724.png,4-2-3-1,25408,M. Arnold,27,M,3:2,False
1388313,161,VfL Wolfsburg,https://media.api-sports.io/football/teams/161.png,c6c6c6,95f049,c6c6c6,f66e5d,0d0d0d,f66e5d,22724,Paul Simonis,https://media.api-sports.io/football/coachs/22724.png,4-2-3-1,10169,Vinicius Souza,5,M,3:1,False
1388313,161,VfL Wolfsburg,https://media.api-sports.io/football/teams/161.png,c6c6c6,95f049,c6c6c6,f66e5d,0d0d0d,f66e5d,22724,Paul Simonis,https://media.api-sports.io/football/coachs/22724.png,4-2-3-1,15916,A. Skov Olsen,7,M,4:3,False
1388313,161,VfL Wolfsburg,https://media.api-sports.io/football/teams/161.png,c6c6c6,95f049,c6c6c6,f66e5d,0d0d0d,f66e5d,22724,Paul Simonis,https://media.api-sports.io/football/coachs/22724.png,4-2-3-1,1321,L. Majer,10,M,4:2,False
1388313,161,VfL Wolfsburg,https://media.api-sports.io/football/teams/161.png,c6c6c6,95f049,c6c6c6,f66e5d,0d0d0d,f66e5d,22724,Paul Simonis,https://media.api-sports.io/football/coachs/22724.png,4-2-3-1,126642,P. Wimmer,39,M,4:1,False
1388313,161,VfL Wolfsburg,https://media.api-sports.io/football/teams/161.png,c6c6c6,95f049,c6c6c6,f66e5d,0d0d0d,f66e5d,22724,Paul Simonis,https://media.api-sports.io/football/coachs/22724.png,4-2-3-1,342188,D. Pejčinović,17,F,5:1,False
1388313,161,VfL Wolfsburg,https://media.api-sports.io/football/teams/161.png,c6c6c6,95f049,c6c6c6,f66e5d,0d0d0d,f66e5d,22724,Paul Simonis,https://media.api-sports.io/football/coachs/22724.png,4-2-3-1,549,V. Černý,18,M,,True
1388313,161,VfL Wolfsburg,https://media.api-sports.io/football/teams/161.png,c6c6c6,95f049,c6c6c6,f66e5d,0d0d0d,f66e5d,22724,Paul Simonis,https://media.api-sports.io/football/coachs/22724.png,4-2-3-1,25400,Y. Gerhardt,31,M,,True
1388313,161,VfL Wolfsburg,https://media.api-sports.io/football/teams/161.png,c6c6c6,95f049,c6c6c6,f66e5d,0d0d0d,f66e5d,22724,Paul Simonis,https://media.api-sports.io/football/coachs/22724.png,4-2-3-1,30484,M. Svanberg,32,M,,True
1388313,161,VfL Wolfsburg,https://media.api-sports.io/football/teams/161.png,c6c6c6,95f049,c6c6c6,f66e5d,0d0d0d,f66e5d,22724,Paul Simonis,https://media.api-sports.io/football/coachs/22724.png,4-2-3-1,200139,M. Amoura,9,F,,True
1388313,161,VfL Wolfsburg,https://media.api-sports.io/football/teams/161.png,c6c6c6,95f049,c6c6c6,f66e5d,0d0d0d,f66e5d,22724,Paul Simonis,https://media.api-sports.io/football/coachs/22724.png,4-2-3-1,380503,B. Dárdai,8,M,,True
1388313,161,VfL Wolfsburg,https://media.api-sports.io/football/teams/161.png,c6c6c6,95f049,c6c6c6,f66e5d,0d0d0d,f66e5d,22724,Paul Simonis,https://media.api-sports.io/football/coachs/22724.png,4-2-3-1,1141,M. Müller,29,G,,True
1388313,161,VfL Wolfsburg,https://media.api-sports.io/football/teams/161.png,c6c6c6,95f049,c6c6c6,f66e5d,0d0d0d,f66e5d,22724,Paul Simonis,https://media.api-sports.io/football/coachs/22724.png,4-2-3-1,394740,D. Odogu,33,D,,True
1388313,161,VfL Wolfsburg,https://media.api-sports.io/football/teams/161.png,c6c6c6,95f049,c6c6c6,f66e5d,0d0d0d,f66e5d,22724,Paul Simonis,https://media.api-sports.io/football/coachs/22724.png,4-2-3-1,449714,M. Angély,22,D,,True
1388313,161,VfL Wolfsburg,https://media.api-sports.io/football/teams/161.png,c6c6c6,95f049,c6c6c6,f66e5d,0d0d0d,f66e5d,22724,Paul Simonis,https://media.api-sports.io/football/coachs/22724.png,4-2-3-1,1302,J. Wind,23,F,,True
1388316,182,Union Berlin,https://media.api-sports.io/football/teams/182.png,ffffff,f8f7f7,ffffff,4a8f28,121111,4a8f28,1533,Steffen Baumgart,https://media.api-sports.io/football/coachs/1533.png,5-3-2,1798,F. Rønnow,1,G,1:1,False
1388316,182,Union Berlin,https://media.api-sports.io/football/teams/182.png,ffffff,f8f7f7,ffffff,4a8f28,121111,4a8f28,1533,Steffen Baumgart,https://media.api-sports.io/football/coachs/1533.png,5-3-2,24848,C. Trimmel,28,D,2:5,False
1388316,182,Union Berlin,https://media.api-sports.io/football/teams/182.png,ffffff,f8f7f7,ffffff,4a8f28,121111,4a8f28,1533,Steffen Baumgart,https://media.api-sports.io/football/coachs/1533.png,5-3-2,37117,D. Doekhi,5,D,2:4,False
1388316,182,Union Berlin,https://media.api-sports.io/football/teams/182.png,ffffff,f8f7f7,ffffff,4a8f28,121111,4a8f28,1533,Steffen Baumgart,https://media.api-sports.io/football/coachs/1533.png,5-3-2,288206,L. Querfeld,14,D,2:3,False
1388316,182,Union Berlin,https://media.api-sports.io/football/teams/182.png,ffffff,f8f7f7,ffffff,4a8f28,121111,4a8f28,1533,Steffen Baumgart,https://media.api-sports.io/football/coachs/1533.png,5-3-2,324957,T. Rothe,15,D,2:2,False
1388316,182,Union Berlin,https://media.api-sports.io/football/teams/182.png,ffffff,f8f7f7,ffffff,4a8f28,121111,4a8f28,1533,Steffen Baumgart,https://media.api-sports.io/football/coachs/1533.png,5-3-2,1298,R. Skov,24,D,2:1,False
1388316,182,Union Berlin,https://media.api-sports.io/football/teams/182.png,ffffff,f8f7f7,ffffff,4a8f28,121111,4a8f28,1533,Steffen Baumgart,https://media.api-sports.io/football/coachs/1533.png,5-3-2,30785,A. Schäfer,13,M,3:3,False
1388316,182,Union Berlin,https://media.api-sports.io/football/teams/182.png,ffffff,f8f7f7,ffffff,4a8f28,121111,4a8f28,1533,Steffen Baumgart,https://media.api-sports.io/football/coachs/1533.png,5-3-2,25300,R. Khedira,8,M,3:2,False
1388316,182,Union Berlin,https://media.api-sports.io/football/teams/182.png,ffffff,f8f7f7,ffffff,4a8f28,121111,4a8f28,1533,Steffen Baumgart,https://media.api-sports.io/football/coachs/1533.png,5-3-2,26249,J. Haberer,19,M,3:1,False
1388316,182,Union Berlin,https://media.api-sports.io/football/teams/182.png,ffffff,f8f7f7,ffffff,4a8f28,121111,4a8f28,1533,Steffen Baumgart,https://media.api-sports.io/football/coachs/1533.png,5-3-2,380873,I. Ansah,10,F,4:2,False
1388316,182,Union Berlin,https://media.api-sports.io/football/teams/182.png,ffffff,f8f7f7,ffffff,4a8f28,121111,4a8f28,1533,Steffen Baumgart,https://media.api-sports.io/football/coachs/1533.png,5-3-2,45892,A. Ilić,23,F,4:1,False
1388316,182,Union Berlin,https://media.api-sports.io/football/teams/182.png,ffffff,f8f7f7,ffffff,4a8f28,121111,4a8f28,1533,Steffen Baumgart,https://media.api-sports.io/football/coachs/1533.png,5-3-2,14330,J. Juranović,18,D,,True
1388316,182,Union Berlin,https://media.api-sports.io/football/teams/182.png,ffffff,f8f7f7,ffffff,4a8f28,121111,4a8f28,1533,Steffen Baumgart,https://media.api-sports.io/football/coachs/1533.png,5-3-2,1124,O. Burke,7,F,,True
1388316,182,Union Berlin,https://media.api-sports.io/football/teams/182.png,ffffff,f8f7f7,ffffff,4a8f28,121111,4a8f28,1533,Steffen Baumgart,https://media.api-sports.io/football/coachs/1533.png,5-3-2,128853,D. Köhn,39,D,,True
1388316,182,Union Berlin,https://media.api-sports.io/football/teams/182.png,ffffff,f8f7f7,ffffff,4a8f28,121111,4a8f28,1533,Steffen Baumgart,https://media.api-sports.io/football/coachs/1533.png,5-3-2,1234,A. Král,33,M,,True
1388316,182,Union Berlin,https://media.api-sports.io/football/teams/182.png,ffffff,f8f7f7,ffffff,4a8f28,121111,4a8f28,1533,Steffen Baumgart,https://media.api-sports.io/football/coachs/1533.png,5-3-2,327831,A. Kemlein,6,M,,True
1388316,182,Union Berlin,https://media.api-sports.io/football/teams/182.png,ffffff,f8f7f7,ffffff,4a8f28,121111,4a8f28,1533,Steffen Baumgart,https://media.api-sports.io/football/coachs/1533.png,5-3-2,24910,T. Skarke,21,M,,True
1388316,182,Union Berlin,https://media.api-sports.io/football/teams/182.png,ffffff,f8f7f7,ffffff,4a8f28,121111,4a8f28,1533,Steffen Baumgart,https://media.api-sports.io/football/coachs/1533.png,5-3-2,262815,M. Raab,31,G,,True
1388316,182,Union Berlin,https://media.api-sports.io/football/teams/182.png,ffffff,f8f7f7,ffffff,4a8f28,121111,4a8f28,1533,Steffen Baumgart,https://media.api-sports.io/football/coachs/1533.png,5-3-2,512,Jeong Wooyeong,11,M,,True
1388316,182,Union Berlin,https://media.api-sports.io/football/teams/182.png,ffffff,f8f7f7,ffffff,4a8f28,121111,4a8f28,1533,Steffen Baumgart,https://media.api-sports.io/football/coachs/1533.png,5-3-2,292218,M. Ljubičić,27,F,,True
1388316,172,VfB Stuttgart,https://media.api-sports.io/football/teams/172.png,ffffff,0b0a0a,ffffff,fa0171,ffffff,fa0171,1399,Sebastian Hoeneß,https://media.api-sports.io/football/coachs/1399.png,4-2-3-1,399,A. Nübel,33,G,1:1,False
1388316,172,VfB Stuttgart,https://media.api-sports.io/football/teams/172.png,ffffff,0b0a0a,ffffff,fa0171,ffffff,fa0171,1399,Sebastian Hoeneß,https://media.api-sports.io/football/coachs/1399.png,4-2-3-1,24868,J. Vagnoman,4,D,2:4,False
1388316,172,VfB Stuttgart,https://media.api-sports.io/football/teams/172.png,ffffff,0b0a0a,ffffff,fa0171,ffffff,fa0171,1399,Sebastian Hoeneß,https://media.api-sports.io/football/coachs/1399.png,4-2-3-1,349344,L. Jaquez,14,D,2:3,False
1388316,172,VfB Stuttgart,https://media.api-sports.io/football/teams/172.png,ffffff,0b0a0a,ffffff,fa0171,ffffff,fa0171,1399,Sebastian Hoeneß,https://media.api-sports.io/football/coachs/1399.png,4-2-3-1,38112,J. Chabot,24,D,2:2,False
1388316,172,VfB Stuttgart,https://media.api-sports.io/football/teams/172.png,ffffff,0b0a0a,ffffff,fa0171,ffffff,fa0171,1399,Sebastian Hoeneß,https://media.api-sports.io/football/coachs/1399.png,4-2-3-1,25342,M. Mittelstädt,7,D,2:1,False
1388316,172,VfB Stuttgart,https://media.api-sports.io/football/teams/172.png,ffffff,0b0a0a,ffffff,fa0171,ffffff,fa0171,1399,Sebastian Hoeneß,https://media.api-sports.io/football/coachs/1399.png,4-2-3-1,24963,A. Karazor,16,M,3:2,False
1388316,172,VfB Stuttgart,https://media.api-sports.io/football/teams/172.png,ffffff,0b0a0a,ffffff,fa0171,ffffff,fa0171,1399,Sebastian Hoeneß,https://media.api-sports.io/football/coachs/1399.png,4-2-3-1,137210,A. Stiller,6,M,3:1,False
1388316,172,VfB Stuttgart,https://media.api-sports.io/football/teams/172.png,ffffff,0b0a0a,ffffff,fa0171,ffffff,fa0171,1399,Sebastian Hoeneß,https://media.api-sports.io/football/coachs/1399.png,4-2-3-1,158054,N. Woltemade,11,M,4:3,False
1388316,172,VfB Stuttgart,https://media.api-sports.io/football/teams/172.png,ffffff,0b0a0a,ffffff,fa0171,ffffff,fa0171,1399,Sebastian Hoeneß,https://media.api-sports.io/football/coachs/1399.png,4-2-3-1,26475,D. Undav,26,M,4:2,False
1388316,172,VfB Stuttgart,https://media.api-sports.io/football/teams/172.png,ffffff,0b0a0a,ffffff,fa0171,ffffff,fa0171,1399,Sebastian Hoeneß,https://media.api-sports.io/football/coachs/1399.png,4-2-3-1,128533,J. Leweling,18,M,4:1,False
1388316,172,VfB Stuttgart,https://media.api-sports.io/football/teams/172.png,ffffff,0b0a0a,ffffff,fa0171,ffffff,fa0171,1399,Sebastian Hoeneß,https://media.api-sports.io/football/coachs/1399.png,4-2-3-1,46930,E. Demirović,9,F,5:1,False
1388316,172,VfB Stuttgart,https://media.api-sports.io/football/teams/172.png,ffffff,0b0a0a,ffffff,fa0171,ffffff,fa0171,1399,Sebastian Hoeneß,https://media.api-sports.io/football/coachs/1399.png,4-2-3-1,398194,L. Jovanović,45,F,,True
1388316,172,VfB Stuttgart,https://media.api-sports.io/football/teams/172.png,ffffff,0b0a0a,ffffff,fa0171,ffffff,fa0171,1399,Sebastian Hoeneß,https://media.api-sports.io/football/coachs/1399.png,4-2-3-1,135883,R. Hendriks,3,D,,True
1388316,172,VfB Stuttgart,https://media.api-sports.io/football/teams/172.png,ffffff,0b0a0a,ffffff,fa0171,ffffff,fa0171,1399,Sebastian Hoeneß,https://media.api-sports.io/football/coachs/1399.png,4-2-3-1,24798,C. Führich,10,M,,True
1388316,172,VfB Stuttgart,https://media.api-sports.io/football/teams/172.png,ffffff,0b0a0a,ffffff,fa0171,ffffff,fa0171,1399,Sebastian Hoeneß,https://media.api-sports.io/football/coachs/1399.png,4-2-3-1,265363,Tiago Tomás,8,F,,True
1388316,172,VfB Stuttgart,https://media.api-sports.io/football/teams/172.png,ffffff,0b0a0a,ffffff,fa0171,ffffff,fa0171,1399,Sebastian Hoeneß,https://media.api-sports.io/football/coachs/1399.png,4-2-3-1,24806,N. Nartey,28,M,,True
1388316,172,VfB Stuttgart,https://media.api-sports.io/football/teams/172.png,ffffff,0b0a0a,ffffff,fa0171,ffffff,fa0171,1399,Sebastian Hoeneß,https://media.api-sports.io/football/coachs/1399.png,4-2-3-1,394734,F. Jeltsch,29,D,,True
1388316,172,VfB Stuttgart,https://media.api-sports.io/football/teams/172.png,ffffff,0b0a0a,ffffff,fa0171,ffffff,fa0171,1399,Sebastian Hoeneß,https://media.api-sports.io/football/coachs/1399.png,4-2-3-1,25597,F. Bredlow,1,G,,True
1388316,172,VfB Stuttgart,https://media.api-sports.io/football/teams/172.png,ffffff,0b0a0a,ffffff,fa0171,ffffff,fa0171,1399,Sebastian Hoeneß,https://media.api-sports.io/football/coachs/1399.png,4-2-3-1,26244,P. Stenzel,15,D,,True
1388316,172,VfB Stuttgart,https://media.api-sports.io/football/teams/172.png,ffffff,0b0a0a,ffffff,fa0171,ffffff,fa0171,1399,Sebastian Hoeneß,https://media.api-sports.io/football/coachs/1399.png,4-2-3-1,388871,Chema Andrés,30,M,,True
1388315,186,FC St. Pauli,https://media.api-sports.io/football/teams/186.png,eaeaec,ffffff,eaeaec,0e8553,d8690e,0e8553,5330,Alexander Matthias Blessin,https://media.api-sports.io/football/coachs/5330.png,3-4-1-2,9026,N. Vasilj,22,G,1:1,False
1388315,186,FC St. Pauli,https://media.api-sports.io/football/teams/186.png,eaeaec,ffffff,eaeaec,0e8553,d8690e,0e8553,5330,Alexander Matthias Blessin,https://media.api-sports.io/football/coachs/5330.png,3-4-1-2,24961,H. Wahl,5,D,2:3,False
1388315,186,FC St. Pauli,https://media.api-sports.io/football/teams/186.png,eaeaec,ffffff,eaeaec,0e8553,d8690e,0e8553,5330,Alexander Matthias Blessin,https://media.api-sports.io/football/coachs/5330.png,3-4-1-2,8486,E. Smith,8,D,2:2,False
1388315,186,FC St. Pauli,https://media.api-sports.io/football/teams/186.png,eaeaec,ffffff,eaeaec,0e8553,d8690e,0e8553,5330,Alexander Matthias Blessin,https://media.api-sports.io/football/coachs/5330.png,3-4-1-2,40274,A. Dźwigała,25,D,2:1,False
1388315,186,FC St. Pauli,https://media.api-sports.io/football/teams/186.png,eaeaec,ffffff,eaeaec,0e8553,d8690e,0e8553,5330,Alexander Matthias Blessin,https://media.api-sports.io/football/coachs/5330.png,3-4-1-2,148448,A. Pyrka,11,M,3:4,False
1388315,186,FC St. Pauli,https://media.api-sports.io/football/teams/186.png,eaeaec,ffffff,eaeaec,0e8553,d8690e,0e8553,5330,Alexander Matthias Blessin,https://media.api-sports.io/football/coachs/5330.png,3-4-1-2,50863,J. Sands,6,M,3:3,False
1388315,186,FC St. Pauli,https://media.api-sports.io/football/teams/186.png,eaeaec,ffffff,eaeaec,0e8553,d8690e,0e8553,5330,Alexander Matthias Blessin,https://media.api-sports.io/football/coachs/5330.png,3-4-1-2,146586,J. Fujita,16,M,3:2,False
1388315,186,FC St. Pauli,https://media.api-sports.io/football/teams/186.png,eaeaec,ffffff,eaeaec,0e8553,d8690e,0e8553,5330,Alexander Matthias Blessin,https://media.api-sports.io/football/coachs/5330.png,3-4-1-2,202636,L. Oppie,23,M,3:1,False
1388315,186,FC St. Pauli,https://media.api-sports.io/football/teams/186.png,eaeaec,ffffff,eaeaec,0e8553,d8690e,0e8553,5330,Alexander Matthias Blessin,https://media.api-sports.io/football/coachs/5330.png,3-4-1-2,1672,D. Sinani,10,F,4:1,False
1388315,186,FC St. Pauli,https://media.api-sports.io/football/teams/186.png,eaeaec,ffffff,eaeaec,0e8553,d8690e,0e8553,5330,Alexander Matthias Blessin,https://media.api-sports.io/football/coachs/5330.png,3-4-1-2,178921,A. Hountondji,27,F,5:2,False
1388315,186,FC St. Pauli,https://media.api-sports.io/football/teams/186.png,eaeaec,ffffff,eaeaec,0e8553,d8690e,0e8553,5330,Alexander Matthias Blessin,https://media.api-sports.io/football/coachs/5330.png,3-4-1-2,20780,Mathias Pereira Lage,28,F,5:1,False
1388315,186,FC St. Pauli,https://media.api-sports.io/football/teams/186.png,eaeaec,ffffff,eaeaec,0e8553,d8690e,0e8553,5330,Alexander Matthias Blessin,https://media.api-sports.io/football/coachs/5330.png,3-4-1-2,17756,O. Afolayan,17,F,,True
1388315,186,FC St. Pauli,https://media.api-sports.io/football/teams/186.png,eaeaec,ffffff,eaeaec,0e8553,d8690e,0e8553,5330,Alexander Matthias Blessin,https://media.api-sports.io/football/coachs/5330.png,3-4-1-2,6904,C. Metcalfe,24,M,,True
1388315,186,FC St. Pauli,https://media.api-sports.io/football/teams/186.png,eaeaec,ffffff,eaeaec,0e8553,d8690e,0e8553,5330,Alexander Matthias Blessin,https://media.api-sports.io/football/coachs/5330.png,3-4-1-2,27157,M. Saliakas,2,D,,True
1388315,186,FC St. Pauli,https://media.api-sports.io/football/teams/186.png,eaeaec,ffffff,eaeaec,0e8553,d8690e,0e8553,5330,Alexander Matthias Blessin,https://media.api-sports.io/football/coachs/5330.png,3-4-1-2,474789,A. Ceesay,9,F,,True
1388315,186,FC St. Pauli,https://media.api-sports.io/football/teams/186.png,eaeaec,ffffff,eaeaec,0e8553,d8690e,0e8553,5330,Alexander Matthias Blessin,https://media.api-sports.io/football/coachs/5330.png,3-4-1-2,47965,E. Ahlstrand,20,M,,True
1388315,186,FC St. Pauli,https://media.api-sports.io/football/teams/186.png,eaeaec,ffffff,eaeaec,0e8553,d8690e,0e8553,5330,Alexander Matthias Blessin,https://media.api-sports.io/football/coachs/5330.png,3-4-1-2,107087,S. Banks,18,F,,True
1388315,186,FC St. Pauli,https://media.api-sports.io/football/teams/186.png,eaeaec,ffffff,eaeaec,0e8553,d8690e,0e8553,5330,Alexander Matthias Blessin,https://media.api-sports.io/football/coachs/5330.png,3-4-1-2,90731,L. Ritzka,21,D,,True
1388315,186,FC St. Pauli,https://media.api-sports.io/football/teams/186.png,eaeaec,ffffff,eaeaec,0e8553,d8690e,0e8553,5330,Alexander Matthias Blessin,https://media.api-sports.io/football/coachs/5330.png,3-4-1-2,384968,J. Robatsch,34,D,,True
1388315,186,FC St. Pauli,https://media.api-sports.io/football/teams/186.png,eaeaec,ffffff,eaeaec,0e8553,d8690e,0e8553,5330,Alexander Matthias Blessin,https://media.api-sports.io/football/coachs/5330.png,3-4-1-2,119167,B. Voll,1,G,,True
1388315,165,Borussia Dortmund,https://media.api-sports.io/football/teams/165.png,feda01,000000,feda01,498258,f066dd,498258,1528,Niko Kovač,https://media.api-sports.io/football/coachs/1528.png,3-4-1-2,25282,G. Kobel,1,G,1:1,False
1388315,165,Borussia Dortmund,https://media.api-sports.io/football/teams/165.png,feda01,000000,feda01,498258,f066dd,498258,1528,Niko Kovač,https://media.api-sports.io/football/coachs/1528.png,3-4-1-2,341839,F. Mané,39,D,2:3,False
1388315,165,Borussia Dortmund,https://media.api-sports.io/football/teams/165.png,feda01,000000,feda01,498258,f066dd,498258,1528,Niko Kovač,https://media.api-sports.io/football/coachs/1528.png,3-4-1-2,25368,W. Anton,3,D,2:2,False
1388315,165,Borussia Dortmund,https://media.api-sports.io/football/teams/165.png,feda01,000000,feda01,498258,f066dd,498258,1528,Niko Kovač,https://media.api-sports.io/football/coachs/1528.png,3-4-1-2,2194,R. Bensebaini,5,D,2:1,False
1388315,165,Borussia Dortmund,https://media.api-sports.io/football/teams/165.png,feda01,000000,feda01,498258,f066dd,498258,1528,Niko Kovač,https://media.api-sports.io/football/coachs/1528.png,3-4-1-2,197448,Yan Couto,2,M,3:4,False
1388315,165,Borussia Dortmund,https://media.api-sports.io/football/teams/165.png,feda01,000000,feda01,498258,f066dd,498258,1528,Niko Kovač,https://media.api-sports.io/football/coachs/1528.png,3-4-1-2,18970,P. Groß,13,M,3:3,False
1388315,165,Borussia Dortmund,https://media.api-sports.io/football/teams/165.png,feda01,000000,feda01,498258,f066dd,498258,1528,Niko Kovač,https://media.api-sports.io/football/coachs/1528.png,3-4-1-2,1159,M. Sabitzer,20,M,3:2,False
1388315,165,Borussia Dortmund,https://media.api-sports.io/football/teams/165.png,feda01,000000,feda01,498258,f066dd,498258,1528,Niko Kovač,https://media.api-sports.io/football/coachs/1528.png,3-4-1-2,198654,D. Svensson,24,M,3:1,False
1388315,165,Borussia Dortmund,https://media.api-sports.io/football/teams/165.png,feda01,000000,feda01,498258,f066dd,498258,1528,Niko Kovač,https://media.api-sports.io/football/coachs/1528.png,3-4-1-2,326757,J. Bellingham,7,F,4:1,False
1388315,165,Borussia Dortmund,https://media.api-sports.io/football/teams/165.png,feda01,000000,feda01,498258,f066dd,498258,1528,Niko Kovač,https://media.api-sports.io/football/coachs/1528.png,3-4-1-2,21393,S. Guirassy,9,F,5:2,False
1388315,165,Borussia Dortmund,https://media.api-sports.io/football/teams/165.png,feda01,000000,feda01,498258,f066dd,498258,1528,Niko Kovač,https://media.api-sports.io/football/coachs/1528.png,3-4-1-2,7334,K. Adeyemi,27,F,5:1,False
1388315,165,Borussia Dortmund,https://media.api-sports.io/football/teams/165.png,feda01,000000,feda01,498258,f066dd,498258,1528,Niko Kovač,https://media.api-sports.io/football/coachs/1528.png,3-4-1-2,24807,S. Özcan,6,M,,True
1388315,165,Borussia Dortmund,https://media.api-sports.io/football/teams/165.png,feda01,000000,feda01,498258,f066dd,498258,1528,Niko Kovač,https://media.api-sports.io/football/coachs/1528.png,3-4-1-2,637,F. Nmecha,8,M,,True
1388315,165,Borussia Dortmund,https://media.api-sports.io/football/teams/165.png,feda01,000000,feda01,498258,f066dd,498258,1528,Niko Kovač,https://media.api-sports.io/football/coachs/1528.png,3-4-1-2,984,J. Brandt,10,M,,True
1388315,165,Borussia Dortmund,https://media.api-sports.io/football/teams/165.png,feda01,000000,feda01,498258,f066dd,498258,1528,Niko Kovač,https://media.api-sports.io/football/coachs/1528.png,3-4-1-2,26292,A. Meyer,33,G,,True
1388315,165,Borussia Dortmund,https://media.api-sports.io/football/teams/165.png,feda01,000000,feda01,498258,f066dd,498258,1528,Niko Kovač,https://media.api-sports.io/football/coachs/1528.png,3-4-1-2,328617,C. Campbell,37,F,,True
1388315,165,Borussia Dortmund,https://media.api-sports.io/football/teams/165.png,feda01,000000,feda01,498258,f066dd,498258,1528,Niko Kovač,https://media.api-sports.io/football/coachs/1528.png,3-4-1-2,203269,Y. Lührs,49,D,,True
1388315,165,Borussia Dortmund,https://media.api-sports.io/football/teams/165.png,feda01,000000,feda01,498258,f066dd,498258,1528,Niko Kovač,https://media.api-sports.io/football/coachs/1528.png,3-4-1-2,394667,A. Kabar,42,D,,True
1388315,165,Borussia Dortmund,https://media.api-sports.io/football/teams/165.png,feda01,000000,feda01,498258,f066dd,498258,1528,Niko Kovač,https://media.api-sports.io/football/coachs/1528.png,3-4-1-2,24845,J. Ryerson,26,D,,True
1388315,165,Borussia Dortmund,https://media.api-sports.io/football/teams/165.png,feda01,000000,feda01,498258,f066dd,498258,1528,Niko Kovač,https://media.api-sports.io/football/coachs/1528.png,3-4-1-2,158644,M. Beier,14,F,,True
1388314,164,FSV Mainz 05,https://media.api-sports.io/football/teams/164.png,ff0000,ffffff,ff0000,67d5e7,fffcfc,67d5e7,1676,Bo Bjørnholt Henriksen,https://media.api-sports.io/football/coachs/1676.png,3-4-2-1,25906,R. Zentner,27,G,1:1,False
1388314,164,FSV Mainz 05,https://media.api-sports.io/football/teams/164.png,ff0000,ffffff,ff0000,67d5e7,fffcfc,67d5e7,1676,Bo Bjørnholt Henriksen,https://media.api-sports.io/football/coachs/1676.png,3-4-2-1,1812,D. da Costa,21,D,2:3,False
1388314,164,FSV Mainz 05,https://media.api-sports.io/football/teams/164.png,ff0000,ffffff,ff0000,67d5e7,fffcfc,67d5e7,1676,Bo Bjørnholt Henriksen,https://media.api-sports.io/football/coachs/1676.png,3-4-2-1,39279,A. Hanche-Olsen,25,D,2:2,False
1388314,164,FSV Mainz 05,https://media.api-sports.io/football/teams/164.png,ff0000,ffffff,ff0000,67d5e7,fffcfc,67d5e7,1676,Bo Bjørnholt Henriksen,https://media.api-sports.io/football/coachs/1676.png,3-4-2-1,979,D. Kohr,31,D,2:1,False
1388314,164,FSV Mainz 05,https://media.api-sports.io/football/teams/164.png,ff0000,ffffff,ff0000,67d5e7,fffcfc,67d5e7,1676,Bo Bjørnholt Henriksen,https://media.api-sports.io/football/coachs/1676.png,3-4-2-1,22244,A. Caci,19,M,3:4,False
1388314,164,FSV Mainz 05,https://media.api-sports.io/football/teams/164.png,ff0000,ffffff,ff0000,67d5e7,fffcfc,67d5e7,1676,Bo Bjørnholt Henriksen,https://media.api-sports.io/football/coachs/1676.png,3-4-2-1,33889,K. Sano,6,M,3:3,False
1388314,164,FSV Mainz 05,https://media.api-sports.io/football/teams/164.png,ff0000,ffffff,ff0000,67d5e7,fffcfc,67d5e7,1676,Bo Bjørnholt Henriksen,https://media.api-sports.io/football/coachs/1676.png,3-4-2-1,714,N. Amiri,10,M,3:2,False
1388314,164,FSV Mainz 05,https://media.api-sports.io/football/teams/164.png,ff0000,ffffff,ff0000,67d5e7,fffcfc,67d5e7,1676,Bo Bjørnholt Henriksen,https://media.api-sports.io/football/coachs/1676.png,3-4-2-1,25915,P. Mwene,2,M,3:1,False
1388314,164,FSV Mainz 05,https://media.api-sports.io/football/teams/164.png,ff0000,ffffff,ff0000,67d5e7,fffcfc,67d5e7,1676,Bo Bjørnholt Henriksen,https://media.api-sports.io/football/coachs/1676.png,3-4-2-1,202736,P. Nebel,8,F,4:2,False
1388314,164,FSV Mainz 05,https://media.api-sports.io/football/teams/164.png,ff0000,ffffff,ff0000,67d5e7,fffcfc,67d5e7,1676,Bo Bjørnholt Henriksen,https://media.api-sports.io/football/coachs/1676.png,3-4-2-1,2906,Lee Jae-Sung,7,F,4:1,False
1388314,164,FSV Mainz 05,https://media.api-sports.io/football/teams/164.png,ff0000,ffffff,ff0000,67d5e7,fffcfc,67d5e7,1676,Bo Bjørnholt Henriksen,https://media.api-sports.io/football/coachs/1676.png,3-4-2-1,162946,B. Hollerbach,17,F,5:1,False
1388314,164,FSV Mainz 05,https://media.api-sports.io/football/teams/164.png,ff0000,ffffff,ff0000,67d5e7,fffcfc,67d5e7,1676,Bo Bjørnholt Henriksen,https://media.api-sports.io/football/coachs/1676.png,3-4-2-1,280339,A. Sieb,11,F,,True
1388314,164,FSV Mainz 05,https://media.api-sports.io/football/teams/164.png,ff0000,ffffff,ff0000,67d5e7,fffcfc,67d5e7,1676,Bo Bjørnholt Henriksen,https://media.api-sports.io/football/coachs/1676.png,3-4-2-1,48378,S. Widmer,30,D,,True
1388314,164,FSV Mainz 05,https://media.api-sports.io/football/teams/164.png,ff0000,ffffff,ff0000,67d5e7,fffcfc,67d5e7,1676,Bo Bjørnholt Henriksen,https://media.api-sports.io/football/coachs/1676.png,3-4-2-1,24842,L. Maloney,15,M,,True
1388314,164,FSV Mainz 05,https://media.api-sports.io/football/teams/164.png,ff0000,ffffff,ff0000,67d5e7,fffcfc,67d5e7,1676,Bo Bjørnholt Henriksen,https://media.api-sports.io/football/coachs/1676.png,3-4-2-1,25907,S. Bell,16,D,,True
1388314,164,FSV Mainz 05,https://media.api-sports.io/football/teams/164.png,ff0000,ffffff,ff0000,67d5e7,fffcfc,67d5e7,1676,Bo Bjørnholt Henriksen,https://media.api-sports.io/football/coachs/1676.png,3-4-2-1,342177,N. Weiper,44,F,,True
1388314,164,FSV Mainz 05,https://media.api-sports.io/football/teams/164.png,ff0000,ffffff,ff0000,67d5e7,fffcfc,67d5e7,1676,Bo Bjørnholt Henriksen,https://media.api-sports.io/football/coachs/1676.png,3-4-2-1,180553,L. Rieß,1,G,,True
1388314,164,FSV Mainz 05,https://media.api-sports.io/football/teams/164.png,ff0000,ffffff,ff0000,67d5e7,fffcfc,67d5e7,1676,Bo Bjørnholt Henriksen,https://media.api-sports.io/football/coachs/1676.png,3-4-2-1,22097,A. Nordin,9,F,,True
1388314,164,FSV Mainz 05,https://media.api-sports.io/football/teams/164.png,ff0000,ffffff,ff0000,67d5e7,fffcfc,67d5e7,1676,Bo Bjørnholt Henriksen,https://media.api-sports.io/football/coachs/1676.png,3-4-2-1,287932,B. Bobzien,37,F,,True
1388314,164,FSV Mainz 05,https://media.api-sports.io/football/teams/164.png,ff0000,ffffff,ff0000,67d5e7,fffcfc,67d5e7,1676,Bo Bjørnholt Henriksen,https://media.api-sports.io/football/coachs/1676.png,3-4-2-1,25066,M. Leitsch,5,D,,True
1388314,192,1.FC Köln,https://media.api-sports.io/football/teams/192.png,1a1a1a,8f5f0f,1a1a1a,5894e2,fbf9f9,5894e2,1414,Lukas Kwasniok,https://media.api-sports.io/football/coachs/1414.png,3-4-2-1,15871,M. Schwäbe,1,G,1:1,False
1388314,192,1.FC Köln,https://media.api-sports.io/football/teams/192.png,1a1a1a,8f5f0f,1a1a1a,5894e2,fbf9f9,5894e2,1414,Lukas Kwasniok,https://media.api-sports.io/football/coachs/1414.png,3-4-2-1,48765,J. Schmied,2,D,2:3,False
1388314,192,1.FC Köln,https://media.api-sports.io/football/teams/192.png,1a1a1a,8f5f0f,1a1a1a,5894e2,fbf9f9,5894e2,1414,Lukas Kwasniok,https://media.api-sports.io/football/coachs/1414.png,3-4-2-1,90641,T. Hübers,4,D,2:2,False
1388314,192,1.FC Köln,https://media.api-sports.io/football/teams/192.png,1a1a1a,8f5f0f,1a1a1a,5894e2,fbf9f9,5894e2,1414,Lukas Kwasniok,https://media.api-sports.io/football/coachs/1414.png,3-4-2-1,1156,T. Krauß,5,D,2:1,False
1388314,192,1.FC Köln,https://media.api-sports.io/football/teams/192.png,1a1a1a,8f5f0f,1a1a1a,5894e2,fbf9f9,5894e2,1414,Lukas Kwasniok,https://media.api-sports.io/football/coachs/1414.png,3-4-2-1,191740,S. Sebulonsen,28,M,3:4,False
1388314,192,1.FC Köln,https://media.api-sports.io/football/teams/192.png,1a1a1a,8f5f0f,1a1a1a,5894e2,fbf9f9,5894e2,1414,Lukas Kwasniok,https://media.api-sports.io/football/coachs/1414.png,3-4-2-1,48198,Í. Jóhannesson,18,M,3:3,False
1388314,192,1.FC Köln,https://media.api-sports.io/football/teams/192.png,1a1a1a,8f5f0f,1a1a1a,5894e2,fbf9f9,5894e2,1414,Lukas Kwasniok,https://media.api-sports.io/football/coachs/1414.png,3-4-2-1,162480,E. Martel,6,M,3:2,False
1388314,192,1.FC Köln,https://media.api-sports.io/football/teams/192.png,1a1a1a,8f5f0f,1a1a1a,5894e2,fbf9f9,5894e2,1414,Lukas Kwasniok,https://media.api-sports.io/football/coachs/1414.png,3-4-2-1,162386,K. Lund,32,M,3:1,False
1388314,192,1.FC Köln,https://media.api-sports.io/football/teams/192.png,1a1a1a,8f5f0f,1a1a1a,5894e2,fbf9f9,5894e2,1414,Lukas Kwasniok,https://media.api-sports.io/football/coachs/1414.png,3-4-2-1,181908,J. Thielmann,29,F,4:2,False
1388314,192,1.FC Köln,https://media.api-sports.io/football/teams/192.png,1a1a1a,8f5f0f,1a1a1a,5894e2,fbf9f9,5894e2,1414,Lukas Kwasniok,https://media.api-sports.io/football/coachs/1414.png,3-4-2-1,40560,J. Kamiński,16,F,4:1,False
1388314,192,1.FC Köln,https://media.api-sports.io/football/teams/192.png,1a1a1a,8f5f0f,1a1a1a,5894e2,fbf9f9,5894e2,1414,Lukas Kwasniok,https://media.api-sports.io/football/coachs/1414.png,3-4-2-1,25242,M. Bülter,30,F,5:1,False
1388314,192,1.FC Köln,https://media.api-sports.io/football/teams/192.png,1a1a1a,8f5f0f,1a1a1a,5894e2,fbf9f9,5894e2,1414,Lukas Kwasniok,https://media.api-sports.io/football/coachs/1414.png,3-4-2-1,24803,F. Kainz,11,M,,True
1388314,192,1.FC Köln,https://media.api-sports.io/football/teams/192.png,1a1a1a,8f5f0f,1a1a1a,5894e2,fbf9f9,5894e2,1414,Lukas Kwasniok,https://media.api-sports.io/football/coachs/1414.png,3-4-2-1,26260,L. Waldschmidt,7,F,,True
1388314,192,1.FC Köln,https://media.api-sports.io/football/teams/192.png,1a1a1a,8f5f0f,1a1a1a,5894e2,fbf9f9,5894e2,1414,Lukas Kwasniok,https://media.api-sports.io/football/coachs/1414.png,3-4-2-1,432310,S. El Mala,13,M,,True
1388314,192,1.FC Köln,https://media.api-sports.io/football/teams/192.png,1a1a1a,8f5f0f,1a1a1a,5894e2,fbf9f9,5894e2,1414,Lukas Kwasniok,https://media.api-sports.io/football/coachs/1414.png,3-4-2-1,37439,R. Ache,9,F,,True
1388314,192,1.FC Köln,https://media.api-sports.io/football/teams/192.png,1a1a1a,8f5f0f,1a1a1a,5894e2,fbf9f9,5894e2,1414,Lukas Kwasniok,https://media.api-sports.io/football/coachs/1414.png,3-4-2-1,72048,C. Özkacar,39,D,,True
1388314,192,1.FC Köln,https://media.api-sports.io/football/teams/192.png,1a1a1a,8f5f0f,1a1a1a,5894e2,fbf9f9,5894e2,1414,Lukas Kwasniok,https://media.api-sports.io/football/coachs/1414.png,3-4-2-1,26293,R. Zieler,20,G,,True
1388314,192,1.FC Köln,https://media.api-sports.io/football/teams/192.png,1a1a1a,8f5f0f,1a1a1a,5894e2,fbf9f9,5894e2,1414,Lukas Kwasniok,https://media.api-sports.io/football/coachs/1414.png,3-4-2-1,287916,R. van den Berg,33,D,,True
1388314,192,1.FC Köln,https://media.api-sports.io/football/teams/192.png,1a1a1a,8f5f0f,1a1a1a,5894e2,fbf9f9,5894e2,1414,Lukas Kwasniok,https://media.api-sports.io/football/coachs/1414.png,3-4-2-1,202838,D. Huseinbašić,8,M,,True
1388314,192,1.FC Köln,https://media.api-sports.io/football/teams/192.png,1a1a1a,8f5f0f,1a1a1a,5894e2,fbf9f9,5894e2,1414,Lukas Kwasniok,https://media.api-sports.io/football/coachs/1414.png,3-4-2-1,7319,J. Gazibegović,25,D,,True
1388310,163,Borussia Mönchengladbach,https://media.api-sports.io/football/teams/163.png,ffffff,050505,ffffff,dddd0e,0d0d0d,dddd0e,2017,Gerardo Seoane Castro,https://media.api-sports.io/football/coachs/2017.png,4-2-3-1,25626,M. Nicolas,33,G,1:1,False
1388310,163,Borussia Mönchengladbach,https://media.api-sports.io/football/teams/163.png,ffffff,050505,ffffff,dddd0e,0d0d0d,dddd0e,2017,Gerardo Seoane Castro,https://media.api-sports.io/football/coachs/2017.png,4-2-3-1,50852,J. Scally,29,D,2:4,False
1388310,163,Borussia Mönchengladbach,https://media.api-sports.io/football/teams/163.png,ffffff,050505,ffffff,dddd0e,0d0d0d,dddd0e,2017,Gerardo Seoane Castro,https://media.api-sports.io/football/coachs/2017.png,4-2-3-1,2803,N. Elvedi,30,D,2:3,False
1388310,163,Borussia Mönchengladbach,https://media.api-sports.io/football/teams/163.png,ffffff,050505,ffffff,dddd0e,0d0d0d,dddd0e,2017,Gerardo Seoane Castro,https://media.api-sports.io/football/coachs/2017.png,4-2-3-1,322627,F. Chiarodia,2,D,2:2,False
1388310,163,Borussia Mönchengladbach,https://media.api-sports.io/football/teams/163.png,ffffff,050505,ffffff,dddd0e,0d0d0d,dddd0e,2017,Gerardo Seoane Castro,https://media.api-sports.io/football/coachs/2017.png,4-2-3-1,327646,L. Ullrich,26,D,2:1,False
1388310,163,Borussia Mönchengladbach,https://media.api-sports.io/football/teams/163.png,ffffff,050505,ffffff,dddd0e,0d0d0d,dddd0e,2017,Gerardo Seoane Castro,https://media.api-sports.io/football/coachs/2017.png,4-2-3-1,203007,R. Reitz,27,M,3:2,False
1388310,163,Borussia Mönchengladbach,https://media.api-sports.io/football/teams/163.png,ffffff,050505,ffffff,dddd0e,0d0d0d,dddd0e,2017,Gerardo Seoane Castro,https://media.api-sports.io/football/coachs/2017.png,4-2-3-1,24969,P. Sander,16,M,3:1,False
1388310,163,Borussia Mönchengladbach,https://media.api-sports.io/football/teams/163.png,ffffff,050505,ffffff,dddd0e,0d0d0d,dddd0e,2017,Gerardo Seoane Castro,https://media.api-sports.io/football/coachs/2017.png,4-2-3-1,20784,F. Honorat,9,M,4:3,False
1388310,163,Borussia Mönchengladbach,https://media.api-sports.io/football/teams/163.png,ffffff,050505,ffffff,dddd0e,0d0d0d,dddd0e,2017,Gerardo Seoane Castro,https://media.api-sports.io/football/coachs/2017.png,4-2-3-1,25461,K. Stöger,7,M,4:2,False
1388310,163,Borussia Mönchengladbach,https://media.api-sports.io/football/teams/163.png,ffffff,050505,ffffff,dddd0e,0d0d0d,dddd0e,2017,Gerardo Seoane Castro,https://media.api-sports.io/football/coachs/2017.png,4-2-3-1,725,R. Hack,25,M,4:1,False
1388310,163,Borussia Mönchengladbach,https://media.api-sports.io/football/teams/163.png,ffffff,050505,ffffff,dddd0e,0d0d0d,dddd0e,2017,Gerardo Seoane Castro,https://media.api-sports.io/football/coachs/2017.png,4-2-3-1,28382,H. Tabaković,15,F,5:1,False
1388310,163,Borussia Mönchengladbach,https://media.api-sports.io/football/teams/163.png,ffffff,050505,ffffff,dddd0e,0d0d0d,dddd0e,2017,Gerardo Seoane Castro,https://media.api-sports.io/football/coachs/2017.png,4-2-3-1,106851,S. Machino,18,F,,True
1388310,163,Borussia Mönchengladbach,https://media.api-sports.io/football/teams/163.png,ffffff,050505,ffffff,dddd0e,0d0d0d,dddd0e,2017,Gerardo Seoane Castro,https://media.api-sports.io/football/coachs/2017.png,4-2-3-1,280358,J. Castrop,17,M,,True
1388310,163,Borussia Mönchengladbach,https://media.api-sports.io/football/teams/163.png,ffffff,050505,ffffff,dddd0e,0d0d0d,dddd0e,2017,Gerardo Seoane Castro,https://media.api-sports.io/football/coachs/2017.png,4-2-3-1,163069,L. Netz,20,D,,True
1388310,163,Borussia Mönchengladbach,https://media.api-sports.io/football/teams/163.png,ffffff,050505,ffffff,dddd0e,0d0d0d,dddd0e,2017,Gerardo Seoane Castro,https://media.api-sports.io/football/coachs/2017.png,4-2-3-1,31043,K. Diks,4,D,,True
1388310,163,Borussia Mönchengladbach,https://media.api-sports.io/football/teams/163.png,ffffff,050505,ffffff,dddd0e,0d0d0d,dddd0e,2017,Gerardo Seoane Castro,https://media.api-sports.io/football/coachs/2017.png,4-2-3-1,25638,F. Neuhaus,10,M,,True
1388310,163,Borussia Mönchengladbach,https://media.api-sports.io/football/teams/163.png,ffffff,050505,ffffff,dddd0e,0d0d0d,dddd0e,2017,Gerardo Seoane Castro,https://media.api-sports.io/football/coachs/2017.png,4-2-3-1,2801,J. Omlin,1,G,,True
1388310,163,Borussia Mönchengladbach,https://media.api-sports.io/football/teams/163.png,ffffff,050505,ffffff,dddd0e,0d0d0d,dddd0e,2017,Gerardo Seoane Castro,https://media.api-sports.io/football/coachs/2017.png,4-2-3-1,180298,O. Fraulo,22,M,,True
1388310,163,Borussia Mönchengladbach,https://media.api-sports.io/football/teams/163.png,ffffff,050505,ffffff,dddd0e,0d0d0d,dddd0e,2017,Gerardo Seoane Castro,https://media.api-sports.io/football/coachs/2017.png,4-2-3-1,280427,G. Ranos,28,F,,True
1388310,163,Borussia Mönchengladbach,https://media.api-sports.io/football/teams/163.png,ffffff,050505,ffffff,dddd0e,0d0d0d,dddd0e,2017,Gerardo Seoane Castro,https://media.api-sports.io/football/coachs/2017.png,4-2-3-1,24839,M. Friedrich,5,D,,True
1388310,175,Hamburger SV,https://media.api-sports.io/football/teams/175.png,1c3a79,ffffff,1c3a79,f7e33f,000000,f7e33f,21838,Merlin Polzin,https://media.api-sports.io/football/coachs/21838.png,3-4-3,25033,Daniel Heuer Fernandes,1,G,1:1,False
1388310,175,Hamburger SV,https://media.api-sports.io/football/teams/175.png,1c3a79,ffffff,1c3a79,f7e33f,000000,f7e33f,21838,Merlin Polzin,https://media.api-sports.io/football/coachs/21838.png,3-4-3,162265,W. Omari,17,D,2:3,False
1388310,175,Hamburger SV,https://media.api-sports.io/football/teams/175.png,1c3a79,ffffff,1c3a79,f7e33f,000000,f7e33f,21838,Merlin Polzin,https://media.api-sports.io/football/coachs/21838.png,3-4-3,324019,Daniel Elfadli,8,D,2:2,False
1388310,175,Hamburger SV,https://media.api-sports.io/football/teams/175.png,1c3a79,ffffff,1c3a79,f7e33f,000000,f7e33f,21838,Merlin Polzin,https://media.api-sports.io/football/coachs/21838.png,3-4-3,25346,J. Torunarigha,25,D,2:1,False
1388310,175,Hamburger SV,https://media.api-sports.io/football/teams/175.png,1c3a79,ffffff,1c3a79,f7e33f,000000,f7e33f,21838,Merlin Polzin,https://media.api-sports.io/football/coachs/21838.png,3-4-3,265741,G. Gocholeishvili,16,M,3:4,False
1388310,175,Hamburger SV,https://media.api-sports.io/football/teams/175.png,1c3a79,ffffff,1c3a79,f7e33f,000000,f7e33f,21838,Merlin Polzin,https://media.api-sports.io/football/coachs/21838.png,3-4-3,260898,N. Remberg,21,M,3:3,False
1388310,175,Hamburger SV,https://media.api-sports.io/football/teams/175.png,1c3a79,ffffff,1c3a79,f7e33f,000000,f7e33f,21838,Merlin Polzin,https://media.api-sports.io/football/coachs/21838.png,3-4-3,5973,N. Capaldo,24,M,3:2,False
1388310,175,Hamburger SV,https://media.api-sports.io/football/teams/175.png,1c3a79,ffffff,1c3a79,f7e33f,000000,f7e33f,21838,Merlin Polzin,https://media.api-sports.io/football/coachs/21838.png,3-4-3,48489,M. Muheim,28,M,3:1,False
1388310,175,Hamburger SV,https://media.api-sports.io/football/teams/175.png,1c3a79,ffffff,1c3a79,f7e33f,000000,f7e33f,21838,Merlin Polzin,https://media.api-sports.io/football/coachs/21838.png,3-4-3,14351,E. Sahiti,29,F,4:3,False
1388310,175,Hamburger SV,https://media.api-sports.io/football/teams/175.png,1c3a79,ffffff,1c3a79,f7e33f,000000,f7e33f,21838,Merlin Polzin,https://media.api-sports.io/football/coachs/21838.png,3-4-3,162773,R. Königsdörffer,11,F,4:2,False
1388310,175,Hamburger SV,https://media.api-sports.io/football/teams/175.png,1c3a79,ffffff,1c3a79,f7e33f,000000,f7e33f,21838,Merlin Polzin,https://media.api-sports.io/football/coachs/21838.png,3-4-3,470282,A. Røssing-Lelesiit,38,F,4:1,False
1388310,175,Hamburger SV,https://media.api-sports.io/football/teams/175.png,1c3a79,ffffff,1c3a79,f7e33f,000000,f7e33f,21838,Merlin Polzin,https://media.api-sports.io/football/coachs/21838.png,3-4-3,24965,J. Meffert,23,M,,True
1388310,175,Hamburger SV,https://media.api-sports.io/football/teams/175.png,1c3a79,ffffff,1c3a79,f7e33f,000000,f7e33f,21838,Merlin Polzin,https://media.api-sports.io/football/coachs/21838.png,3-4-3,302632,W. Mikelbrencis,2,D,,True
1388310,175,Hamburger SV,https://media.api-sports.io/football/teams/175.png,1c3a79,ffffff,1c3a79,f7e33f,000000,f7e33f,21838,Merlin Polzin,https://media.api-sports.io/football/coachs/21838.png,3-4-3,8483,J. Dompé,7,F,,True
1388310,175,Hamburger SV,https://media.api-sports.io/football/teams/175.png,1c3a79,ffffff,1c3a79,f7e33f,000000,f7e33f,21838,Merlin Polzin,https://media.api-sports.io/football/coachs/21838.png,3-4-3,1167,Y. Poulsen,15,F,,True
1388310,175,Hamburger SV,https://media.api-sports.io/football/teams/175.png,1c3a79,ffffff,1c3a79,f7e33f,000000,f7e33f,21838,Merlin Polzin,https://media.api-sports.io/football/coachs/21838.png,3-4-3,129693,R. Philippe,14,F,,True
1388310,175,Hamburger SV,https://media.api-sports.io/football/teams/175.png,1c3a79,ffffff,1c3a79,f7e33f,000000,f7e33f,21838,Merlin Polzin,https://media.api-sports.io/football/coachs/21838.png,3-4-3,384861,A. Soumahoro,22,D,,True
1388310,175,Hamburger SV,https://media.api-sports.io/football/teams/175.png,1c3a79,ffffff,1c3a79,f7e33f,000000,f7e33f,21838,Merlin Polzin,https://media.api-sports.io/football/coachs/21838.png,3-4-3,126530,D. Peretz,26,G,,True
1388310,175,Hamburger SV,https://media.api-sports.io/football/teams/175.png,1c3a79,ffffff,1c3a79,f7e33f,000000,f7e33f,21838,Merlin Polzin,https://media.api-sports.io/football/coachs/21838.png,3-4-3,41799,Guilherme Ramos,13,D,,True
1388310,175,Hamburger SV,https://media.api-sports.io/football/teams/175.png,1c3a79,ffffff,1c3a79,f7e33f,000000,f7e33f,21838,Merlin Polzin,https://media.api-sports.io/football/coachs/21838.png,3-4-3,444962,O. Stange,49,F,,True
