fixture_id,team_name,team_id,player_id,player_name,player_photo,games_minutes,games_number,games_position,games_rating,games_captain,games_substitute,goals_conceded,goals_assists,goals_saves,passes_total,passes_accuracy,cards_yellow,cards_red,penalty_scored,penalty_missed,penalty_saved,shots_total,shots_on,tackles_total,tackles_interceptions,duels_total,duels_won,dribbles_attempts,dribbles_past,fouls_committed,tackles_blocks,dribbles_success,fouls_drawn,passes_key,goals_total,offsides,penalty_commited,penalty_won
1388308,Bayern München,157,497,Manuel Neuer,https://media.api-sports.io/football/players/497.png,90.0,1,G,7.2,True,False,0,0.0,1.0,36.0,32,0,0,0,0,0.0,,,,,,,,,,,,,,,,,
1388308,Bayern München,157,1157,Konrad Laimer,https://media.api-sports.io/football/players/1157.png,69.0,27,D,6.7,False,False,0,0.0,,34.0,32,1,0,0,0,,1.0,1.0,2.0,1.0,8.0,2.0,1.0,1.0,4.0,,,,,,,,
1388308,Bayern München,157,1149,Dayot Upamecano,https://media.api-sports.io/football/players/1149.png,90.0,2,D,7.6,False,False,0,0.0,,91.0,80,0,0,0,0,,,,3.0,1.0,10.0,5.0,2.0,1.0,2.0,1.0,1.0,,,,,,
1388308,Bayern München,157,972,Jonathan Tah,https://media.api-sports.io/football/players/972.png,68.0,4,D,7.2,False,False,0,0.0,,53.0,50,1,0,0,0,,,,1.0,1.0,2.0,1.0,,,2.0,2.0,,,,,,,
1388308,Bayern München,157,125171,Josip Stanišić,https://media.api-sports.io/football/players/125171.png,90.0,44,D,7.5,False,False,0,0.0,,46.0,44,0,0,0,0,,,,1.0,1.0,4.0,3.0,,1.0,,,,1.0,,,,,
1388308,Bayern München,157,502,Joshua Kimmich,https://media.api-sports.io/football/players/502.png,90.0,6,M,8.7,False,False,0,0.0,,100.0,96,1,0,0,0,,1.0,,1.0,1.0,6.0,3.0,,1.0,,,,1.0,3.0,,,,
1388308,Bayern München,157,511,Leon Goretzka,https://media.api-sports.io/football/players/511.png,68.0,8,M,7.5,False,False,0,0.0,,41.0,38,0,0,0,0,,1.0,,,1.0,6.0,3.0,1.0,2.0,,2.0,1.0,1.0,,,,,
1388308,Bayern München,157,19617,Michael Olise,https://media.api-sports.io/football/players/19617.png,90.0,17,M,9.9,False,False,0,0.0,,50.0,43,1,0,0,0,,3.0,2.0,2.0,1.0,17.0,5.0,6.0,5.0,2.0,,3.0,,1.0,2.0,,,
1388308,Bayern München,157,510,Serge Gnabry,https://media.api-sports.io/football/players/510.png,69.0,7,M,7.7,False,False,0,2.0,,36.0,31,0,0,0,0,,,,1.0,,6.0,3.0,4.0,,,,2.0,,3.0,,1.0,,
1388308,Bayern München,157,2489,Luis Díaz,https://media.api-sports.io/football/players/2489.png,90.0,14,M,9.9,False,False,0,2.0,,50.0,44,0,0,0,0,,1.0,1.0,,,10.0,6.0,6.0,,,1.0,4.0,2.0,4.0,1.0,,,
1388308,Bayern München,157,184,Harry Kane,https://media.api-sports.io/football/players/184.png,86.0,9,F,10,False,False,0,0.0,,29.0,23,0,0,0,0,,5.0,4.0,,1.0,8.0,6.0,3.0,,,,2.0,4.0,2.0,3.0,1.0,,
1388308,Bayern München,157,2897,Min-jae Kim,https://media.api-sports.io/football/players/2897.png,23.0,3,D,7.5,False,True,0,1.0,,20.0,20,0,0,0,0,,,,,1.0,1.0,,,1.0,,,,,1.0,,,,
1388308,Bayern München,157,328033,Aleksandar Pavlović,https://media.api-sports.io/football/players/328033.png,23.0,45,M,6.9,False,True,0,0.0,,30.0,30,0,0,0,0,,,,,,3.0,1.0,,1.0,1.0,,,1.0,,,,,
1388308,Bayern München,157,2195,Sacha Boey,https://media.api-sports.io/football/players/2195.png,22.0,23,D,6.9,False,True,0,0.0,,22.0,19,0,0,0,0,,,,,1.0,5.0,3.0,2.0,,1.0,,1.0,2.0,1.0,,,,
1388308,Bayern München,157,494131,Lennart Karl,https://media.api-sports.io/football/players/494131.png,22.0,42,M,7.2,False,True,0,0.0,,18.0,17,0,0,0,0,,2.0,2.0,2.0,,3.0,3.0,,,,,,1.0,,,,,
1388308,Bayern München,157,436443,Jonah Kusi-Asare,https://media.api-sports.io/football/players/436443.png,10.0,41,F,6.7,False,True,0,0.0,,,,0,0,0,0,,,,,,,,,,1.0,1.0,,,,,,,
1388308,Bayern München,157,203376,Jonas Urbig,https://media.api-sports.io/football/players/203376.png,,40,G,,False,True,0,,,,,0,0,0,0,,,,,,,,,,,,,,,,,,
1388308,Bayern München,157,498,Sven Ulreich,https://media.api-sports.io/football/players/498.png,,26,G,,False,True,0,,,,,0,0,0,0,,,,,,,,,,,,,,,,,,
1388308,Bayern München,157,8,Raphaël Guerreiro,https://media.api-sports.io/football/players/8.png,,22,D,,False,True,0,,,,,0,0,0,0,,,,,,,,,,,,,,,,,,
1388308,Bayern München,157,496738,Wisdom Mike,https://media.api-sports.io/football/players/496738.png,,36,F,,False,True,0,,,,,0,0,0,0,,,,,,,,,,,,,,,,,,
1388308,RB Leipzig,173,1139,Péter Gulácsi,https://media.api-sports.io/football/players/1139.png,90.0,1,G,4.2,False,False,6,0.0,3.0,42.0,32,0,0,0,0,0.0,,,,,,,,,,,,,,,,,
1388308,RB Leipzig,173,25917,Ridle Baku,https://media.api-sports.io/football/players/25917.png,90.0,17,D,6.2,False,False,0,0.0,,35.0,31,0,0,0,0,,,,7.0,1.0,11.0,7.0,,2.0,2.0,1.0,,,1.0,,,,
1388308,RB Leipzig,173,1148,Willi Orbán,https://media.api-sports.io/football/players/1148.png,90.0,4,D,5.3,False,False,0,0.0,,31.0,28,1,0,0,0,,,,1.0,,5.0,2.0,,,3.0,1.0,,,,,,,
1388308,RB Leipzig,173,162761,Castello Lukeba,https://media.api-sports.io/football/players/162761.png,90.0,23,D,5.5,False,False,0,0.0,,62.0,56,0,0,0,0,,,,,2.0,4.0,2.0,3.0,1.0,,2.0,2.0,,,,,,
1388308,RB Leipzig,173,25158,David Raum,https://media.api-sports.io/football/players/25158.png,90.0,22,D,5.5,True,False,0,0.0,,42.0,29,0,0,0,0,,1.0,,1.0,2.0,10.0,5.0,2.0,2.0,2.0,1.0,1.0,2.0,1.0,,,,
1388308,RB Leipzig,173,1095,Xaver Schlager,https://media.api-sports.io/football/players/1095.png,69.0,24,M,6.7,False,False,0,0.0,,27.0,23,0,0,0,0,,1.0,,1.0,,5.0,2.0,1.0,1.0,2.0,,1.0,,2.0,,,,
1388308,RB Leipzig,173,7328,Nicolas Seiwald,https://media.api-sports.io/football/players/7328.png,88.0,13,M,6.3,False,False,0,0.0,,33.0,29,0,0,0,0,,,,2.0,1.0,5.0,3.0,1.0,,,,1.0,,1.0,,,,
1388308,RB Leipzig,173,162016,Xavi Simons,https://media.api-sports.io/football/players/162016.png,90.0,10,M,6.3,False,False,0,0.0,,37.0,33,0,0,0,0,,,,,1.0,8.0,5.0,4.0,,1.0,,2.0,3.0,1.0,,,,
1388308,RB Leipzig,173,290549,Johan Bakayoko,https://media.api-sports.io/football/players/290549.png,69.0,9,F,5.9,False,False,0,0.0,,24.0,18,0,0,0,0,,,,1.0,,7.0,1.0,1.0,3.0,,,,,1.0,,,,
1388308,RB Leipzig,173,86,Loïs Openda,https://media.api-sports.io/football/players/86.png,45.0,11,F,6.9,False,False,0,0.0,,12.0,10,0,0,0,0,,,,,,3.0,2.0,1.0,,,,,2.0,1.0,,,,
1388308,RB Leipzig,173,513776,Yan Diomande,https://media.api-sports.io/football/players/513776.png,45.0,49,F,6.7,False,False,0,0.0,,11.0,9,0,0,0,0,,,,,,7.0,2.0,2.0,2.0,1.0,1.0,2.0,,,,,,
1388308,RB Leipzig,173,314511,Antonio Nusa,https://media.api-sports.io/football/players/314511.png,45.0,7,M,6.7,False,True,0,0.0,,9.0,4,0,0,0,0,,1.0,,2.0,1.0,10.0,6.0,5.0,,,,1.0,3.0,,,,,
1388308,RB Leipzig,173,326102,Rômulo,https://media.api-sports.io/football/players/326102.png,45.0,40,F,6.7,False,True,0,0.0,,15.0,10,0,0,0,0,,,,1.0,1.0,6.0,3.0,1.0,1.0,1.0,,1.0,,1.0,,,,
1388308,RB Leipzig,173,715,Christoph Baumgartner,https://media.api-sports.io/football/players/715.png,22.0,14,M,6.3,False,True,0,0.0,,4.0,4,0,0,0,0,,2.0,1.0,,,3.0,1.0,1.0,1.0,1.0,,1.0,,,,,,
1388308,RB Leipzig,173,343286,Ezechiel Banzuzi,https://media.api-sports.io/football/players/343286.png,22.0,6,M,6.9,False,True,0,0.0,,3.0,3,0,0,0,0,,,,2.0,,3.0,2.0,,1.0,,,,,,,,,
1388308,RB Leipzig,173,380978,Assan Ouédraogo,https://media.api-sports.io/football/players/380978.png,8.0,20,M,6.6,False,True,0,0.0,,1.0,,0,0,0,0,,,,,,2.0,2.0,1.0,,,,1.0,1.0,,,,,
1388308,RB Leipzig,173,1924,Maarten Vandevoordt,https://media.api-sports.io/football/players/1924.png,,26,G,,False,True,0,,,,,0,0,0,0,,,,,,,,,,,,,,,,,,
1388308,RB Leipzig,173,37143,Lutsharel Geertruida,https://media.api-sports.io/football/players/37143.png,,2,D,,False,True,0,,,,,0,0,0,0,,,,,,,,,,,,,,,,,,
1388308,RB Leipzig,173,342320,Kosta Nedeljković,https://media.api-sports.io/football/players/342320.png,,19,D,,False,True,0,,,,,0,0,0,0,,,,,,,,,,,,,,,,,,
1388308,RB Leipzig,173,268571,El Chadaille Bitshiabu,https://media.api-sports.io/football/players/268571.png,,5,D,,False,True,0,,,,,0,0,0,0,,,,,,,,,,,,,,,,,,
1388312,SC Freiburg,160,178768,Noah Atubolu,https://media.api-sports.io/football/players/178768.png,90.0,1,G,7.2,False,False,3,0.0,2.0,36.0,25,0,0,0,0,0.0,,,,,1.0,1.0,,,,,,,,,,,
1388312,SC Freiburg,160,26239,Lukas Kübler,https://media.api-sports.io/football/players/26239.png,90.0,17,D,7,False,False,0,0.0,,46.0,38,0,0,0,0,,,,4.0,3.0,12.0,9.0,,,1.0,,,2.0,,,1.0,,
1388312,SC Freiburg,160,2915,Matthias Ginter,https://media.api-sports.io/football/players/2915.png,90.0,28,D,6.5,False,False,0,0.0,,68.0,57,1,0,0,0,,1.0,1.0,,3.0,16.0,11.0,,,2.0,,,2.0,,,,,
1388312,SC Freiburg,160,26240,Philipp Lienhart,https://media.api-sports.io/football/players/26240.png,90.0,3,D,7.5,False,False,0,0.0,,52.0,48,0,0,0,0,,1.0,,,,3.0,2.0,,,,4.0,,,,,,,
1388312,SC Freiburg,160,26236,Christian Günter,https://media.api-sports.io/football/players/26236.png,81.0,30,D,5.6,True,False,0,0.0,,15.0,12,1,0,0,0,,,,,,3.0,1.0,,,1.0,,,,2.0,,1.0,,
1388312,SC Freiburg,160,2917,Maximilian Eggestein,https://media.api-sports.io/football/players/2917.png,90.0,8,M,7,False,False,0,0.0,,48.0,42,0,0,0,0,,,,5.0,3.0,12.0,9.0,2.0,,3.0,1.0,1.0,1.0,2.0,,,,
1388312,SC Freiburg,160,406244,Johan Manzambi,https://media.api-sports.io/football/players/406244.png,81.0,44,M,7.3,False,False,0,0.0,,47.0,43,0,0,0,0,,2.0,1.0,1.0,2.0,11.0,7.0,2.0,1.0,1.0,1.0,2.0,2.0,1.0,,,,
1388312,SC Freiburg,160,202526,Eren Dinkçi,https://media.api-sports.io/football/players/202526.png,60.0,18,M,5.3,False,False,0,0.0,,24.0,15,1,0,0,0,,1.0,,1.0,2.0,6.0,2.0,1.0,,1.0,,,1.0,,,,,
1388312,SC Freiburg,160,199143,Yuito Suzuki,https://media.api-sports.io/football/players/199143.png,70.0,14,M,6,False,False,0,0.0,,22.0,15,0,0,0,0,,2.0,,,,7.0,2.0,,,,,,,2.0,,,,
1388312,SC Freiburg,160,26248,Vincenzo Grifo,https://media.api-sports.io/football/players/26248.png,90.0,32,M,7.5,False,False,0,0.0,,39.0,31,0,0,1,0,,1.0,1.0,,,6.0,5.0,3.0,1.0,,,3.0,2.0,3.0,1.0,,,
1388312,SC Freiburg,160,26255,Lucas Höler,https://media.api-sports.io/football/players/26255.png,90.0,9,F,7,False,False,0,0.0,,29.0,19,0,0,0,0,,1.0,1.0,,,14.0,9.0,,,1.0,,,4.0,,,1.0,,
1388312,SC Freiburg,160,431149,Cyriaque Irié,https://media.api-sports.io/football/players/431149.png,31.0,22,F,6.6,False,True,0,0.0,,15.0,13,1,0,0,0,,1.0,,2.0,,10.0,4.0,3.0,,2.0,,1.0,1.0,,,1.0,,
1388312,SC Freiburg,160,202854,Merlin Röhl,https://media.api-sports.io/football/players/202854.png,21.0,34,M,6.5,False,True,0,0.0,,7.0,7,0,0,0,0,,,,1.0,,4.0,1.0,,,1.0,,,,,,,,
1388312,SC Freiburg,160,191160,Jordy Makengo,https://media.api-sports.io/football/players/191160.png,10.0,33,D,6.9,False,True,0,0.0,,9.0,7,0,0,0,0,,,,1.0,,2.0,1.0,,,1.0,,,,1.0,,,,
1388312,SC Freiburg,160,286710,Derry Scherhant,https://media.api-sports.io/football/players/286710.png,10.0,7,F,6.2,False,True,0,0.0,,1.0,1,0,0,0,0,,,,,,3.0,,2.0,,,,,,,,,,
1388312,SC Freiburg,160,25905,Florian Müller,https://media.api-sports.io/football/players/25905.png,,21,G,,False,True,0,,,,,0,0,0,0,,,,,,,,,,,,,,,,,,
1388312,SC Freiburg,160,361393,Bruno Ogbus,https://media.api-sports.io/football/players/361393.png,,43,D,,False,True,0,,,,,0,0,0,0,,,,,,,,,,,,,,,,,,
1388312,SC Freiburg,160,15874,Anthony Jung,https://media.api-sports.io/football/players/15874.png,,5,D,,False,True,0,,,,,0,0,0,0,,,,,,,,,,,,,,,,,,
1388312,SC Freiburg,160,26250,Nicolas Höfler,https://media.api-sports.io/football/players/26250.png,,27,M,,False,True,0,,,,,0,0,0,0,,,,,,,,,,,,,,,,,,
1388312,SC Freiburg,160,125173,Junior Adamu,https://media.api-sports.io/football/players/125173.png,,20,F,,False,True,0,,,,,0,0,0,0,,,,,,,,,,,,,,,,,,
1388312,FC Augsburg,170,25903,Finn Dahmen,https://media.api-sports.io/football/players/25903.png,90.0,1,G,7.2,False,False,1,0.0,3.0,33.0,16,0,0,0,0,0.0,,,,,1.0,1.0,,,,,,,,,,,
1388312,FC Augsburg,170,163039,Chrislain Matsima,https://media.api-sports.io/football/players/163039.png,90.0,5,D,7.9,False,False,0,0.0,,31.0,22,1,0,0,0,,1.0,1.0,,2.0,3.0,2.0,,1.0,,3.0,,,,1.0,,,
1388312,FC Augsburg,170,25290,Jeffrey Gouweleeuw,https://media.api-sports.io/football/players/25290.png,90.0,6,D,6.7,True,False,0,0.0,,24.0,19,0,0,0,0,,1.0,1.0,,2.0,4.0,2.0,,,1.0,,,,,,,1.0,
1388312,FC Augsburg,170,26242,Keven Schlotterbeck,https://media.api-sports.io/football/players/26242.png,90.0,31,D,7,False,False,0,0.0,,33.0,25,0,0,0,0,,,,,1.0,9.0,4.0,,,2.0,1.0,,1.0,,,,,
1388312,FC Augsburg,170,26,Marius Wolf,https://media.api-sports.io/football/players/26.png,86.0,27,M,8.5,False,False,0,0.0,,14.0,8,1,0,0,0,,1.0,1.0,1.0,2.0,5.0,3.0,,1.0,,,,1.0,1.0,1.0,,,
1388312,FC Augsburg,170,143831,Robin Fellhauer,https://media.api-sports.io/football/players/143831.png,87.0,19,M,6.3,False,False,0,0.0,,13.0,10,0,0,0,0,,2.0,,2.0,,9.0,3.0,,2.0,3.0,,,1.0,,,,,
1388312,FC Augsburg,170,110,Han-Noah Massengo,https://media.api-sports.io/football/players/110.png,90.0,4,M,7,False,False,0,0.0,,37.0,33,0,0,0,0,,,,2.0,2.0,14.0,7.0,3.0,1.0,2.0,,1.0,3.0,,,,,
1388312,FC Augsburg,170,2360,Dimitrios Giannoulis,https://media.api-sports.io/football/players/2360.png,60.0,13,M,7.7,False,False,0,0.0,,22.0,13,0,0,0,0,,1.0,1.0,2.0,,2.0,2.0,,,,,,,1.0,1.0,,,
1388312,FC Augsburg,170,14395,Kristijan Jakić,https://media.api-sports.io/football/players/14395.png,90.0,17,F,7.3,False,False,0,0.0,,32.0,28,0,0,0,0,,1.0,1.0,3.0,1.0,11.0,5.0,1.0,,2.0,1.0,1.0,,1.0,,,,
1388312,FC Augsburg,170,348888,Mert Kömür,https://media.api-sports.io/football/players/348888.png,90.0,36,F,6.3,False,False,0,1.0,,27.0,19,1,0,0,0,,1.0,,,,17.0,4.0,1.0,1.0,4.0,,,1.0,2.0,,,,
1388312,FC Augsburg,170,323974,Elias Saad,https://media.api-sports.io/football/players/323974.png,70.0,26,F,6.2,False,False,0,0.0,,17.0,12,0,0,0,0,,,,,,11.0,3.0,2.0,,2.0,1.0,,3.0,1.0,,2.0,,
1388312,FC Augsburg,170,26171,Phillip Tietz,https://media.api-sports.io/football/players/26171.png,31.0,21,F,6.5,False,True,0,0.0,,4.0,2,1,0,0,0,,,,2.0,,13.0,5.0,2.0,,1.0,,,2.0,,,1.0,,
1388312,FC Augsburg,170,25413,Elvis Rexhbeçaj,https://media.api-sports.io/football/players/25413.png,20.0,8,M,6.9,False,True,0,0.0,,5.0,3,1,0,0,0,,,,2.0,,5.0,3.0,,1.0,1.0,,,1.0,1.0,,,,
1388312,FC Augsburg,170,48574,Cedric Zesiger,https://media.api-sports.io/football/players/48574.png,16.0,16,D,6.6,False,True,0,0.0,,2.0,,0,0,0,0,,,,1.0,1.0,4.0,2.0,,,,,,,,,,,
1388312,FC Augsburg,170,25355,Arne Maier,https://media.api-sports.io/football/players/25355.png,15.0,10,M,6.6,False,True,0,0.0,,5.0,4,0,0,0,0,,,,1.0,1.0,1.0,1.0,,,,,,,,,,,
1388312,FC Augsburg,170,14553,Nediljko Labrović,https://media.api-sports.io/football/players/14553.png,,22,G,,False,True,0,,,,,0,0,0,0,,,,,,,,,,,,,,,,,,
1388312,FC Augsburg,170,413065,Noahkai Banks,https://media.api-sports.io/football/players/413065.png,,40,D,,False,True,0,,,,,0,0,0,0,,,,,,,,,,,,,,,,,,
1388312,FC Augsburg,170,15901,Mads Pedersen,https://media.api-sports.io/football/players/15901.png,,3,D,,False,True,0,,,,,0,0,0,0,,,,,,,,,,,,,,,,,,
1388312,FC Augsburg,170,343710,Kyliane Dong,https://media.api-sports.io/football/players/343710.png,,29,F,,False,True,0,,,,,0,0,0,0,,,,,,,,,,,,,,,,,,
1388312,FC Augsburg,170,3395,Steve Mounié,https://media.api-sports.io/football/players/3395.png,,15,F,,False,True,0,,,,,0,0,0,0,,,,,,,,,,,,,,,,,,
1388309,Bayer Leverkusen,168,26232,Mark Flekken,https://media.api-sports.io/football/players/26232.png,90.0,1,G,6.7,False,False,2,0.0,3.0,31.0,23,0,0,0,0,0.0,,,,,,,,,,,,,,,,,
1388309,Bayer Leverkusen,168,158698,Jarell Quansah,https://media.api-sports.io/football/players/158698.png,90.0,4,D,7.9,False,False,0,0.0,,68.0,58,0,0,0,0,,1.0,1.0,2.0,2.0,12.0,8.0,1.0,,,,,3.0,,1.0,,,
1388309,Bayer Leverkusen,168,41150,Edmond Tapsoba,https://media.api-sports.io/football/players/41150.png,90.0,12,D,7.3,False,False,0,0.0,,101.0,93,0,0,0,0,,,,1.0,2.0,5.0,3.0,1.0,,2.0,1.0,1.0,,1.0,,,,
1388309,Bayer Leverkusen,168,127817,Piero Hincapié,https://media.api-sports.io/football/players/127817.png,90.0,3,D,6.6,False,False,0,0.0,,90.0,77,0,0,0,0,,2.0,1.0,,2.0,8.0,5.0,,,2.0,,,,,,,,
1388309,Bayer Leverkusen,168,352375,Arthur,https://media.api-sports.io/football/players/352375.png,45.0,13,M,6.9,False,False,0,0.0,,7.0,6,0,0,0,0,,,,2.0,,5.0,3.0,,1.0,,,,1.0,,,,,
1388309,Bayer Leverkusen,168,47516,Aleix García,https://media.api-sports.io/football/players/47516.png,90.0,24,M,6.9,False,False,0,0.0,,77.0,68,0,0,0,0,,1.0,,,2.0,1.0,1.0,1.0,,,,1.0,,,,,,
1388309,Bayer Leverkusen,168,24903,Robert Andrich,https://media.api-sports.io/football/players/24903.png,90.0,8,M,6.7,True,False,0,0.0,,49.0,43,0,0,0,0,,,,2.0,1.0,6.0,3.0,,,2.0,,,,,,,,
1388309,Bayer Leverkusen,168,563,Alejandro Grimaldo,https://media.api-sports.io/football/players/563.png,90.0,20,M,6.9,False,False,0,1.0,,58.0,50,0,0,0,0,,,,,,11.0,6.0,4.0,,1.0,,1.0,4.0,3.0,,,,
1388309,Bayer Leverkusen,168,380587,Ibrahim Maza,https://media.api-sports.io/football/players/380587.png,84.0,30,F,6.3,False,False,0,0.0,,21.0,17,0,0,0,0,,,,,,8.0,3.0,2.0,1.0,1.0,,1.0,2.0,,,,,
1388309,Bayer Leverkusen,168,231029,Nathan Tella,https://media.api-sports.io/football/players/231029.png,84.0,23,F,6.6,False,False,0,0.0,,23.0,20,0,0,0,0,,1.0,,,,7.0,4.0,2.0,1.0,1.0,,1.0,2.0,1.0,,,,
1388309,Bayer Leverkusen,168,794,Patrik Schick,https://media.api-sports.io/football/players/794.png,90.0,14,F,7.2,False,False,0,0.0,,13.0,10,0,0,0,0,,,,,,10.0,8.0,1.0,,,,1.0,2.0,,,1.0,,
1388309,Bayer Leverkusen,168,312840,Ernest Poku,https://media.api-sports.io/football/players/312840.png,45.0,19,F,6.9,False,True,0,0.0,,18.0,15,0,0,0,0,,,,,,5.0,2.0,2.0,,,,,2.0,,,,,
1388309,Bayer Leverkusen,168,414385,Claudio Echeverri,https://media.api-sports.io/football/players/414385.png,12.0,9,M,6.7,False,True,0,0.0,,5.0,5,0,0,0,0,,,,,,3.0,1.0,3.0,,,,1.0,,,,,,
1388309,Bayer Leverkusen,168,505295,Christian Kofane,https://media.api-sports.io/football/players/505295.png,12.0,35,F,6.2,False,True,0,0.0,,4.0,4,0,0,0,0,,,,,,1.0,,,,,,,,,,,,
1388309,Bayer Leverkusen,168,37246,Janis Blaswich,https://media.api-sports.io/football/players/37246.png,,28,G,,False,True,0,,,,,0,0,0,0,,,,,,,,,,,,,,,,,,
1388309,Bayer Leverkusen,168,25168,Niklas Lomb,https://media.api-sports.io/football/players/25168.png,,36,G,,False,True,0,,,,,0,0,0,0,,,,,,,,,,,,,,,,,,
1388309,Bayer Leverkusen,168,462228,Andrea Natali,https://media.api-sports.io/football/players/462228.png,,26,D,,False,True,0,,,,,0,0,0,0,,,,,,,,,,,,,,,,,,
1388309,Bayer Leverkusen,168,491103,Axel Tape,https://media.api-sports.io/football/players/491103.png,,16,D,,False,True,0,,,,,0,0,0,0,,,,,,,,,,,,,,,,,,
1388309,Bayer Leverkusen,168,493409,Jeremiah Mensah,https://media.api-sports.io/football/players/493409.png,,27,M,,False,True,0,,,,,0,0,0,0,,,,,,,,,,,,,,,,,,
1388309,Bayer Leverkusen,168,414384,Alejo Sarco,https://media.api-sports.io/football/players/414384.png,,18,F,,False,True,0,,,,,0,0,0,0,,,,,,,,,,,,,,,,,,
1388309,1899 Hoffenheim,167,702,Oliver Baumann,https://media.api-sports.io/football/players/702.png,90.0,1,G,7.3,True,False,1,0.0,2.0,31.0,22,0,0,0,0,0.0,,,,,,,,,,,,,,,,,
1388309,1899 Hoffenheim,167,1231,Vladimír Coufal,https://media.api-sports.io/football/players/1231.png,88.0,34,D,6.7,False,False,0,0.0,,28.0,26,0,0,0,0,,1.0,1.0,2.0,2.0,4.0,2.0,,,2.0,,,,1.0,,,,
1388309,1899 Hoffenheim,167,162964,Robin Hranáč,https://media.api-sports.io/football/players/162964.png,75.0,2,D,6.5,False,False,0,0.0,,30.0,25,0,0,0,0,,,,1.0,,7.0,2.0,,,2.0,,,,1.0,,,,
1388309,1899 Hoffenheim,167,33067,Koki Machida,https://media.api-sports.io/football/players/33067.png,44.0,28,D,6.2,False,False,0,0.0,,36.0,32,1,0,0,0,,,,1.0,1.0,6.0,2.0,,1.0,2.0,1.0,,,,,,,
1388309,1899 Hoffenheim,167,18964,Bernardo,https://media.api-sports.io/football/players/18964.png,90.0,13,D,7.2,False,False,0,0.0,,49.0,37,0,0,0,0,,,,5.0,2.0,10.0,8.0,1.0,,1.0,,1.0,,,,,,
1388309,1899 Hoffenheim,167,37153,Wouter Burger,https://media.api-sports.io/football/players/37153.png,45.0,18,M,6.2,False,False,0,0.0,,29.0,24,0,0,0,0,,,,,,2.0,,,,2.0,,,,2.0,,,,
1388309,1899 Hoffenheim,167,390586,Leon Avdullahu,https://media.api-sports.io/football/players/390586.png,90.0,7,M,6.9,False,False,0,0.0,,59.0,50,1,0,0,0,,,,,,2.0,,1.0,,1.0,1.0,,,1.0,,,,
1388309,1899 Hoffenheim,167,726,Andrej Kramarić,https://media.api-sports.io/football/players/726.png,90.0,27,M,6.9,False,False,0,0.0,,31.0,26,1,0,0,0,,1.0,1.0,,1.0,6.0,3.0,,,1.0,,,3.0,,,,,
1388309,1899 Hoffenheim,167,202501,Fisnik Asllani,https://media.api-sports.io/football/players/202501.png,90.0,11,F,7.9,False,False,0,1.0,,19.0,15,0,0,0,0,,2.0,1.0,,1.0,11.0,2.0,1.0,3.0,,,,1.0,2.0,1.0,,,
1388309,1899 Hoffenheim,167,203040,Tim Lemperle,https://media.api-sports.io/football/players/203040.png,75.0,19,F,7.3,False,False,0,0.0,,17.0,12,0,0,0,0,,2.0,1.0,1.0,1.0,11.0,5.0,,3.0,1.0,,,2.0,,1.0,1.0,,
1388309,1899 Hoffenheim,167,387643,Bazoumana Touré,https://media.api-sports.io/football/players/387643.png,90.0,29,F,6.5,False,False,0,1.0,,16.0,11,0,0,0,0,,2.0,1.0,,1.0,8.0,2.0,3.0,,3.0,,2.0,,1.0,,,,
1388309,1899 Hoffenheim,167,304686,Arthur Chaves,https://media.api-sports.io/football/players/304686.png,45.0,35,D,6.7,False,True,0,0.0,,14.0,11,0,0,0,0,,,,,,3.0,,,,1.0,,,,,,,,
1388309,1899 Hoffenheim,167,279907,Umut Tohumcu,https://media.api-sports.io/football/players/279907.png,45.0,17,M,6.9,False,True,0,0.0,,14.0,12,1,0,0,0,,1.0,,1.0,,4.0,3.0,,,,,,2.0,,,,,
1388309,1899 Hoffenheim,167,25366,Kevin Akpoguma,https://media.api-sports.io/football/players/25366.png,16.0,25,D,6.9,False,True,0,0.0,,6.0,3,0,0,0,0,,,,1.0,1.0,2.0,2.0,,,,,,,,,,,
1388309,1899 Hoffenheim,167,7327,Alexander Prass,https://media.api-sports.io/football/players/7327.png,16.0,22,D,6.9,False,True,0,0.0,,5.0,4,0,0,0,0,,,,2.0,,5.0,3.0,,,1.0,,,1.0,1.0,,,,
1388309,1899 Hoffenheim,167,24854,Grischa Prömel,https://media.api-sports.io/football/players/24854.png,8.0,6,M,6.6,False,True,0,0.0,,3.0,3,0,0,0,0,,,,1.0,,1.0,1.0,,,,,,,,,,,
1388309,1899 Hoffenheim,167,163066,Luca Philipp,https://media.api-sports.io/football/players/163066.png,,37,G,,False,True,0,,,,,0,0,0,0,,,,,,,,,,,,,,,,,,
1388309,1899 Hoffenheim,167,328262,Muhammed Damar,https://media.api-sports.io/football/players/328262.png,,10,M,,False,True,0,,,,,0,0,0,0,,,,,,,,,,,,,,,,,,
1388309,1899 Hoffenheim,167,350047,David Mokwa,https://media.api-sports.io/football/players/350047.png,,24,F,,False,True,0,,,,,0,0,0,0,,,,,,,,,,,,,,,,,,
1388309,1899 Hoffenheim,167,387973,Max Moerstedt,https://media.api-sports.io/football/players/387973.png,,33,F,,False,True,0,,,,,0,0,0,0,,,,,,,,,,,,,,,,,,
1388311,Eintracht Frankfurt,169,7288,Michael Zetterer,https://media.api-sports.io/football/players/7288.png,90.0,23,G,6.6,False,False,1,0.0,4.0,28.0,23,0,0,0,0,0.0,,,,,,,,,,,,,,,,,
1388311,Eintracht Frankfurt,169,533,Rasmus Kristensen,https://media.api-sports.io/football/players/533.png,90.0,13,D,7.2,False,False,0,0.0,,46.0,36,1,0,0,0,,2.0,,3.0,4.0,11.0,7.0,1.0,,2.0,,1.0,1.0,3.0,,1.0,,
1388311,Eintracht Frankfurt,169,269531,Nnamdi Collins,https://media.api-sports.io/football/players/269531.png,90.0,34,D,6.9,False,False,0,0.0,,43.0,35,0,0,0,0,,,,5.0,,10.0,6.0,,1.0,2.0,,,,,,,,
1388311,Eintracht Frankfurt,169,26238,Robin Koch,https://media.api-sports.io/football/players/26238.png,90.0,4,D,7.9,True,False,0,0.0,,61.0,57,0,0,0,0,,1.0,,1.0,2.0,6.0,5.0,,,1.0,,,,,,,,
1388311,Eintracht Frankfurt,169,204043,Arthur Theate,https://media.api-sports.io/football/players/204043.png,90.0,3,D,6.7,False,False,0,0.0,,53.0,47,0,0,0,0,,,,2.0,2.0,8.0,4.0,1.0,,,,1.0,,,,,,
1388311,Eintracht Frankfurt,169,335094,Hugo Larsson,https://media.api-sports.io/football/players/335094.png,83.0,16,M,7.2,False,False,0,1.0,,49.0,44,0,0,0,0,,,,,2.0,2.0,,,1.0,1.0,,,,1.0,,,,
1388311,Eintracht Frankfurt,169,276670,Farès Chaïbi,https://media.api-sports.io/football/players/276670.png,90.0,8,M,7.6,False,False,0,1.0,,47.0,40,0,0,0,0,,1.0,,3.0,3.0,11.0,8.0,1.0,2.0,,1.0,,3.0,2.0,,1.0,,
1388311,Eintracht Frankfurt,169,2598,Ritsu Doan,https://media.api-sports.io/football/players/2598.png,83.0,20,M,7.3,False,False,0,0.0,,27.0,23,0,0,0,0,,1.0,,1.0,2.0,11.0,7.0,6.0,,,,4.0,,2.0,,,,
1388311,Eintracht Frankfurt,169,339887,Can Uzun,https://media.api-sports.io/football/players/339887.png,74.0,42,M,10,False,False,0,2.0,,40.0,32,0,0,0,0,,1.0,1.0,3.0,,8.0,5.0,3.0,1.0,,,1.0,1.0,2.0,1.0,,,
1388311,Eintracht Frankfurt,169,369674,Jean-Mattéo Bahoya,https://media.api-sports.io/football/players/369674.png,67.0,19,M,9.6,False,False,0,0.0,,29.0,26,0,0,0,0,,3.0,2.0,2.0,,11.0,8.0,5.0,,,,4.0,2.0,2.0,2.0,,,
1388311,Eintracht Frankfurt,169,25926,Jonathan Burkardt,https://media.api-sports.io/football/players/25926.png,67.0,9,F,6.2,False,False,0,0.0,,10.0,7,0,0,0,0,,3.0,,,,3.0,1.0,,,1.0,,,1.0,,,,,
1388311,Eintracht Frankfurt,169,161922,Ansgar Knauff,https://media.api-sports.io/football/players/161922.png,24.0,7,F,7.6,False,True,0,0.0,,10.0,8,0,0,0,0,,2.0,2.0,1.0,,5.0,2.0,,,,,,1.0,,1.0,,,
1388311,Eintracht Frankfurt,169,162707,Elye Wahi,https://media.api-sports.io/football/players/162707.png,24.0,17,F,6.5,False,True,0,0.0,,7.0,6,0,0,0,0,,,,,,3.0,,2.0,,,,,,2.0,,,,
1388311,Eintracht Frankfurt,169,16,Mario Götze,https://media.api-sports.io/football/players/16.png,17.0,27,M,6.3,False,True,0,0.0,,7.0,7,0,0,0,0,,,,,,1.0,,,,,,,,,,,,
1388311,Eintracht Frankfurt,169,280074,Nathaniel Brown,https://media.api-sports.io/football/players/280074.png,8.0,21,D,6.6,False,True,0,0.0,,2.0,2,0,0,0,0,,,,,,2.0,1.0,2.0,,1.0,,1.0,,1.0,,,,
1388311,Eintracht Frankfurt,169,339874,Oscar Højlund,https://media.api-sports.io/football/players/339874.png,8.0,6,M,6.5,False,True,0,0.0,,8.0,6,0,0,0,0,,,,,,3.0,,1.0,,1.0,,,,,,,,
1388311,Eintracht Frankfurt,169,26291,Jens Grahl,https://media.api-sports.io/football/players/26291.png,,33,G,,False,True,0,,,,,0,0,0,0,,,,,,,,,,,,,,,,,,
1388311,Eintracht Frankfurt,169,8451,Aurélio Buta,https://media.api-sports.io/football/players/8451.png,,24,D,,False,True,0,,,,,0,0,0,0,,,,,,,,,,,,,,,,,,
1388311,Eintracht Frankfurt,169,156490,Niels Nkounkou,https://media.api-sports.io/football/players/156490.png,,29,D,,False,True,0,,,,,0,0,0,0,,,,,,,,,,,,,,,,,,
1388311,Eintracht Frankfurt,169,2927,Michy Batshuayi,https://media.api-sports.io/football/players/2927.png,,30,F,,False,True,0,,,,,0,0,0,0,,,,,,,,,,,,,,,,,,
1388311,Werder Bremen,162,329578,Mio Backhaus,https://media.api-sports.io/football/players/329578.png,90.0,30,G,6.2,False,False,4,0.0,1.0,27.0,25,0,0,0,0,0.0,,,,,3.0,3.0,,,,,,1.0,,,,,
1388311,Werder Bremen,162,289460,Julián Malatini,https://media.api-sports.io/football/players/289460.png,90.0,22,D,5.7,False,False,0,0.0,,28.0,18,1,0,0,0,,,,4.0,,15.0,9.0,2.0,2.0,2.0,,1.0,,,,,,
1388311,Werder Bremen,162,2916,Niklas Stark,https://media.api-sports.io/football/players/2916.png,78.0,4,D,6.3,False,False,0,0.0,,39.0,35,1,0,0,0,,,,2.0,2.0,6.0,3.0,,,2.0,3.0,,1.0,,,,,
1388311,Werder Bremen,162,25314,Marco Friedl,https://media.api-sports.io/football/players/25314.png,90.0,32,D,6.5,True,False,0,0.0,,68.0,61,0,0,0,0,,,,1.0,,2.0,2.0,,,,,,,,,1.0,,
1388311,Werder Bremen,162,26319,Felix Agu,https://media.api-sports.io/football/players/26319.png,90.0,27,D,5.6,False,False,0,0.0,,47.0,32,0,0,0,0,,1.0,1.0,1.0,1.0,15.0,7.0,3.0,2.0,2.0,1.0,1.0,2.0,2.0,,1.0,,
1388311,Werder Bremen,162,716,Leonardo Bittencourt,https://media.api-sports.io/football/players/716.png,78.0,10,M,6,False,False,0,0.0,,37.0,30,0,0,0,0,,1.0,,,,4.0,,,2.0,1.0,,,,,,,,
1388311,Werder Bremen,162,38798,Senne Lynen,https://media.api-sports.io/football/players/38798.png,90.0,14,M,6.2,False,False,0,0.0,,44.0,40,0,0,0,0,,,,1.0,3.0,6.0,1.0,1.0,2.0,1.0,,,,,,,,
1388311,Werder Bremen,162,177807,Justin Njinmah,https://media.api-sports.io/football/players/177807.png,90.0,11,M,7.3,False,False,0,0.0,,16.0,12,1,0,0,0,,4.0,2.0,,,6.0,4.0,4.0,,,,2.0,1.0,,1.0,1.0,,
1388311,Werder Bremen,162,7562,Romano Schmid,https://media.api-sports.io/football/players/7562.png,90.0,20,M,6.5,False,False,0,0.0,,42.0,30,0,0,0,0,,,,3.0,,9.0,4.0,2.0,,,,,1.0,1.0,,,,
1388311,Werder Bremen,162,346866,Samuel Mbangula,https://media.api-sports.io/football/players/346866.png,65.0,7,M,5.9,False,False,0,0.0,,21.0,14,0,0,0,0,,1.0,,2.0,,11.0,5.0,4.0,1.0,,,1.0,1.0,,,,,
1388311,Werder Bremen,162,7073,Marco Grüll,https://media.api-sports.io/football/players/7073.png,89.0,17,F,6.2,False,False,0,1.0,,28.0,22,0,0,0,0,,2.0,2.0,,1.0,11.0,1.0,1.0,2.0,,,,1.0,3.0,,,,
1388311,Werder Bremen,162,448468,Patrice Čović,https://media.api-sports.io/football/players/448468.png,26.0,24,M,6.2,False,True,0,0.0,,21.0,18,0,0,0,0,,,,,,2.0,,,1.0,1.0,,,,,,,,
1388311,Werder Bremen,162,440147,Karim Coulibaly,https://media.api-sports.io/football/players/440147.png,13.0,31,D,6.9,False,True,0,0.0,,6.0,6,0,0,0,0,,,,,,,,,,,,,,1.0,,,,
1388311,Werder Bremen,162,334334,Keke Topp,https://media.api-sports.io/football/players/334334.png,13.0,9,F,6.3,False,True,0,0.0,,4.0,4,0,0,0,0,,,,,,2.0,,1.0,,,,,,,,,,
1388311,Werder Bremen,162,216770,Isak Hansen Aarøen,https://media.api-sports.io/football/players/216770.png,2.0,21,M,,False,True,0,0.0,,5.0,3,0,0,0,0,,,,2.0,,3.0,2.0,1.0,,,,,,,,,,
1388311,Werder Bremen,162,25519,Markus Kolke,https://media.api-sports.io/football/players/25519.png,,25,G,,False,True,0,,,,,0,0,0,0,,,,,,,,,,,,,,,,,,
1388311,Werder Bremen,162,444984,Mick Schmetgens,https://media.api-sports.io/football/players/444984.png,,33,D,,False,True,0,,,,,0,0,0,0,,,,,,,,,,,,,,,,,,
1388311,Werder Bremen,162,193720,Skelly Alvero,https://media.api-sports.io/football/players/193720.png,,28,M,,False,True,0,,,,,0,0,0,0,,,,,,,,,,,,,,,,,,
1388311,Werder Bremen,162,363638,Leon Opitz,https://media.api-sports.io/football/players/363638.png,,35,F,,False,True,0,,,,,0,0,0,0,,,,,,,,,,,,,,,,,,
1388311,Werder Bremen,162,455290,Wesley Adeh,https://media.api-sports.io/football/players/455290.png,,34,M,,False,True,0,,,,,0,0,0,0,,,,,,,,,,,,,,,,,,
1388313,1. FC Heidenheim,180,24894,Diant Ramaj,https://media.api-sports.io/football/players/24894.png,90.0,41,G,6.2,False,False,3,0.0,2.0,54.0,42,1,0,0,0,0.0,,,,,3.0,1.0,,,2.0,,,,,,,1.0,
1388313,1. FC Heidenheim,180,24899,Patrick Mainka,https://media.api-sports.io/football/players/24899.png,90.0,6,D,6.2,True,False,0,0.0,,59.0,51,0,0,0,0,,,,1.0,,7.0,4.0,1.0,,,,1.0,1.0,,,,,
1388313,1. FC Heidenheim,180,25203,Benedikt Gimber,https://media.api-sports.io/football/players/25203.png,90.0,5,D,6.2,False,False,0,0.0,,49.0,42,0,0,0,0,,,,1.0,,13.0,7.0,,1.0,3.0,1.0,,3.0,,,,,
1388313,1. FC Heidenheim,180,177815,Tim Siersleben,https://media.api-sports.io/football/players/177815.png,78.0,4,D,5.9,False,False,0,0.0,,30.0,24,0,0,0,0,,1.0,,,3.0,4.0,1.0,,2.0,1.0,,,1.0,,,,,
1388313,1. FC Heidenheim,180,24897,Marnon Busch,https://media.api-sports.io/football/players/24897.png,90.0,2,M,6.6,False,False,0,0.0,,35.0,29,0,0,0,0,,,,2.0,,5.0,3.0,,,,,,,,,,,
1388313,1. FC Heidenheim,180,127619,Jan Schöppner,https://media.api-sports.io/football/players/127619.png,90.0,3,M,6.2,False,False,0,0.0,,24.0,18,0,0,0,0,,,,2.0,2.0,7.0,3.0,2.0,,1.0,,,,,,,,
1388313,1. FC Heidenheim,180,24904,Niklas Dorsch,https://media.api-sports.io/football/players/24904.png,62.0,30,M,6.2,False,False,0,0.0,,25.0,23,0,0,0,0,,,,2.0,1.0,4.0,2.0,,1.0,,,,,1.0,,,,
1388313,1. FC Heidenheim,180,24979,Jonas Föhrenbach,https://media.api-sports.io/football/players/24979.png,61.0,19,M,6.6,False,False,0,0.0,,12.0,10,0,0,0,0,,,,2.0,,3.0,2.0,,,,,,,,,,,
1388313,1. FC Heidenheim,180,327897,Arijon Ibrahimović,https://media.api-sports.io/football/players/327897.png,71.0,22,F,6.6,False,False,0,0.0,,27.0,20,0,0,0,0,,,,1.0,,10.0,5.0,3.0,,,,1.0,,1.0,,,,
1388313,1. FC Heidenheim,180,283323,Leo Scienza,https://media.api-sports.io/football/players/283323.png,90.0,8,F,8,False,False,0,0.0,,20.0,17,0,0,0,0,,2.0,1.0,1.0,,12.0,7.0,2.0,1.0,1.0,,1.0,5.0,1.0,1.0,,,
1388313,1. FC Heidenheim,180,24641,Budu Zivzivadze,https://media.api-sports.io/football/players/24641.png,71.0,11,F,6.6,False,False,0,0.0,,8.0,5,0,0,0,0,,2.0,1.0,,,5.0,2.0,1.0,,1.0,,1.0,1.0,,,2.0,,
1388313,1. FC Heidenheim,180,25502,Haktab Omar Traore,https://media.api-sports.io/football/players/25502.png,30.0,23,D,6.2,False,True,0,0.0,,19.0,17,1,0,0,0,,,,,,4.0,2.0,2.0,,1.0,,2.0,,1.0,,,,
1388313,1. FC Heidenheim,180,280055,Luca Kerber,https://media.api-sports.io/football/players/280055.png,29.0,20,M,6.2,False,True,0,0.0,,7.0,6,0,0,0,0,,,,,,3.0,,,1.0,1.0,,,,,,,,
1388313,1. FC Heidenheim,180,24955,Mathias Honsak,https://media.api-sports.io/football/players/24955.png,20.0,17,F,6.5,False,True,0,0.0,,10.0,9,0,0,0,0,,1.0,,,,3.0,1.0,1.0,,,,,1.0,,,,,
1388313,1. FC Heidenheim,180,15732,Mikkel Kaufmann,https://media.api-sports.io/football/players/15732.png,20.0,29,F,6.3,False,True,0,0.0,,2.0,1,0,0,0,0,,,,,1.0,4.0,1.0,,,1.0,,,,,,,,
1388313,1. FC Heidenheim,180,8959,Adrian Beck,https://media.api-sports.io/football/players/8959.png,13.0,21,M,6.2,False,True,0,0.0,,11.0,10,0,0,0,0,,,,,,1.0,,,,,,,,,,,,
1388313,1. FC Heidenheim,180,24893,Kevin Müller,https://media.api-sports.io/football/players/24893.png,,1,G,,False,True,0,,,,,0,0,0,0,,,,,,,,,,,,,,,,,,
1388313,1. FC Heidenheim,180,431917,Adam Kölle,https://media.api-sports.io/football/players/431917.png,,28,D,,False,True,0,,,,,0,0,0,0,,,,,,,,,,,,,,,,,,
1388313,1. FC Heidenheim,180,203011,Julian Niehues,https://media.api-sports.io/football/players/203011.png,,16,M,,False,True,0,,,,,0,0,0,0,,,,,,,,,,,,,,,,,,
1388313,1. FC Heidenheim,180,480613,Yannik Wagner,https://media.api-sports.io/football/players/480613.png,,38,F,,False,True,0,,,,,0,0,0,0,,,,,,,,,,,,,,,,,,
1388313,VfL Wolfsburg,161,15573,Kamil Grabara,https://media.api-sports.io/football/players/15573.png,90.0,1,G,6.9,False,False,1,0.0,1.0,23.0,14,0,0,0,0,0.0,,,,,,,,,,,,,,,,,
1388313,VfL Wolfsburg,161,177618,Kilian Fischer,https://media.api-sports.io/football/players/177618.png,89.0,2,D,6.7,False,False,0,0.0,,35.0,31,0,0,0,0,,1.0,,2.0,2.0,7.0,4.0,1.0,1.0,1.0,,,,,,,,
1388313,VfL Wolfsburg,161,231032,Moritz Jenz,https://media.api-sports.io/football/players/231032.png,90.0,15,D,6.3,False,False,0,0.0,,41.0,34,1,0,0,0,,,,1.0,,7.0,4.0,,,2.0,,,,,,,,
1388313,VfL Wolfsburg,161,162409,Konstantinos Koulierakis,https://media.api-sports.io/football/players/162409.png,90.0,4,D,6.9,False,False,0,0.0,,53.0,45,0,0,0,0,,,,1.0,1.0,5.0,2.0,,,1.0,,,,,,,,
1388313,VfL Wolfsburg,161,323951,Aaron Zehnter,https://media.api-sports.io/football/players/323951.png,90.0,25,D,6.2,False,False,0,0.0,,43.0,34,0,0,0,0,,,,1.0,,4.0,2.0,1.0,1.0,,,1.0,,1.0,,,,
1388313,VfL Wolfsburg,161,25408,Maximilian Arnold,https://media.api-sports.io/football/players/25408.png,90.0,27,M,7.6,True,False,0,1.0,,58.0,48,1,0,0,0,,3.0,1.0,1.0,2.0,5.0,4.0,,,1.0,1.0,,2.0,3.0,,,,
1388313,VfL Wolfsburg,161,10169,Vinícius Souza,https://media.api-sports.io/football/players/10169.png,90.0,5,M,6.9,False,False,0,0.0,,28.0,26,0,0,0,0,,1.0,,3.0,4.0,9.0,5.0,1.0,1.0,2.0,,,1.0,,,,,
1388313,VfL Wolfsburg,161,15916,Andreas Skov Olsen,https://media.api-sports.io/football/players/15916.png,89.0,7,M,8.5,False,False,0,0.0,,32.0,29,1,0,0,0,,1.0,1.0,,,3.0,3.0,3.0,,,,3.0,,4.0,1.0,,,
1388313,VfL Wolfsburg,161,1321,Lovro Majer,https://media.api-sports.io/football/players/1321.png,64.0,10,M,6.2,False,False,0,0.0,,30.0,22,0,0,0,0,,,,,,9.0,3.0,1.0,1.0,2.0,,,2.0,2.0,,,,
1388313,VfL Wolfsburg,161,126642,Patrick Wimmer,https://media.api-sports.io/football/players/126642.png,90.0,39,M,7.5,False,False,0,1.0,,34.0,23,0,0,0,0,,2.0,1.0,2.0,2.0,17.0,8.0,5.0,2.0,,,1.0,3.0,1.0,,,,
1388313,VfL Wolfsburg,161,342188,Dženan Pejčinović,https://media.api-sports.io/football/players/342188.png,64.0,17,F,5.9,False,False,0,0.0,,16.0,13,0,0,0,0,,3.0,,,,10.0,4.0,2.0,,,,1.0,,,,,,
1388313,VfL Wolfsburg,161,30484,Mattias Svanberg,https://media.api-sports.io/football/players/30484.png,27.0,32,M,7.9,False,True,0,0.0,,10.0,6,0,0,0,0,,2.0,1.0,,,7.0,6.0,,,1.0,,,3.0,,1.0,,,
1388313,VfL Wolfsburg,161,200139,Mohamed El Amine Amoura,https://media.api-sports.io/football/players/200139.png,27.0,9,F,7.5,False,True,0,0.0,,5.0,4,0,0,1,0,,1.0,1.0,,,4.0,1.0,,,2.0,,,1.0,,1.0,,,1.0
1388313,VfL Wolfsburg,161,25400,Yannick Gerhardt,https://media.api-sports.io/football/players/25400.png,2.0,31,M,,False,True,0,0.0,,,,0,0,0,0,,,,,,,,,,,,,,,,,,
1388313,VfL Wolfsburg,161,549,Václav Černý,https://media.api-sports.io/football/players/549.png,2.0,18,M,,False,True,0,0.0,,1.0,,0,0,0,0,,,,,,1.0,1.0,,,,,,,,,,,
1388313,VfL Wolfsburg,161,1141,Marius Müller,https://media.api-sports.io/football/players/1141.png,,29,G,,False,True,0,,,,,0,0,0,0,,,,,,,,,,,,,,,,,,
1388313,VfL Wolfsburg,161,394740,David Odogu,https://media.api-sports.io/football/players/394740.png,,33,D,,False,True,0,,,,,0,0,0,0,,,,,,,,,,,,,,,,,,
1388313,VfL Wolfsburg,161,449714,Mathys Angely,https://media.api-sports.io/football/players/449714.png,,22,D,,False,True,0,,,,,0,0,0,0,,,,,,,,,,,,,,,,,,
1388313,VfL Wolfsburg,161,380503,Bence Dárdai,https://media.api-sports.io/football/players/380503.png,,8,M,,False,True,0,,,,,0,0,0,0,,,,,,,,,,,,,,,,,,
1388313,VfL Wolfsburg,161,1302,Jonas Wind,https://media.api-sports.io/football/players/1302.png,,23,F,,False,True,0,,,,,0,0,0,0,,,,,,,,,,,,,,,,,,
1388316,Union Berlin,182,1798,Frederik Rønnow,https://media.api-sports.io/football/players/1798.png,90.0,1,G,8.5,False,False,1,0.0,5.0,30.0,15,0,0,0,0,0.0,,,,,2.0,2.0,,,,,,,,,,,
1388316,Union Berlin,182,24848,Christopher Trimmel,https://media.api-sports.io/football/players/24848.png,84.0,28,D,7.2,True,False,0,0.0,,10.0,6,1,0,0,0,,,,2.0,1.0,4.0,2.0,,,3.0,1.0,,,1.0,,,,
1388316,Union Berlin,182,37117,Danilho Doekhi,https://media.api-sports.io/football/players/37117.png,90.0,5,D,7.6,False,False,0,0.0,,16.0,10,0,0,0,0,,,,2.0,2.0,11.0,5.0,1.0,,2.0,2.0,,1.0,1.0,,,,
1388316,Union Berlin,182,288206,Leopold Querfeld,https://media.api-sports.io/football/players/288206.png,90.0,14,D,6.6,False,False,0,0.0,,7.0,6,0,0,0,0,,1.0,,,,5.0,3.0,,1.0,,1.0,,1.0,,,,,
1388316,Union Berlin,182,324957,Tom Rothe,https://media.api-sports.io/football/players/324957.png,90.0,15,D,6.6,False,False,0,0.0,,16.0,13,0,0,0,0,,1.0,,2.0,,8.0,4.0,,,2.0,,,,1.0,,,,
1388316,Union Berlin,182,1298,Robert Skov,https://media.api-sports.io/football/players/1298.png,67.0,24,D,6.9,False,False,0,0.0,,15.0,10,0,0,0,0,,1.0,,2.0,1.0,9.0,5.0,1.0,1.0,2.0,,1.0,1.0,1.0,,,,
1388316,Union Berlin,182,30785,András Schäfer,https://media.api-sports.io/football/players/30785.png,90.0,13,M,6.6,False,False,0,0.0,,19.0,9,0,0,0,0,,,,2.0,,11.0,7.0,2.0,,3.0,,1.0,1.0,,,,,
1388316,Union Berlin,182,25300,Rani Khedira,https://media.api-sports.io/football/players/25300.png,90.0,8,M,6.9,False,False,0,0.0,,19.0,11,1,0,0,0,,,,3.0,3.0,5.0,3.0,,,1.0,,,,,,,,
1388316,Union Berlin,182,26249,Janik Haberer,https://media.api-sports.io/football/players/26249.png,67.0,19,M,7,False,False,0,0.0,,12.0,9,1,0,0,0,,,,,,8.0,4.0,,1.0,1.0,,,4.0,,,,,
1388316,Union Berlin,182,380873,Ilyas Ansah,https://media.api-sports.io/football/players/380873.png,76.0,10,F,9.2,False,False,0,0.0,,15.0,12,0,0,0,0,,2.0,2.0,1.0,,14.0,6.0,6.0,,1.0,,3.0,1.0,,2.0,1.0,,
1388316,Union Berlin,182,45892,Andrej Ilić,https://media.api-sports.io/football/players/45892.png,90.0,23,F,6.7,False,False,0,1.0,,23.0,14,1,0,0,0,,2.0,,,,23.0,9.0,,1.0,2.0,1.0,,1.0,1.0,,1.0,,
1388316,Union Berlin,182,128853,Derrick Köhn,https://media.api-sports.io/football/players/128853.png,24.0,39,D,6.2,False,True,0,0.0,,8.0,6,0,0,0,0,,,,1.0,,5.0,1.0,1.0,,3.0,1.0,,,,,,,
1388316,Union Berlin,182,1234,Alex Král,https://media.api-sports.io/football/players/1234.png,24.0,33,M,6.6,False,True,0,0.0,,1.0,1,0,0,0,0,,,,1.0,,2.0,2.0,,,,,,1.0,,,,,
1388316,Union Berlin,182,1124,Oliver Burke,https://media.api-sports.io/football/players/1124.png,15.0,7,F,6.2,False,True,0,0.0,,4.0,3,0,0,0,0,,,,,,4.0,1.0,2.0,,1.0,,,1.0,,,,,
1388316,Union Berlin,182,14330,Josip Juranović,https://media.api-sports.io/football/players/14330.png,15.0,18,D,6.2,False,True,0,0.0,,3.0,,0,0,0,0,,,,,,,,,,,,,,1.0,,,,
1388316,Union Berlin,182,262815,Matheo Raab,https://media.api-sports.io/football/players/262815.png,,31,G,,False,True,0,,,,,0,0,0,0,,,,,,,,,,,,,,,,,,
1388316,Union Berlin,182,327831,Aljoscha Kemlein,https://media.api-sports.io/football/players/327831.png,,6,M,,False,True,0,,,,,0,0,0,0,,,,,,,,,,,,,,,,,,
1388316,Union Berlin,182,512,Woo-Yeong Jeong,https://media.api-sports.io/football/players/512.png,,11,M,,False,True,0,,,,,0,0,0,0,,,,,,,,,,,,,,,,,,
1388316,Union Berlin,182,292218,Marin Ljubičić,https://media.api-sports.io/football/players/292218.png,,27,F,,False,True,0,,,,,0,0,0,0,,,,,,,,,,,,,,,,,,
1388316,Union Berlin,182,24910,Tim Skarke,https://media.api-sports.io/football/players/24910.png,,21,M,,False,True,0,,,,,0,0,0,0,,,,,,,,,,,,,,,,,,
1388316,VfB Stuttgart,172,399,Alexander Nübel,https://media.api-sports.io/football/players/399.png,90.0,33,G,5.6,False,False,2,0.0,,21.0,18,0,0,0,0,0.0,,,,,,,,,,,,,,,,,
1388316,VfB Stuttgart,172,24868,Josha Vagnoman,https://media.api-sports.io/football/players/24868.png,71.0,4,D,5.9,False,False,0,0.0,,30.0,28,1,0,0,0,,1.0,,1.0,,13.0,5.0,2.0,,2.0,,1.0,2.0,,,,,
1388316,VfB Stuttgart,172,349344,Luca Jaquez,https://media.api-sports.io/football/players/349344.png,90.0,14,D,6.9,False,False,0,0.0,,98.0,88,0,0,0,0,,,,2.0,,15.0,8.0,,1.0,1.0,,,1.0,1.0,,,,
1388316,VfB Stuttgart,172,38112,Julian Chabot,https://media.api-sports.io/football/players/38112.png,82.0,24,D,7.9,False,False,0,0.0,,90.0,83,0,0,0,0,,2.0,1.0,,1.0,13.0,11.0,1.0,1.0,,,1.0,5.0,,,,,
1388316,VfB Stuttgart,172,25342,Maximilian Mittelstädt,https://media.api-sports.io/football/players/25342.png,90.0,7,D,7.3,False,False,0,0.0,,96.0,82,0,0,0,0,,2.0,1.0,2.0,1.0,5.0,3.0,,,1.0,,,,4.0,,,,
1388316,VfB Stuttgart,172,24963,Atakan Karazor,https://media.api-sports.io/football/players/24963.png,82.0,16,M,7,True,False,0,0.0,,48.0,44,0,0,0,0,,2.0,1.0,3.0,,10.0,7.0,,1.0,,,,1.0,,,,,
1388316,VfB Stuttgart,172,137210,Angelo Stiller,https://media.api-sports.io/football/players/137210.png,90.0,6,M,6.9,False,False,0,0.0,,99.0,91,0,0,0,0,,,,1.0,,2.0,1.0,,1.0,,,,,3.0,,,,
1388316,VfB Stuttgart,172,158054,Nick Woltemade,https://media.api-sports.io/football/players/158054.png,90.0,11,M,6.3,False,False,0,0.0,,9.0,5,0,0,0,0,,,,1.0,,14.0,5.0,1.0,,1.0,1.0,1.0,3.0,1.0,,1.0,,
1388316,VfB Stuttgart,172,26475,Deniz Undav,https://media.api-sports.io/football/players/26475.png,90.0,26,M,6.2,False,False,0,0.0,,39.0,36,1,0,0,0,,3.0,,2.0,,11.0,5.0,,1.0,2.0,,,1.0,1.0,,,,
1388316,VfB Stuttgart,172,128533,Jamie Leweling,https://media.api-sports.io/football/players/128533.png,90.0,18,M,6.9,False,False,0,0.0,,37.0,31,1,0,0,0,,1.0,1.0,,,9.0,5.0,2.0,,1.0,,,5.0,3.0,,,,
1388316,VfB Stuttgart,172,46930,Ermedin Demirović,https://media.api-sports.io/football/players/46930.png,65.0,9,F,6,False,False,0,0.0,,11.0,9,1,0,0,0,,1.0,,,1.0,7.0,,,,3.0,,,,2.0,,,,
1388316,VfB Stuttgart,172,265363,Tiago Tomás,https://media.api-sports.io/football/players/265363.png,26.0,8,F,7.3,False,True,0,0.0,,5.0,4,0,0,0,0,,1.0,1.0,1.0,,6.0,3.0,,,1.0,,,2.0,,1.0,,,
1388316,VfB Stuttgart,172,24798,Chris Führich,https://media.api-sports.io/football/players/24798.png,20.0,10,M,7.3,False,True,0,1.0,,15.0,11,0,0,0,0,,1.0,1.0,,,2.0,2.0,1.0,,,,1.0,,2.0,,,,
1388316,VfB Stuttgart,172,135883,Ramon Hendriks,https://media.api-sports.io/football/players/135883.png,9.0,3,D,6.7,False,True,0,0.0,,16.0,15,0,0,0,0,,,,,,2.0,1.0,,,,,,,,,,,
1388316,VfB Stuttgart,172,398194,Lazar Jovanović,https://media.api-sports.io/football/players/398194.png,9.0,45,F,6.3,False,True,0,0.0,,4.0,2,0,0,0,0,,1.0,,,,2.0,1.0,,,1.0,,,,1.0,,,,
1388316,VfB Stuttgart,172,25597,Fabian Bredlow,https://media.api-sports.io/football/players/25597.png,,1,G,,False,True,0,,,,,0,0,0,0,,,,,,,,,,,,,,,,,,
1388316,VfB Stuttgart,172,26244,Pascal Stenzel,https://media.api-sports.io/football/players/26244.png,,15,D,,False,True,0,,,,,0,0,0,0,,,,,,,,,,,,,,,,,,
1388316,VfB Stuttgart,172,394734,Finn Jeltsch,https://media.api-sports.io/football/players/394734.png,,29,D,,False,True,0,,,,,0,0,0,0,,,,,,,,,,,,,,,,,,
1388316,VfB Stuttgart,172,388871,Chema Andrés,https://media.api-sports.io/football/players/388871.png,,30,M,,False,True,0,,,,,0,0,0,0,,,,,,,,,,,,,,,,,,
1388316,VfB Stuttgart,172,24806,Nikolas Nartey,https://media.api-sports.io/football/players/24806.png,,28,M,,False,True,0,,,,,0,0,0,0,,,,,,,,,,,,,,,,,,
1388315,FC St. Pauli,186,9026,Nikola Vasilj,https://media.api-sports.io/football/players/9026.png,90.0,22,G,7.3,False,False,3,0.0,4.0,31.0,24,0,0,0,0,1.0,,,,,,,,,,,,,,,,,
1388315,FC St. Pauli,186,24961,Hauke Wahl,https://media.api-sports.io/football/players/24961.png,90.0,5,D,6,False,False,0,0.0,,72.0,61,0,0,0,0,,,,2.0,,6.0,4.0,,1.0,,,,1.0,,,,,
1388315,FC St. Pauli,186,8486,Eric Smith,https://media.api-sports.io/football/players/8486.png,90.0,8,D,7.2,True,False,0,0.0,,68.0,61,1,0,0,0,,1.0,1.0,2.0,1.0,9.0,6.0,2.0,1.0,1.0,,2.0,1.0,,1.0,,1.0,
1388315,FC St. Pauli,186,40274,Adam Dźwigała,https://media.api-sports.io/football/players/40274.png,77.0,25,D,5.7,False,False,0,0.0,,46.0,37,1,0,0,0,,,,1.0,,4.0,1.0,,,1.0,,,,,,,,
1388315,FC St. Pauli,186,148448,Arkadiusz Pyrka,https://media.api-sports.io/football/players/148448.png,77.0,11,M,6.9,False,False,0,0.0,,35.0,31,0,0,0,0,,,,1.0,1.0,4.0,3.0,2.0,,,,2.0,,1.0,,,,
1388315,FC St. Pauli,186,50863,James Sands,https://media.api-sports.io/football/players/50863.png,87.0,6,M,6.7,False,False,0,0.0,,35.0,27,0,0,0,0,,,,3.0,,9.0,6.0,2.0,1.0,,,1.0,2.0,,,,,
1388315,FC St. Pauli,186,146586,Joel Chima Fujita,https://media.api-sports.io/football/players/146586.png,90.0,16,M,6.2,False,False,0,0.0,,47.0,38,0,0,0,0,,,,2.0,1.0,10.0,2.0,1.0,,4.0,,,,1.0,,,,
1388315,FC St. Pauli,186,202636,Louis Oppie,https://media.api-sports.io/football/players/202636.png,90.0,23,M,6.6,False,False,0,0.0,,41.0,33,0,0,0,0,,2.0,1.0,2.0,,6.0,5.0,2.0,,,,1.0,2.0,1.0,,1.0,,
1388315,FC St. Pauli,186,1672,Danel Sinani,https://media.api-sports.io/football/players/1672.png,90.0,10,F,8.3,False,False,0,1.0,,40.0,30,0,0,1,0,,2.0,2.0,2.0,2.0,13.0,6.0,1.0,,3.0,,1.0,3.0,3.0,1.0,,,
1388315,FC St. Pauli,186,178921,Andreas Hountondji,https://media.api-sports.io/football/players/178921.png,68.0,27,F,7.5,False,False,0,0.0,,10.0,8,0,0,0,0,,2.0,2.0,,,6.0,2.0,,,1.0,,,,1.0,1.0,2.0,,
1388315,FC St. Pauli,186,20780,Mathias Pereira Lage,https://media.api-sports.io/football/players/20780.png,90.0,28,F,6.7,False,False,0,0.0,,20.0,13,0,0,0,0,,2.0,1.0,4.0,1.0,10.0,5.0,,,,,,1.0,,,1.0,,
1388315,FC St. Pauli,186,474789,Abdoulie Ceesay,https://media.api-sports.io/football/players/474789.png,23.0,9,F,6.9,False,True,0,0.0,,3.0,3,0,0,0,0,,1.0,,,,6.0,3.0,,,2.0,,,1.0,,,,,1.0
1388315,FC St. Pauli,186,6904,Connor Metcalfe,https://media.api-sports.io/football/players/6904.png,14.0,24,M,6.6,False,True,0,0.0,,9.0,8,0,0,0,0,,,,1.0,1.0,2.0,2.0,,,,,,1.0,,,,,
1388315,FC St. Pauli,186,27157,Manolis Saliakas,https://media.api-sports.io/football/players/27157.png,14.0,2,D,7.2,False,True,0,1.0,,25.0,22,0,0,0,0,,,,,,2.0,,,,,,,,1.0,,,,
1388315,FC St. Pauli,186,17756,Oladapo Afolayan,https://media.api-sports.io/football/players/17756.png,14.0,17,F,6.3,False,True,0,0.0,,2.0,1,0,0,0,0,,,,,,2.0,,1.0,,1.0,,,,,,,,
1388315,FC St. Pauli,186,119167,Ben Voll,https://media.api-sports.io/football/players/119167.png,,1,G,,False,True,0,,,,,0,0,0,0,,,,,,,,,,,,,,,,,,
1388315,FC St. Pauli,186,384968,Jannik Thomas Robatsch,https://media.api-sports.io/football/players/384968.png,,34,D,,False,True,0,,,,,0,0,0,0,,,,,,,,,,,,,,,,,,
1388315,FC St. Pauli,186,107087,Scott Banks,https://media.api-sports.io/football/players/107087.png,,18,F,,False,True,0,,,,,0,0,0,0,,,,,,,,,,,,,,,,,,
1388315,FC St. Pauli,186,47965,Erik Ahlstrand,https://media.api-sports.io/football/players/47965.png,,20,M,,False,True,0,,,,,0,0,0,0,,,,,,,,,,,,,,,,,,
1388315,FC St. Pauli,186,90731,Lars Ritzka,https://media.api-sports.io/football/players/90731.png,,21,D,,False,True,0,,,,,0,0,0,0,,,,,,,,,,,,,,,,,,
1388315,Borussia Dortmund,165,25282,Gregor Kobel,https://media.api-sports.io/football/players/25282.png,90.0,1,G,7.2,True,False,3,0.0,4.0,34.0,26,0,0,0,0,0.0,,,,,1.0,1.0,,,,,,1.0,,,,,
1388315,Borussia Dortmund,165,341839,Filippo Mané,https://media.api-sports.io/football/players/341839.png,85.0,39,D,5.5,False,False,0,0.0,,66.0,60,0,1,0,0,,,,,1.0,6.0,,1.0,,1.0,,,,,,,1.0,
1388315,Borussia Dortmund,165,25368,Waldemar Anton,https://media.api-sports.io/football/players/25368.png,90.0,3,D,7.6,False,False,0,0.0,,93.0,86,0,0,0,0,,1.0,1.0,3.0,2.0,11.0,7.0,1.0,,1.0,,,2.0,,1.0,,,
1388315,Borussia Dortmund,165,2194,Ramy Bensebaini,https://media.api-sports.io/football/players/2194.png,90.0,5,D,6.7,False,False,0,0.0,,90.0,84,1,0,0,0,,1.0,,,,10.0,6.0,,1.0,2.0,,,1.0,,,,,
1388315,Borussia Dortmund,165,197448,Yan Couto,https://media.api-sports.io/football/players/197448.png,90.0,2,M,6.3,False,False,0,0.0,,16.0,12,1,0,0,0,,,,1.0,1.0,6.0,3.0,2.0,,1.0,,,2.0,,,,,
1388315,Borussia Dortmund,165,18970,Pascal Groß,https://media.api-sports.io/football/players/18970.png,87.0,13,M,6,False,False,0,1.0,,44.0,34,0,0,0,0,,1.0,1.0,2.0,,9.0,3.0,1.0,1.0,3.0,,,1.0,2.0,,,,
1388315,Borussia Dortmund,165,1159,Marcel Sabitzer,https://media.api-sports.io/football/players/1159.png,90.0,20,M,6.6,False,False,0,1.0,,27.0,23,1,0,0,0,,,,1.0,1.0,4.0,2.0,,1.0,1.0,,,,1.0,,,,
1388315,Borussia Dortmund,165,198654,Daniel Svensson,https://media.api-sports.io/football/players/198654.png,90.0,24,M,6.6,False,False,0,0.0,,45.0,41,0,0,0,0,,,,,1.0,3.0,2.0,1.0,,,1.0,1.0,,2.0,,,,
1388315,Borussia Dortmund,165,326757,Jobe Bellingham,https://media.api-sports.io/football/players/326757.png,45.0,7,F,6.7,False,False,0,0.0,,12.0,12,0,0,0,0,,,,1.0,,8.0,3.0,1.0,,,,,1.0,,,,,
1388315,Borussia Dortmund,165,21393,Serhou Guirassy,https://media.api-sports.io/football/players/21393.png,90.0,9,F,7.2,False,False,0,0.0,,18.0,9,0,0,0,1,,3.0,3.0,,,13.0,8.0,4.0,1.0,2.0,,2.0,2.0,,1.0,1.0,,
1388315,Borussia Dortmund,165,7334,Karim Adeyemi,https://media.api-sports.io/football/players/7334.png,45.0,27,F,7.5,False,False,0,0.0,,11.0,7,0,0,0,0,,,,,1.0,6.0,3.0,,2.0,,,,2.0,1.0,,1.0,,1.0
1388315,Borussia Dortmund,165,984,Julian Brandt,https://media.api-sports.io/football/players/984.png,45.0,10,M,7.9,False,True,0,0.0,,12.0,9,0,0,0,0,,2.0,2.0,2.0,,7.0,5.0,1.0,,,,,,,1.0,1.0,,
1388315,Borussia Dortmund,165,637,Felix Nmecha,https://media.api-sports.io/football/players/637.png,45.0,8,M,6.3,False,True,0,1.0,,11.0,8,0,0,0,0,,,,,1.0,5.0,1.0,2.0,1.0,1.0,,,1.0,1.0,,,,
1388315,Borussia Dortmund,165,24807,Salih Özcan,https://media.api-sports.io/football/players/24807.png,14.0,6,M,6.3,False,True,0,0.0,,2.0,2,0,0,0,0,,,,,,,,,,,,,,,,,,
1388315,Borussia Dortmund,165,26292,Alexander Meyer,https://media.api-sports.io/football/players/26292.png,,33,G,,False,True,0,,,,,0,0,0,0,,,,,,,,,,,,,,,,,,
1388315,Borussia Dortmund,165,24845,Julian Ryerson,https://media.api-sports.io/football/players/24845.png,,26,D,,False,True,0,,,,,0,0,0,0,,,,,,,,,,,,,,,,,,
1388315,Borussia Dortmund,165,203269,Yannik Lührs,https://media.api-sports.io/football/players/203269.png,,49,D,,False,True,0,,,,,0,0,0,0,,,,,,,,,,,,,,,,,,
1388315,Borussia Dortmund,165,394667,Almugera Kabar,https://media.api-sports.io/football/players/394667.png,,42,D,,False,True,0,,,,,0,0,0,0,,,,,,,,,,,,,,,,,,
1388315,Borussia Dortmund,165,328617,Cole Campbell,https://media.api-sports.io/football/players/328617.png,,37,F,,False,True,0,,,,,0,0,0,0,,,,,,,,,,,,,,,,,,
1388315,Borussia Dortmund,165,158644,Maximilian Beier,https://media.api-sports.io/football/players/158644.png,,14,F,,False,True,0,,,,,0,0,0,0,,,,,,,,,,,,,,,,,,
1388314,FSV Mainz 05,164,25906,Robin Zentner,https://media.api-sports.io/football/players/25906.png,90.0,27,G,7.2,False,False,1,0.0,1.0,33.0,26,0,0,0,0,0.0,,,,,2.0,1.0,1.0,,,,1.0,,,,,,
1388314,FSV Mainz 05,164,1812,Danny da Costa,https://media.api-sports.io/football/players/1812.png,90.0,21,D,7.2,False,False,0,0.0,,48.0,37,0,0,0,0,,1.0,,,,7.0,5.0,2.0,,1.0,,2.0,1.0,2.0,,,,
1388314,FSV Mainz 05,164,39279,Andreas Hanche-Olsen,https://media.api-sports.io/football/players/39279.png,65.0,25,D,7,False,False,0,0.0,,38.0,28,0,0,0,0,,,,,,11.0,7.0,,,1.0,,,,1.0,,,,
1388314,FSV Mainz 05,164,979,Dominik Kohr,https://media.api-sports.io/football/players/979.png,89.0,31,D,7.5,False,False,0,0.0,,47.0,41,0,0,0,0,,,,3.0,,10.0,8.0,1.0,,,,,2.0,3.0,,,,
1388314,FSV Mainz 05,164,22244,Anthony Caci,https://media.api-sports.io/football/players/22244.png,65.0,19,M,6.9,False,False,0,0.0,,22.0,18,0,0,0,0,,1.0,,1.0,,3.0,2.0,,,1.0,,,,1.0,,,,
1388314,FSV Mainz 05,164,33889,Kaishu Sano,https://media.api-sports.io/football/players/33889.png,90.0,6,M,7.3,False,False,0,0.0,,33.0,26,0,0,0,0,,,,,1.0,8.0,5.0,2.0,1.0,,1.0,1.0,2.0,,,,,
1388314,FSV Mainz 05,164,714,Nadiem Amiri,https://media.api-sports.io/football/players/714.png,65.0,10,M,7,True,False,0,0.0,,43.0,37,0,0,0,0,,2.0,1.0,,1.0,4.0,2.0,1.0,,1.0,,,1.0,,,,,
1388314,FSV Mainz 05,164,25915,Phillipp Mwene,https://media.api-sports.io/football/players/25915.png,90.0,2,M,7.2,False,False,0,0.0,,18.0,16,0,0,0,0,,,,1.0,,6.0,3.0,,2.0,,,,1.0,4.0,,1.0,,
1388314,FSV Mainz 05,164,202736,Paul Nebel,https://media.api-sports.io/football/players/202736.png,60.0,8,F,5.9,False,False,0,0.0,,20.0,16,0,1,0,0,,,,,,6.0,3.0,,,1.0,1.0,,,1.0,,,,
1388314,FSV Mainz 05,164,2906,Jae-sung Lee,https://media.api-sports.io/football/players/2906.png,90.0,7,F,6.3,False,False,0,0.0,,34.0,22,0,0,0,0,,1.0,,2.0,,12.0,7.0,1.0,,,,,1.0,,,1.0,,
1388314,FSV Mainz 05,164,162946,Benedict Hollerbach,https://media.api-sports.io/football/players/162946.png,15.0,17,F,6.3,False,False,0,0.0,,3.0,3,0,0,0,0,,,,,,2.0,1.0,,,1.0,,,,,,,,
1388314,FSV Mainz 05,164,342177,Nelson Weiper,https://media.api-sports.io/football/players/342177.png,76.0,44,F,6.3,False,True,0,0.0,,16.0,12,0,0,0,0,,1.0,1.0,,,14.0,5.0,1.0,,1.0,,,,1.0,,3.0,,
1388314,FSV Mainz 05,164,25907,Stefan Bell,https://media.api-sports.io/football/players/25907.png,26.0,16,D,6.7,False,True,0,0.0,,8.0,4,0,0,0,0,,1.0,,1.0,,8.0,5.0,,,,,,,2.0,,,,
1388314,FSV Mainz 05,164,24842,Lennard Maloney,https://media.api-sports.io/football/players/24842.png,26.0,15,M,6.5,False,True,0,0.0,,10.0,7,0,0,0,0,,,,,,3.0,1.0,,,,,,1.0,,,,,
1388314,FSV Mainz 05,164,48378,Silvan Widmer,https://media.api-sports.io/football/players/48378.png,26.0,30,D,6.5,False,True,0,0.0,,14.0,7,0,0,0,0,,,,2.0,1.0,6.0,5.0,,1.0,,,,,,,,,
1388314,FSV Mainz 05,164,280339,Armindo Sieb,https://media.api-sports.io/football/players/280339.png,10.0,11,F,6.7,False,True,0,0.0,,2.0,2,0,0,0,0,,,,,,,,,,,,,,,,,,
1388314,FSV Mainz 05,164,180553,Lasse Riess,https://media.api-sports.io/football/players/180553.png,,1,G,,False,True,0,,,,,0,0,0,0,,,,,,,,,,,,,,,,,,
1388314,FSV Mainz 05,164,25066,Maxim Leitsch,https://media.api-sports.io/football/players/25066.png,,5,D,,False,True,0,,,,,0,0,0,0,,,,,,,,,,,,,,,,,,
1388314,FSV Mainz 05,164,22097,Arnaud Nordin,https://media.api-sports.io/football/players/22097.png,,9,F,,False,True,0,,,,,0,0,0,0,,,,,,,,,,,,,,,,,,
1388314,FSV Mainz 05,164,287932,Ben Justus Bobzien,https://media.api-sports.io/football/players/287932.png,,37,F,,False,True,0,,,,,0,0,0,0,,,,,,,,,,,,,,,,,,
1388314,1.FC Köln,192,15871,Marvin Schwäbe,https://media.api-sports.io/football/players/15871.png,90.0,1,G,7.3,True,False,0,0.0,2.0,41.0,22,0,0,0,0,0.0,,,,,1.0,1.0,,,,,,1.0,,,,,
1388314,1.FC Köln,192,48765,Joel Schmied,https://media.api-sports.io/football/players/48765.png,90.0,2,D,6.3,False,False,0,0.0,,17.0,14,1,0,0,0,,,,1.0,,11.0,2.0,,,2.0,2.0,,,,,,,
1388314,1.FC Köln,192,90641,Timo Hübers,https://media.api-sports.io/football/players/90641.png,90.0,4,D,7.3,False,False,0,0.0,,41.0,37,0,0,0,0,,,,1.0,,10.0,5.0,,,,2.0,,1.0,,,,,
1388314,1.FC Köln,192,1156,Tom Krauß,https://media.api-sports.io/football/players/1156.png,68.0,5,D,7.2,False,False,0,0.0,,48.0,48,0,0,0,0,,,,1.0,,2.0,2.0,,,,,,1.0,,,,,
1388314,1.FC Köln,192,191740,Sebastian Sebulonsen,https://media.api-sports.io/football/players/191740.png,74.0,28,M,6.6,False,False,0,0.0,,17.0,13,0,0,0,0,,1.0,,,,2.0,,1.0,,,1.0,,,,,,,
1388314,1.FC Köln,192,48198,Ísak Bergmann Jóhannesson,https://media.api-sports.io/football/players/48198.png,80.0,18,M,6.7,False,False,0,0.0,,35.0,29,0,0,0,0,,,,,,2.0,,,,,,,,,,,,
1388314,1.FC Köln,192,162480,Eric Martel,https://media.api-sports.io/football/players/162480.png,90.0,6,M,7.2,False,False,0,0.0,,47.0,35,0,0,0,0,,,,1.0,2.0,13.0,6.0,1.0,,1.0,3.0,1.0,1.0,1.0,,,,
1388314,1.FC Köln,192,162386,Kristoffer Lund,https://media.api-sports.io/football/players/162386.png,67.0,32,M,6.7,False,False,0,0.0,,29.0,22,1,0,0,0,,1.0,,1.0,1.0,7.0,2.0,,,1.0,1.0,,1.0,,,,,
1388314,1.FC Köln,192,181908,Jan Thielmann,https://media.api-sports.io/football/players/181908.png,67.0,29,F,6.3,False,False,0,0.0,,13.0,7,0,0,0,0,,2.0,,1.0,,10.0,3.0,,1.0,1.0,,,,,,,,
1388314,1.FC Köln,192,40560,Jakub Kamiński,https://media.api-sports.io/football/players/40560.png,90.0,16,F,7.2,False,False,0,0.0,,37.0,31,0,0,0,0,,3.0,1.0,,,10.0,5.0,1.0,1.0,1.0,1.0,1.0,1.0,4.0,,,,
1388314,1.FC Köln,192,25242,Marius Bülter,https://media.api-sports.io/football/players/25242.png,90.0,30,F,7.7,False,False,0,0.0,,25.0,20,0,0,0,0,,1.0,1.0,1.0,1.0,14.0,5.0,1.0,,2.0,1.0,1.0,1.0,2.0,1.0,,,
1388314,1.FC Köln,192,72048,Cenk Özkaçar,https://media.api-sports.io/football/players/72048.png,24.0,39,D,7.2,False,True,0,0.0,,28.0,27,0,0,0,0,,1.0,,2.0,,8.0,5.0,,1.0,,1.0,,,,,,,
1388314,1.FC Köln,192,37439,Ragnar Ache,https://media.api-sports.io/football/players/37439.png,24.0,9,F,6.3,False,True,0,0.0,,5.0,3,0,0,0,0,,,,,,4.0,2.0,1.0,,1.0,,,,,,,,
1388314,1.FC Köln,192,432310,Said El Mala,https://media.api-sports.io/football/players/432310.png,23.0,13,M,6.3,False,True,0,0.0,,8.0,7,0,0,0,0,,1.0,,,,6.0,2.0,3.0,1.0,,,1.0,,1.0,,,,
1388314,1.FC Köln,192,26260,Luca Waldschmidt,https://media.api-sports.io/football/players/26260.png,17.0,7,F,7,False,True,0,1.0,,4.0,3,0,0,0,0,,,,,,,,,,,,,,1.0,,,,
1388314,1.FC Köln,192,24803,Florian Kainz,https://media.api-sports.io/football/players/24803.png,11.0,11,M,6.9,False,True,0,0.0,,6.0,5,0,0,0,0,,,,1.0,,2.0,2.0,,,,,,,,,,,
1388314,1.FC Köln,192,26293,Ron-Robert Zieler,https://media.api-sports.io/football/players/26293.png,,20,G,,False,True,0,,,,,0,0,0,0,,,,,,,,,,,,,,,,,,
1388314,1.FC Köln,192,7319,Jusuf Gazibegović,https://media.api-sports.io/football/players/7319.png,,25,D,,False,True,0,,,,,0,0,0,0,,,,,,,,,,,,,,,,,,
1388314,1.FC Köln,192,287916,Rav van den Berg,https://media.api-sports.io/football/players/287916.png,,33,D,,False,True,0,,,,,0,0,0,0,,,,,,,,,,,,,,,,,,
1388314,1.FC Köln,192,202838,Denis Huseinbašić,https://media.api-sports.io/football/players/202838.png,,8,M,,False,True,0,,,,,0,0,0,0,,,,,,,,,,,,,,,,,,
1388310,Borussia Mönchengladbach,163,25626,Moritz Nicolas,https://media.api-sports.io/football/players/25626.png,90.0,33,G,6.9,False,False,0,0.0,1.0,24.0,19,0,0,0,0,0.0,,,,,,,,,,,,,,,,,
1388310,Borussia Mönchengladbach,163,50852,Joseph Scally,https://media.api-sports.io/football/players/50852.png,90.0,29,D,7.3,False,False,0,0.0,,56.0,51,1,0,0,0,,,,1.0,,12.0,8.0,1.0,1.0,1.0,,,3.0,1.0,,,,
1388310,Borussia Mönchengladbach,163,2803,Nico Elvedi,https://media.api-sports.io/football/players/2803.png,90.0,30,D,7.7,False,False,0,0.0,,91.0,87,0,0,0,0,,,,,1.0,6.0,1.0,,,,1.0,,,1.0,,,,
1388310,Borussia Mönchengladbach,163,322627,Fabio Chiarodia,https://media.api-sports.io/football/players/322627.png,77.0,2,D,7.3,False,False,0,0.0,,65.0,62,0,0,0,0,,,,1.0,1.0,2.0,2.0,,,,,,,,,,,
1388310,Borussia Mönchengladbach,163,327646,Lukas Ullrich,https://media.api-sports.io/football/players/327646.png,77.0,26,D,7,False,False,0,0.0,,44.0,39,0,0,0,0,,,,2.0,,4.0,3.0,1.0,1.0,,,1.0,,2.0,,,,
1388310,Borussia Mönchengladbach,163,203007,Rocco Reitz,https://media.api-sports.io/football/players/203007.png,90.0,27,M,7.2,True,False,0,0.0,,56.0,48,1,0,0,0,,3.0,2.0,1.0,5.0,6.0,5.0,1.0,,1.0,,1.0,2.0,1.0,,,,
1388310,Borussia Mönchengladbach,163,24969,Philipp Sander,https://media.api-sports.io/football/players/24969.png,83.0,16,M,7,False,False,0,0.0,,51.0,47,0,0,0,0,,3.0,1.0,3.0,,10.0,5.0,1.0,2.0,,1.0,,1.0,,,,,
1388310,Borussia Mönchengladbach,163,20784,Franck Honorat,https://media.api-sports.io/football/players/20784.png,90.0,9,M,7,False,False,0,0.0,,37.0,32,0,0,0,0,,1.0,1.0,4.0,,9.0,4.0,1.0,,1.0,,,,3.0,,,,
1388310,Borussia Mönchengladbach,163,25461,Kevin Stöger,https://media.api-sports.io/football/players/25461.png,66.0,7,M,6.5,False,False,0,0.0,,33.0,26,0,0,0,0,,1.0,,,,8.0,2.0,3.0,1.0,2.0,,1.0,1.0,2.0,,,,
1388310,Borussia Mönchengladbach,163,725,Robin Hack,https://media.api-sports.io/football/players/725.png,90.0,25,M,7.2,False,False,0,0.0,,33.0,26,0,0,0,0,,1.0,,,1.0,4.0,3.0,1.0,,,,1.0,1.0,4.0,,,,
1388310,Borussia Mönchengladbach,163,28382,Haris Tabaković,https://media.api-sports.io/football/players/28382.png,83.0,15,F,5.9,False,False,0,0.0,,6.0,3,0,0,0,0,,3.0,,,,17.0,5.0,1.0,,4.0,,1.0,1.0,,,1.0,,
1388310,Borussia Mönchengladbach,163,25638,Florian Neuhaus,https://media.api-sports.io/football/players/25638.png,25.0,10,M,6.6,False,True,0,0.0,,19.0,16,0,0,0,0,,,,,,1.0,1.0,1.0,,,,1.0,,1.0,,,,
1388310,Borussia Mönchengladbach,163,163069,Luca Netz,https://media.api-sports.io/football/players/163069.png,14.0,20,D,6.6,False,True,0,0.0,,10.0,7,0,0,0,0,,,,1.0,,6.0,3.0,,1.0,,,,,,,,,
1388310,Borussia Mönchengladbach,163,31043,Kevin Diks,https://media.api-sports.io/football/players/31043.png,14.0,4,D,6.9,False,True,0,0.0,,11.0,10,0,0,0,0,,1.0,,1.0,,6.0,4.0,,,1.0,,,1.0,,,,,
1388310,Borussia Mönchengladbach,163,280358,Jens Castrop,https://media.api-sports.io/football/players/280358.png,8.0,17,M,6.7,False,True,0,0.0,,10.0,9,0,0,0,0,,,,1.0,,2.0,1.0,,,,,,,,,,,
1388310,Borussia Mönchengladbach,163,106851,Shuto Machino,https://media.api-sports.io/football/players/106851.png,8.0,18,F,6.5,False,True,0,0.0,,3.0,2,0,0,0,0,,,,,,3.0,,,1.0,,,,,,,,,
1388310,Borussia Mönchengladbach,163,2801,Jonas Omlin,https://media.api-sports.io/football/players/2801.png,,1,G,,False,True,0,,,,,0,0,0,0,,,,,,,,,,,,,,,,,,
1388310,Borussia Mönchengladbach,163,24839,Marvin Friedrich,https://media.api-sports.io/football/players/24839.png,,5,D,,False,True,0,,,,,0,0,0,0,,,,,,,,,,,,,,,,,,
1388310,Borussia Mönchengladbach,163,180298,Oscar Fraulo,https://media.api-sports.io/football/players/180298.png,,22,M,,False,True,0,,,,,0,0,0,0,,,,,,,,,,,,,,,,,,
1388310,Borussia Mönchengladbach,163,280427,Grant-Leon Ranos,https://media.api-sports.io/football/players/280427.png,,28,F,,False,True,0,,,,,0,0,0,0,,,,,,,,,,,,,,,,,,
1388310,Hamburger SV,175,25033,Daniel Heuer Fernandes,https://media.api-sports.io/football/players/25033.png,90.0,1,G,7.3,False,False,0,0.0,4.0,50.0,37,0,0,0,0,0.0,,,,,,,,,,,,,,,,,
1388310,Hamburger SV,175,162265,Warmed Omari,https://media.api-sports.io/football/players/162265.png,90.0,17,D,7.3,False,False,0,0.0,,43.0,39,0,0,0,0,,,,1.0,1.0,3.0,2.0,,1.0,,1.0,,,,,,,
1388310,Hamburger SV,175,324019,Daniel Elfadli,https://media.api-sports.io/football/players/324019.png,90.0,8,D,7.3,False,False,0,0.0,,33.0,32,0,0,0,0,,,,2.0,2.0,11.0,7.0,,1.0,1.0,1.0,,2.0,,,,,
1388310,Hamburger SV,175,25346,Jordan Torunarigha,https://media.api-sports.io/football/players/25346.png,90.0,25,D,7.3,False,False,0,0.0,,53.0,44,0,0,0,0,,,,1.0,,11.0,7.0,,1.0,1.0,1.0,,1.0,,,,,
1388310,Hamburger SV,175,265741,Giorgi Gocholeishvili,https://media.api-sports.io/football/players/265741.png,86.0,16,M,6.2,False,False,0,0.0,,21.0,15,0,0,0,0,,1.0,,1.0,1.0,7.0,3.0,1.0,1.0,1.0,,1.0,,1.0,,1.0,,
1388310,Hamburger SV,175,260898,Nicolai Remberg,https://media.api-sports.io/football/players/260898.png,90.0,21,M,7.2,False,False,0,0.0,,39.0,31,0,0,0,0,,1.0,,1.0,,9.0,5.0,2.0,,2.0,1.0,1.0,2.0,,,,,
1388310,Hamburger SV,175,5973,Nicolás Capaldo,https://media.api-sports.io/football/players/5973.png,86.0,24,M,6.9,True,False,0,0.0,,18.0,13,1,0,0,0,,,,1.0,,4.0,3.0,,1.0,,,,2.0,,,,,
1388310,Hamburger SV,175,48489,Miro Muheim,https://media.api-sports.io/football/players/48489.png,90.0,28,M,7,False,False,0,0.0,,31.0,25,0,0,0,0,,,,2.0,,8.0,5.0,1.0,,1.0,,1.0,2.0,3.0,,,,
1388310,Hamburger SV,175,14351,Emir Sahiti,https://media.api-sports.io/football/players/14351.png,66.0,29,F,6.5,False,False,0,0.0,,13.0,10,0,0,0,0,,,,,,6.0,1.0,2.0,1.0,,,1.0,,1.0,,,,
1388310,Hamburger SV,175,162773,Ransford Yeboah Königsdörffer,https://media.api-sports.io/football/players/162773.png,74.0,11,F,6.2,False,False,0,0.0,,10.0,5,0,0,0,0,,,,,,7.0,2.0,1.0,,1.0,,,,,,2.0,,
1388310,Hamburger SV,175,470282,Alexander Røssing-Lelesiit,https://media.api-sports.io/football/players/470282.png,74.0,38,F,6.2,False,False,0,0.0,,12.0,11,0,0,0,0,,1.0,1.0,2.0,,11.0,2.0,,,3.0,,,,,,,,
1388310,Hamburger SV,175,129693,Rayan Philippe,https://media.api-sports.io/football/players/129693.png,25.0,14,F,6.3,False,True,0,0.0,,3.0,3,0,0,0,0,,,,1.0,,6.0,2.0,3.0,,,,1.0,,,,,,
1388310,Hamburger SV,175,1167,Yussuf Poulsen,https://media.api-sports.io/football/players/1167.png,17.0,15,F,6.9,False,True,0,0.0,,6.0,4,0,0,0,0,,1.0,1.0,1.0,,8.0,7.0,1.0,,,,1.0,1.0,,,,,
1388310,Hamburger SV,175,8483,Jean-Luc Dompé,https://media.api-sports.io/football/players/8483.png,17.0,7,F,6.9,False,True,0,0.0,,9.0,9,0,0,0,0,,1.0,,,,1.0,1.0,1.0,,,,1.0,,1.0,,,,
1388310,Hamburger SV,175,302632,William Mikelbrencis,https://media.api-sports.io/football/players/302632.png,11.0,2,D,6.7,False,True,0,0.0,,2.0,,0,0,0,0,,,,,,3.0,1.0,,,,,,,,,1.0,,
1388310,Hamburger SV,175,24965,Jonas Meffert,https://media.api-sports.io/football/players/24965.png,11.0,23,M,6.7,False,True,0,0.0,,7.0,4,0,0,0,0,,,,,,1.0,1.0,,,,,,,,,,,
1388310,Hamburger SV,175,126530,Daniel Peretz,https://media.api-sports.io/football/players/126530.png,,26,G,,False,True,0,,,,,0,0,0,0,,,,,,,,,,,,,,,,,,
1388310,Hamburger SV,175,41799,Guilherme Ramos,https://media.api-sports.io/football/players/41799.png,,13,D,,False,True,0,,,,,0,0,0,0,,,,,,,,,,,,,,,,,,
1388310,Hamburger SV,175,384861,Aboubaka Soumahoro,https://media.api-sports.io/football/players/384861.png,,22,D,,False,True,0,,,,,0,0,0,0,,,,,,,,,,,,,,,,,,
1388310,Hamburger SV,175,444962,Otto Stange,https://media.api-sports.io/football/players/444962.png,,49,F,,False,True,0,,,,,0,0,0,0,,,,,,,,,,,,,,,,,,
