fixture_id,date,timestamp,status,maintime,first_half,second_half,extratime,country,league_id,league_name,league_flag,league_logo,season,round,venue_name,venue_city,venue_id,referee,home_team,home_team_id,home_team_flag,home_winner,away_team,away_team_id,away_team_flag,away_winner,home_goals,away_goals,halftime_home,halftime_away,fulltime_home,fulltime_away,home_team_name,home_team_logo,home_Shots on Goal,home_Shots off Goal,home_Total Shots,home_Blocked Shots,home_Shots insidebox,home_Shots outsidebox,home_Fouls,home_Corner Kicks,home_Offsides,home_Ball Possession,home_Yellow Cards,home_Red Cards,home_Goalkeeper Saves,home_Total passes,home_Passes accurate,home_Passes %,away_team_name,away_team_logo,away_Shots on Goal,away_Shots off Goal,away_Total Shots,away_Blocked Shots,away_Shots insidebox,away_Shots outsidebox,away_Fouls,away_Corner Kicks,away_Offsides,away_Ball Possession,away_Yellow Cards,away_Red Cards,away_Goalkeeper Saves,away_Total passes,away_Passes accurate,away_Passes %,odds_home_win,odds_draw,odds_away_win
1307026,2024-10-09 15:30:00+00:00,1728487800,AET,120,1728487800,1728491400,,Spain,143,Copa del Rey,https://media.api-sports.io/flags/es.svg,https://media.api-sports.io/football/leagues/143.png,2024,Preliminary Round,Campo de Fútbol O Monte,A Coruña,,,San Tirso,25038,https://media.api-sports.io/football/teams/25038.png,,Selaya,9645,https://media.api-sports.io/football/teams/9645.png,,1,1,0.0,0.0,1,1,,,,,,,,,,,,,,,,,,,,,,,,,,,,,,,,,,,,,,,
1307033,2024-10-09 16:30:00+00:00,1728491400,FT,90,1728491400,1728495000,,Spain,143,Copa del Rey,https://media.api-sports.io/flags/es.svg,https://media.api-sports.io/football/leagues/143.png,2024,Preliminary Round,Estadio Martín Juanes,Sonseca,,,Sonseca,25039,https://media.api-sports.io/football/teams/25039.png,False,Parla Escuela,25035,https://media.api-sports.io/football/teams/25035.png,True,0,1,0.0,0.0,0,1,,,,,,,,,,,,,,,,,,,,,,,,,,,,,,,,,,,,,,,
1307027,2024-10-09 17:00:00+00:00,1728493200,AET,120,1728493200,1728496800,,Spain,143,Copa del Rey,https://media.api-sports.io/flags/es.svg,https://media.api-sports.io/football/leagues/143.png,2024,Preliminary Round,Paraje Gilxaurdi,Elizondo,6923.0,,Baztán,9843,https://media.api-sports.io/football/teams/9843.png,,Ontiñena,25034,https://media.api-sports.io/football/teams/25034.png,,1,1,0.0,0.0,1,1,,,,,,,,,,,,,,,,,,,,,,,,,,,,,,,,,,,,,,,
1307029,2024-10-09 17:00:00+00:00,1728493200,FT,90,1728493200,1728496800,12.0,Spain,143,Copa del Rey,https://media.api-sports.io/flags/es.svg,https://media.api-sports.io/football/leagues/143.png,2024,Preliminary Round,Estadio Municipal,San Pedro de Alcántara,12327.0,,UD San Pedro,17562,https://media.api-sports.io/football/teams/17562.png,True,Ceuta 6 de Junio,18090,https://media.api-sports.io/football/teams/18090.png,False,4,2,2.0,1.0,4,2,,,,,,,,,,,,,,,,,,,,,,,,,,,,,,,,,,,,,,,
1307024,2024-10-09 17:00:00+00:00,1728493200,FT,90,1728493200,1728496800,9.0,Spain,143,Copa del Rey,https://media.api-sports.io/flags/es.svg,https://media.api-sports.io/football/leagues/143.png,2024,Preliminary Round,Estadio Hermanos Llana,Oviedo,21296.0,,Astur,25030,https://media.api-sports.io/football/teams/25030.png,True,Promesas EDF,25037,https://media.api-sports.io/football/teams/25037.png,False,2,0,0.0,0.0,2,0,,,,,,,,,,,,,,,,,,,,,,,,,,,,,,,,,,,,,,,
1307025,2024-10-09 17:30:00+00:00,1728495000,FT,90,1728495000,1728498600,,Spain,143,Copa del Rey,https://media.api-sports.io/flags/es.svg,https://media.api-sports.io/football/leagues/143.png,2024,Preliminary Round,Municipal Rafael Vázquez Sedano,Palencia,21297.0,,Villamuriel,25042,https://media.api-sports.io/football/teams/25042.png,True,Aurrerá Vitoria,20259,https://media.api-sports.io/football/teams/20259.png,False,1,0,,,1,0,,,,,,,,,,,,,,,,,,,,,,,,,,,,,,,,,,,,,,,
1307030,2024-10-09 18:00:00+00:00,1728496800,FT,90,1728496800,1728500400,7.0,Spain,143,Copa del Rey,https://media.api-sports.io/flags/es.svg,https://media.api-sports.io/football/leagues/143.png,2024,Preliminary Round,Estadio San Juan Bosco,Utrera,6852.0,,Dolorense,25031,https://media.api-sports.io/football/teams/25031.png,False,Manises,25033,https://media.api-sports.io/football/teams/25033.png,True,1,3,0.0,1.0,1,3,,,,,,,,,,,,,,,,,,,,,,,,,,,,,,,,,,,,,,,
1307032,2024-10-09 18:30:00+00:00,1728498600,AET,120,1728498600,1728502200,,Spain,143,Copa del Rey,https://media.api-sports.io/flags/es.svg,https://media.api-sports.io/football/leagues/143.png,2024,Preliminary Round,Campo De Fútbol Gévora,Gévora,,,Gévora,25032,https://media.api-sports.io/football/teams/25032.png,,Playas Sotavento,25036,https://media.api-sports.io/football/teams/25036.png,,1,1,0.0,0.0,1,1,,,,,,,,,,,,,,,,,,,,,,,,,,,,,,,,,,,,,,,
1307028,2024-10-09 18:30:00+00:00,1728498600,FT,90,1728498600,1728502200,4.0,Spain,143,Copa del Rey,https://media.api-sports.io/flags/es.svg,https://media.api-sports.io/football/leagues/143.png,2024,Preliminary Round,Estadi Municipal de Futbol de Vic,Vic,20756.0,,Vic,25041,https://media.api-sports.io/football/teams/25041.png,True,Sporting Mahón,25040,https://media.api-sports.io/football/teams/25040.png,False,4,0,2.0,0.0,4,0,,,,,,,,,,,,,,,,,,,,,,,,,,,,,,,,,,,,,,,
1307031,2024-10-09 19:00:00+00:00,1728500400,FT,90,1728500400,1728504000,2.0,Spain,143,Copa del Rey,https://media.api-sports.io/flags/es.svg,https://media.api-sports.io/football/leagues/143.png,2024,Preliminary Round,Estadio Municipal del Chiclana,Chiclana de la Frontera,,,Chiclana,21905,https://media.api-sports.io/football/teams/21905.png,True,Melilla CD,7524,https://media.api-sports.io/football/teams/7524.png,False,4,0,2.0,0.0,4,0,,,,,,,,,,,,,,,,,,,,,,,,,,,,,,,,,,,,,,,
1311444,2024-10-29 18:00:00+00:00,1730224800,FT,90,1730224800,1730228400,5.0,Spain,143,Copa del Rey,https://media.api-sports.io/flags/es.svg,https://media.api-sports.io/football/leagues/143.png,2024,1st Round,Estadio Multiusos de San Lázaro,Santiago de Compostela,3970.0,Mateo Busquets,Compostela,5256,https://media.api-sports.io/football/teams/5256.png,False,Alaves,542,https://media.api-sports.io/football/teams/542.png,True,0,1,0.0,1.0,0,1,Compostela,https://media.api-sports.io/football/teams/5256.png,0.0,5.0,7.0,2.0,3.0,4.0,16.0,3.0,5.0,50%,1.0,,1.0,372.0,275.0,74%,Alaves,https://media.api-sports.io/football/teams/542.png,1.0,6.0,8.0,1.0,5.0,3.0,18.0,6.0,4.0,50%,3.0,,0.0,369.0,280.0,76%,,,
1311439,2024-10-29 18:00:00+00:00,1730224800,FT,90,1730224800,1730228400,1.0,Spain,143,Copa del Rey,https://media.api-sports.io/flags/es.svg,https://media.api-sports.io/football/leagues/143.png,2024,1st Round,Estadio La Nueva Balastera,Palencia,6817.0,Ricardo De Burgos,Villamuriel,25042,https://media.api-sports.io/football/teams/25042.png,False,Rayo Vallecano,728,https://media.api-sports.io/football/teams/728.png,True,0,5,0.0,2.0,0,5,,,,,,,,,,,,,,,,,,,,,,,,,,,,,,,,,,,,,,,
1311484,2024-10-29 19:00:00+00:00,1730228400,FT,90,1730228400,1730232000,6.0,Spain,143,Copa del Rey,https://media.api-sports.io/flags/es.svg,https://media.api-sports.io/football/leagues/143.png,2024,1st Round,Estadio Municipal Luis Ramos,Guijuelo,12287.0,Rubén Ruipérez,Guijuelo,9388,https://media.api-sports.io/football/teams/9388.png,False,Ourense CF,9612,https://media.api-sports.io/football/teams/9612.png,True,1,2,0.0,0.0,1,2,,,,,,,,,,,,,,,,,,,,,,,,,,,,,,,,,,,,,,,
1311443,2024-10-29 20:00:00+00:00,1730232000,FT,90,1730232000,1730235600,3.0,Spain,143,Copa del Rey,https://media.api-sports.io/flags/es.svg,https://media.api-sports.io/football/leagues/143.png,2024,1st Round,Estadio Municipal de Sa Pobla,Mallorca,,Miguel Ortiz,Poblense,5273,https://media.api-sports.io/football/teams/5273.png,False,Villarreal,533,https://media.api-sports.io/football/teams/533.png,True,1,6,0.0,5.0,1,6,,,,,,,,,,,,,,,,,,,,,,,,,,,,,,,,,,,,,,,
1311451,2024-10-29 20:00:00+00:00,1730232000,FT,90,1730232000,1730235600,2.0,Spain,143,Copa del Rey,https://media.api-sports.io/flags/es.svg,https://media.api-sports.io/football/leagues/143.png,2024,1st Round,Nuevo Estadio La Victoria,Jaén,3988.0,Saúl Ais,Real Jaén,5274,https://media.api-sports.io/football/teams/5274.png,False,Cadiz,724,https://media.api-sports.io/football/teams/724.png,True,0,3,0.0,1.0,0,3,Real Jaén,https://media.api-sports.io/football/teams/5274.png,4.0,3.0,7.0,0.0,3.0,4.0,6.0,3.0,0.0,46%,1.0,1.0,4.0,315.0,249.0,79%,Cadiz,https://media.api-sports.io/football/teams/724.png,6.0,8.0,19.0,5.0,10.0,9.0,13.0,9.0,5.0,54%,2.0,0.0,4.0,356.0,300.0,84%,,,
1311453,2024-10-29 20:00:00+00:00,1730232000,FT,90,1730232000,1730235600,1.0,Spain,143,Copa del Rey,https://media.api-sports.io/flags/es.svg,https://media.api-sports.io/football/leagues/143.png,2024,1st Round,Estadio Municipal de Hospitalet de Llobregat,L'Hospitalet de Llobregat,6494.0,Andrés Fuentes,L'Hospitalet,9392,https://media.api-sports.io/football/teams/9392.png,False,Zaragoza,732,https://media.api-sports.io/football/teams/732.png,True,1,5,1.0,2.0,1,5,L'Hospitalet,https://media.api-sports.io/football/teams/9392.png,2.0,2.0,7.0,3.0,6.0,1.0,17.0,5.0,2.0,34%,2.0,,2.0,243.0,179.0,74%,Zaragoza,https://media.api-sports.io/football/teams/732.png,7.0,6.0,19.0,6.0,13.0,6.0,9.0,3.0,0.0,66%,2.0,,1.0,474.0,414.0,87%,,,
1311454,2024-10-29 20:00:00+00:00,1730232000,FT,90,1730232000,1730235600,6.0,Spain,143,Copa del Rey,https://media.api-sports.io/flags/es.svg,https://media.api-sports.io/football/leagues/143.png,2024,1st Round,Ciudad Deportiva de Lanzarote,Lanzarote,6879.0,Rubén Ávalos,Lanzarote,9797,https://media.api-sports.io/football/teams/9797.png,False,Racing Santander,4665,https://media.api-sports.io/football/teams/4665.png,True,3,4,1.0,2.0,3,4,,,,,,,,,,,,,,,,,,,,,,,,,,,,,,,,,,,,,,,
1311442,2024-10-29 20:00:00+00:00,1730232000,FT,90,1730232000,1730235600,4.0,Spain,143,Copa del Rey,https://media.api-sports.io/flags/es.svg,https://media.api-sports.io/football/leagues/143.png,2024,1st Round,Estadio Hermanos Llana,Oviedo,21296.0,Alejandro Muñiz,Astur,25030,https://media.api-sports.io/football/teams/25030.png,False,Valladolid,720,https://media.api-sports.io/football/teams/720.png,True,1,4,0.0,2.0,1,4,,,,,,,,,,,,,,,,,,,,,,,,,,,,,,,,,,,,,,,
1311462,2024-10-30 17:30:00+00:00,1730309400,FT,90,1730309400,1730313000,7.0,Spain,143,Copa del Rey,https://media.api-sports.io/flags/es.svg,https://media.api-sports.io/football/leagues/143.png,2024,1st Round,Camp Municipal de Futbol Nou Sardenya,Barcelona,1466.0,Salvador Lax,Europa Fc,593,https://media.api-sports.io/football/teams/593.png,True,Albacete,722,https://media.api-sports.io/football/teams/722.png,False,2,1,1.0,0.0,2,1,Europa Fc,https://media.api-sports.io/football/teams/593.png,10.0,10.0,23.0,3.0,10.0,13.0,10.0,5.0,3.0,60%,0.0,0.0,2.0,329.0,263.0,80%,Albacete,https://media.api-sports.io/football/teams/722.png,4.0,0.0,6.0,2.0,5.0,1.0,6.0,1.0,1.0,40%,1.0,1.0,8.0,216.0,150.0,69%,,,
1311445,2024-10-30 18:00:00+00:00,1730311200,FT,90,1730311200,1730314800,4.0,Spain,143,Copa del Rey,https://media.api-sports.io/flags/es.svg,https://media.api-sports.io/football/leagues/143.png,2024,1st Round,Estadio Navalcarbón,Las Rozas de Madrid,6497.0,Pablo González,Las Rozas,9395,https://media.api-sports.io/football/teams/9395.png,False,Sevilla,536,https://media.api-sports.io/football/teams/536.png,True,0,3,0.0,1.0,0,3,Las Rozas,https://media.api-sports.io/football/teams/9395.png,2.0,3.0,6.0,1.0,3.0,3.0,19.0,3.0,3.0,29%,1.0,,2.0,248.0,164.0,66%,Sevilla,https://media.api-sports.io/football/teams/536.png,4.0,2.0,11.0,5.0,5.0,6.0,13.0,7.0,2.0,71%,1.0,,2.0,621.0,543.0,87%,,,
1311467,2024-10-30 18:00:00+00:00,1730311200,PEN,120,1730311200,1730314800,,Spain,143,Copa del Rey,https://media.api-sports.io/flags/es.svg,https://media.api-sports.io/football/leagues/143.png,2024,1st Round,Camp Municipal d'Olot,Olot,6504.0,Álvaro Moreno,Olot,9403,https://media.api-sports.io/football/teams/9403.png,True,Cordoba,713,https://media.api-sports.io/football/teams/713.png,False,1,1,0.0,1.0,1,1,Olot,https://media.api-sports.io/football/teams/9403.png,5.0,1.0,9.0,3.0,6.0,3.0,13.0,5.0,5.0,45%,3.0,,7.0,247.0,163.0,66%,Cordoba,https://media.api-sports.io/football/teams/713.png,7.0,4.0,13.0,2.0,7.0,6.0,8.0,3.0,3.0,55%,1.0,,4.0,318.0,246.0,77%,,,
1311448,2024-10-30 18:00:00+00:00,1730311200,FT,90,1730311200,1730314800,5.0,Spain,143,Copa del Rey,https://media.api-sports.io/flags/es.svg,https://media.api-sports.io/football/leagues/143.png,2024,1st Round,Estadio Ciudad de Lucena,Lucena,6842.0,Javier Alberola,Ciudad de Lucena,9756,https://media.api-sports.io/football/teams/9756.png,False,Leganes,537,https://media.api-sports.io/football/teams/537.png,True,1,2,1.0,1.0,1,2,Ciudad de Lucena,https://media.api-sports.io/football/teams/9756.png,2.0,6.0,11.0,3.0,4.0,7.0,14.0,7.0,1.0,42%,3.0,,5.0,367.0,295.0,80%,Leganes,https://media.api-sports.io/football/teams/537.png,7.0,5.0,16.0,4.0,10.0,6.0,10.0,6.0,5.0,58%,1.0,,1.0,526.0,458.0,87%,,,
1311479,2024-10-30 18:00:00+00:00,1730311200,FT,90,1730311200,1730314800,6.0,Spain,143,Copa del Rey,https://media.api-sports.io/flags/es.svg,https://media.api-sports.io/football/leagues/143.png,2024,1st Round,Estadio Can Misses – Power Electronic,Ibiza,12463.0,Jerónimo Montes,Ibiza Islas Pitiusas,9781,https://media.api-sports.io/football/teams/9781.png,False,Gimnastic,714,https://media.api-sports.io/football/teams/714.png,True,1,2,0.0,2.0,1,2,,,,,,,,,,,,,,,,,,,,,,,,,,,,,,,,,,,,,,,
1311487,2024-10-30 18:30:00+00:00,1730313000,AET,120,1730313000,1730316600,,Spain,143,Copa del Rey,https://media.api-sports.io/flags/es.svg,https://media.api-sports.io/football/leagues/143.png,2024,1st Round,Estadio Nuevo Ganzábal,"La Felguera, Langreo",3979.0,Alberto Aranda,Langreo,5265,https://media.api-sports.io/football/teams/5265.png,False,Orihuela,9404,https://media.api-sports.io/football/teams/9404.png,True,1,2,0.0,0.0,1,1,,,,,,,,,,,,,,,,,,,,,,,,,,,,,,,,,,,,,,,
1311474,2024-10-30 18:30:00+00:00,1730313000,FT,90,1730313000,1730316600,6.0,Spain,143,Copa del Rey,https://media.api-sports.io/flags/es.svg,https://media.api-sports.io/football/leagues/143.png,2024,1st Round,Estadio As Eiroas,Carballo,6485.0,Francisco García,Bergantiños,9383,https://media.api-sports.io/football/teams/9383.png,False,Marbella,5267,https://media.api-sports.io/football/teams/5267.png,True,1,2,0.0,2.0,1,2,,,,,,,,,,,,,,,,,,,,,,,,,,,,,,,,,,,,,,,
1311450,2024-10-30 18:30:00+00:00,1730313000,FT,90,1730313000,1730316600,4.0,Spain,143,Copa del Rey,https://media.api-sports.io/flags/es.svg,https://media.api-sports.io/football/leagues/143.png,2024,1st Round,Estado Municipal de Loinaz,Beasain,6748.0,Miguel Sesma,Beasain,9657,https://media.api-sports.io/football/teams/9657.png,False,FC Cartagena,5262,https://media.api-sports.io/football/teams/5262.png,True,0,1,0.0,0.0,0,1,,,,,,,,,,,,,,,,,,,,,,,,,,,,,,,,,,,,,,,
1311455,2024-10-30 18:30:00+00:00,1730313000,FT,90,1730313000,1730316600,5.0,Spain,143,Copa del Rey,https://media.api-sports.io/flags/es.svg,https://media.api-sports.io/football/leagues/143.png,2024,1st Round,Estadio Municipal de El Soto,Móstoles,6801.0,Sergiu Muresan,Móstoles,9712,https://media.api-sports.io/football/teams/9712.png,False,Burgos,9580,https://media.api-sports.io/football/teams/9580.png,True,2,5,1.0,2.0,2,5,,,,,,,,,,,,,,,,,,,,,,,,,,,,,,,,,,,,,,,
1311468,2024-10-30 19:00:00+00:00,1730314800,FT,90,1730314800,1730318400,6.0,Spain,143,Copa del Rey,https://media.api-sports.io/flags/es.svg,https://media.api-sports.io/football/leagues/143.png,2024,1st Round,Nuevo Estadio Los Pajaritos,Soria,1485.0,Dámaso Arcediano,Numancia,717,https://media.api-sports.io/football/teams/717.png,False,Sporting Gijon,731,https://media.api-sports.io/football/teams/731.png,True,0,1,0.0,0.0,0,1,Numancia,https://media.api-sports.io/football/teams/717.png,0.0,0.0,0.0,0.0,0.0,0.0,1.0,,,,,,,,,,Sporting Gijon,https://media.api-sports.io/football/teams/731.png,0.0,0.0,0.0,0.0,0.0,0.0,0.0,,,,,,,,,,,,
1311457,2024-10-30 19:00:00+00:00,1730314800,FT,90,1730314800,1730318400,4.0,Spain,143,Copa del Rey,https://media.api-sports.io/flags/es.svg,https://media.api-sports.io/football/leagues/143.png,2024,1st Round,Estadi Municipal de Badalona,Badalona,3964.0,José Sánchez,Badalona,5250,https://media.api-sports.io/football/teams/5250.png,False,Huesca,726,https://media.api-sports.io/football/teams/726.png,True,0,2,0.0,1.0,0,2,,,,,,,,,,,,,,,,,,,,,,,,,,,,,,,,,,,,,,,
1311480,2024-10-30 19:00:00+00:00,1730314800,FT,90,1730314800,1730318400,8.0,Spain,143,Copa del Rey,https://media.api-sports.io/flags/es.svg,https://media.api-sports.io/football/leagues/143.png,2024,1st Round,Camp d'Esports de Lleida,Lleida,3980.0,Armando Ramo,Lleida Esportiu,5266,https://media.api-sports.io/football/teams/5266.png,False,Barakaldo,5251,https://media.api-sports.io/football/teams/5251.png,True,1,3,0.0,1.0,1,3,,,,,,,,,,,,,,,,,,,,,,,,,,,,,,,,,,,,,,,
1311456,2024-10-30 19:00:00+00:00,1730314800,FT,90,1730314800,1730318400,7.0,Spain,143,Copa del Rey,https://media.api-sports.io/flags/es.svg,https://media.api-sports.io/football/leagues/143.png,2024,1st Round,Camp Municipal Narcís Sala,Barcelona,3991.0,Rafael Sánchez,Sant Andreu,5277,https://media.api-sports.io/football/teams/5277.png,True,Mirandes,799,https://media.api-sports.io/football/teams/799.png,False,2,1,1.0,1.0,2,1,Sant Andreu,https://media.api-sports.io/football/teams/5277.png,1.0,0.0,1.0,0.0,1.0,0.0,1.0,,,100%,,,,1.0,1.0,100%,Mirandes,https://media.api-sports.io/football/teams/799.png,1.0,0.0,1.0,0.0,1.0,0.0,0.0,,,0%,,,,0.0,0.0,,,,
1311461,2024-10-30 19:00:00+00:00,1730314800,AET,120,1730314800,1730318400,,Spain,143,Copa del Rey,https://media.api-sports.io/flags/es.svg,https://media.api-sports.io/football/leagues/143.png,2024,1st Round,Estadio Nuevo Municipal Las Gaunas,Logroño,3994.0,Oliver De La Fuente,UD Logroñés,5280,https://media.api-sports.io/football/teams/5280.png,True,Eibar,545,https://media.api-sports.io/football/teams/545.png,False,1,0,0.0,0.0,0,0,,,,,,,,,,,,,,,,,,,,,,,,,,,,,,,,,,,,,,,
1311478,2024-10-30 19:00:00+00:00,1730314800,PEN,120,1730314800,1730318400,,Spain,143,Copa del Rey,https://media.api-sports.io/flags/es.svg,https://media.api-sports.io/football/leagues/143.png,2024,1st Round,Estadio Eusebio Arce,Escobedo de Camargo,6488.0,Millan Bárcenas,Escobedo,9386,https://media.api-sports.io/football/teams/9386.png,False,Ponferradina,4907,https://media.api-sports.io/football/teams/4907.png,True,0,0,0.0,0.0,0,0,,,,,,,,,,,,,,,,,,,,,,,,,,,,,,,,,,,,,,,
1311475,2024-10-30 19:00:00+00:00,1730314800,FT,90,1730314800,1730318400,1.0,Spain,143,Copa del Rey,https://media.api-sports.io/flags/es.svg,https://media.api-sports.io/football/leagues/143.png,2024,1st Round,Campo San Lorenzo,Laredo,6496.0,Aimar Velasco,Laredo,9394,https://media.api-sports.io/football/teams/9394.png,False,Yeclano,5283,https://media.api-sports.io/football/teams/5283.png,True,0,6,0.0,3.0,0,6,,,,,,,,,,,,,,,,,,,,,,,,,,,,,,,,,,,,,,,
1311485,2024-10-30 19:00:00+00:00,1730314800,FT,90,1730314800,1730318400,5.0,Spain,143,Copa del Rey,https://media.api-sports.io/flags/es.svg,https://media.api-sports.io/football/leagues/143.png,2024,1st Round,Estadio El Helmántico,Villares de la Reina,,Javier Figueiredo,Salamanca UDS,9588,https://media.api-sports.io/football/teams/9588.png,True,Alcorcon,711,https://media.api-sports.io/football/teams/711.png,False,1,0,0.0,0.0,1,0,,,,,,,,,,,,,,,,,,,,,,,,,,,,,,,,,,,,,,,
1311452,2024-10-30 19:00:00+00:00,1730314800,FT,90,1730314800,1730318400,4.0,Spain,143,Copa del Rey,https://media.api-sports.io/flags/es.svg,https://media.api-sports.io/football/leagues/143.png,2024,1st Round,Estadio Municipal Ciudad de Tudela,Tudela,3993.0,Eder Mallo,Cortes,9849,https://media.api-sports.io/football/teams/9849.png,False,Granada CF,715,https://media.api-sports.io/football/teams/715.png,True,0,2,0.0,1.0,0,2,,,,,,,,,,,,,,,,,,,,,,,,,,,,,,,,,,,,,,,
1311473,2024-10-30 19:00:00+00:00,1730314800,FT,90,1730314800,1730318400,4.0,Spain,143,Copa del Rey,https://media.api-sports.io/flags/es.svg,https://media.api-sports.io/football/leagues/143.png,2024,1st Round,Estadio Santa Ana,Utebo,6969.0,Gerard Brull,Utebo,9891,https://media.api-sports.io/football/teams/9891.png,False,Unionistas de Salamanca,5281,https://media.api-sports.io/football/teams/5281.png,True,0,4,0.0,4.0,0,4,,,,,,,,,,,,,,,,,,,,,,,,,,,,,,,,,,,,,,,
1311476,2024-10-30 19:00:00+00:00,1730314800,FT,90,1730314800,1730318400,7.0,Spain,143,Copa del Rey,https://media.api-sports.io/flags/es.svg,https://media.api-sports.io/football/leagues/143.png,2024,1st Round,Campo Municipal El Pozuelo,Torremolinos,11025.0,Alejandro Ojaos,Juventud Torremolinos,15359,https://media.api-sports.io/football/teams/15359.png,False,Zamora,9418,https://media.api-sports.io/football/teams/9418.png,True,1,2,1.0,1.0,1,2,,,,,,,,,,,,,,,,,,,,,,,,,,,,,,,,,,,,,,,
1311481,2024-10-30 19:30:00+00:00,1730316600,FT,90,1730316600,1730320200,5.0,Spain,143,Copa del Rey,https://media.api-sports.io/flags/es.svg,https://media.api-sports.io/football/leagues/143.png,2024,1st Round,Estadio Municipal La Fuensanta,Cuenca,3971.0,Fernando Bueno,Conquense,5257,https://media.api-sports.io/football/teams/5257.png,True,Ibiza,9390,https://media.api-sports.io/football/teams/9390.png,False,1,0,0.0,0.0,1,0,,,,,,,,,,,,,,,,,,,,,,,,,,,,,,,,,,,,,,,
1311472,2024-10-30 19:30:00+00:00,1730316600,AET,120,1730316600,1730320200,,Spain,143,Copa del Rey,https://media.api-sports.io/flags/es.svg,https://media.api-sports.io/football/leagues/143.png,2024,1st Round,Estadio Príncipe Felipe,Cáceres,6486.0,Francisco Expósito,Cacereño,9384,https://media.api-sports.io/football/teams/9384.png,True,Gimnástica Segoviana,9387,https://media.api-sports.io/football/teams/9387.png,False,2,1,1.0,0.0,1,1,Cacereño,https://media.api-sports.io/football/teams/9384.png,2.0,3.0,5.0,0.0,3.0,2.0,9.0,3.0,0.0,46%,4.0,,3.0,211.0,83.0,39%,Gimnástica Segoviana,https://media.api-sports.io/football/teams/9387.png,4.0,7.0,13.0,2.0,5.0,8.0,9.0,2.0,2.0,54%,2.0,,0.0,247.0,108.0,44%,,,
1311469,2024-10-30 19:30:00+00:00,1730316600,FT,90,1730316600,1730320200,4.0,Spain,143,Copa del Rey,https://media.api-sports.io/flags/es.svg,https://media.api-sports.io/football/leagues/143.png,2024,1st Round,Estadio La Isla,Coria,6907.0,José Guzmán,CD Coria,9827,https://media.api-sports.io/football/teams/9827.png,False,Elche,797,https://media.api-sports.io/football/teams/797.png,True,0,3,0.0,2.0,0,3,,,,,,,,,,,,,,,,,,,,,,,,,,,,,,,,,,,,,,,
1311458,2024-10-30 20:00:00+00:00,1730318400,FT,90,1730318400,1730322000,4.0,Spain,143,Copa del Rey,https://media.api-sports.io/flags/es.svg,https://media.api-sports.io/football/leagues/143.png,2024,1st Round,Estadio Municipal Nuevo Matapiñonera,San Sebastián de los Reyes,6512.0,Iosu Galech,SS Reyes,9412,https://media.api-sports.io/football/teams/9412.png,False,Almeria,723,https://media.api-sports.io/football/teams/723.png,True,1,2,1.0,2.0,1,2,,,,,,,,,,,,,,,,,,,,,,,,,,,,,,,,,,,,,,,
1311465,2024-10-30 20:00:00+00:00,1730318400,FT,90,1730318400,1730322000,5.0,Spain,143,Copa del Rey,https://media.api-sports.io/flags/es.svg,https://media.api-sports.io/football/leagues/143.png,2024,1st Round,Estadio El Rubial,Águilas,6903.0,Manuel Pérez,Águilas,9823,https://media.api-sports.io/football/teams/9823.png,False,Castellón,5254,https://media.api-sports.io/football/teams/5254.png,True,0,1,0.0,0.0,0,1,,,,,,,,,,,,,,,,,,,,,,,,,,,,,,,,,,,,,,,
1311434,2024-10-30 20:00:00+00:00,1730318400,FT,90,1730318400,1730322000,1.0,Spain,143,Copa del Rey,https://media.api-sports.io/flags/es.svg,https://media.api-sports.io/football/leagues/143.png,2024,1st Round,Estadio Municipal,San Pedro de Alcántara,12327.0,Juan Pulido,UD San Pedro,17562,https://media.api-sports.io/football/teams/17562.png,False,Celta Vigo,538,https://media.api-sports.io/football/teams/538.png,True,1,5,1.0,3.0,1,5,,,,,,,,,,,,,,,,,,,,,,,,,,,,,,,,,,,,,,,
1311446,2024-10-30 20:00:00+00:00,1730318400,FT,90,1730318400,1730322000,2.0,Spain,143,Copa del Rey,https://media.api-sports.io/flags/es.svg,https://media.api-sports.io/football/leagues/143.png,2024,1st Round,Estadio Francisco de la Hera,Almendralejo,1475.0,José Munuera,Extremadura 1924,24612,https://media.api-sports.io/football/teams/24612.png,False,Girona,547,https://media.api-sports.io/football/teams/547.png,True,0,4,0.0,1.0,0,4,,,,,,,,,,,,,,,,,,,,,,,,,,,,,,,,,,,,,,,
1311460,2024-10-30 20:30:00+00:00,1730320200,FT,90,1730320200,1730323800,8.0,Spain,143,Copa del Rey,https://media.api-sports.io/flags/es.svg,https://media.api-sports.io/football/leagues/143.png,2024,1st Round,Campo Municipal de El Paso,El Paso,6873.0,Daniel Palencia,Atlético Paso,9791,https://media.api-sports.io/football/teams/9791.png,False,Eldense,9692,https://media.api-sports.io/football/teams/9692.png,True,0,1,0.0,1.0,0,1,,,,,,,,,,,,,,,,,,,,,,,,,,,,,,,,,,,,,,,
1311470,2024-10-31 18:00:00+00:00,1730397600,FT,90,1730397600,1730401200,3.0,Spain,143,Copa del Rey,https://media.api-sports.io/flags/es.svg,https://media.api-sports.io/football/leagues/143.png,2024,1st Round,Estadio Municipal de Deportes,Barbastro,6957.0,Gonzalo Romero,Barbastro,9879,https://media.api-sports.io/football/teams/9879.png,True,Amorebieta,9380,https://media.api-sports.io/football/teams/9380.png,False,4,0,0.0,0.0,4,0,,,,,,,,,,,,,,,,,,,,,,,,,,,,,,,,,,,,,,,
1311441,2024-10-31 18:00:00+00:00,1730397600,FT,90,1730397600,1730401200,12.0,Spain,143,Copa del Rey,https://media.api-sports.io/flags/es.svg,https://media.api-sports.io/football/leagues/143.png,2024,1st Round,Estadio Abanca-Riazor,La Coruña,1471.0,Adrián Cordero,San Tirso,25038,https://media.api-sports.io/football/teams/25038.png,False,Espanyol,540,https://media.api-sports.io/football/teams/540.png,True,0,4,0.0,0.0,0,4,,,,,,,,,,,,,,,,,,,,,,,,,,,,,,,,,,,,,,,
1311440,2024-10-31 18:00:00+00:00,1730397600,FT,90,1730397600,1730401200,7.0,Spain,143,Copa del Rey,https://media.api-sports.io/flags/es.svg,https://media.api-sports.io/football/leagues/143.png,2024,1st Round,Estadi Municipal de Futbol de Vic,Vic,20756.0,Guillermo Cuadra,Vic,25041,https://media.api-sports.io/football/teams/25041.png,False,Atletico Madrid,530,https://media.api-sports.io/football/teams/530.png,True,0,2,0.0,0.0,0,2,,,,,,,,,,,,,,,,,,,,,,,,,,,,,,,,,,,,,,,
1311486,2024-10-31 19:00:00+00:00,1730401200,FT,90,1730401200,1730404800,4.0,Spain,143,Copa del Rey,https://media.api-sports.io/flags/es.svg,https://media.api-sports.io/football/leagues/143.png,2024,1st Round,Estadio Municipal Ciudad de Tudela,Tudela,3993.0,Adrián Calvo,Tudelano,5279,https://media.api-sports.io/football/teams/5279.png,False,Deportiva Minera,9811,https://media.api-sports.io/football/teams/9811.png,True,0,5,0.0,2.0,0,5,,,,,,,,,,,,,,,,,,,,,,,,,,,,,,,,,,,,,,,
1311466,2024-10-31 19:00:00+00:00,1730401200,PEN,120,1730401200,1730404800,,Spain,143,Copa del Rey,https://media.api-sports.io/flags/es.svg,https://media.api-sports.io/football/leagues/143.png,2024,1st Round,Estadio Municipal Adolfo Suárez,Ávila,6824.0,Manuel Orellana,Real Ávila,9736,https://media.api-sports.io/football/teams/9736.png,True,Oviedo,718,https://media.api-sports.io/football/teams/718.png,False,0,0,0.0,0.0,0,0,,,,,,,,,,,,,,,,,,,,,,,,,,,,,,,,,,,,,,,
1311477,2024-10-31 19:30:00+00:00,1730403000,FT,90,1730403000,1730406600,7.0,Spain,143,Copa del Rey,https://media.api-sports.io/flags/es.svg,https://media.api-sports.io/football/leagues/143.png,2024,1st Round,Estadio Vicente Sanz,Don Benito,3973.0,Gonzalo González,Don Benito,5259,https://media.api-sports.io/football/teams/5259.png,False,FC Andorra,8157,https://media.api-sports.io/football/teams/8157.png,True,1,2,1.0,1.0,1,2,,,,,,,,,,,,,,,,,,,,,,,,,,,,,,,,,,,,,,,
1311482,2024-10-31 20:00:00+00:00,1730404800,FT,90,1730404800,1730408400,,Spain,143,Copa del Rey,https://media.api-sports.io/flags/es.svg,https://media.api-sports.io/football/leagues/143.png,2024,1st Round,Campo Municipal de Fútbol Pepe Quimarán,Llanera,6719.0,Álvaro Juncal,Llanera,9627,https://media.api-sports.io/football/teams/9627.png,False,Cultural Leonesa,725,https://media.api-sports.io/football/teams/725.png,True,0,2,0.0,0.0,0,2,,,,,,,,,,,,,,,,,,,,,,,,,,,,,,,,,,,,,,,
1311464,2024-10-31 20:00:00+00:00,1730404800,FT,90,1730404800,1730408400,,Spain,143,Copa del Rey,https://media.api-sports.io/flags/es.svg,https://media.api-sports.io/football/leagues/143.png,2024,1st Round,Estadio La Molineta,Alfaro,6940.0,Carlos Muñiz,Alfaro,9860,https://media.api-sports.io/football/teams/9860.png,False,Tenerife,719,https://media.api-sports.io/football/teams/719.png,True,0,2,0.0,0.0,0,2,,,,,,,,,,,,,,,,,,,,,,,,,,,,,,,,,,,,,,,
1311449,2024-10-31 20:00:00+00:00,1730404800,FT,90,1730404800,1730408400,5.0,Spain,143,Copa del Rey,https://media.api-sports.io/flags/es.svg,https://media.api-sports.io/football/leagues/143.png,2024,1st Round,Estadio Municipal Juan Guerrero El Lobo,Cuarte de Huerva,,Jon González,Cuarte,9886,https://media.api-sports.io/football/teams/9886.png,False,Racing Ferrol,9409,https://media.api-sports.io/football/teams/9409.png,True,1,3,0.0,2.0,1,3,,,,,,,,,,,,,,,,,,,,,,,,,,,,,,,,,,,,,,,
1311459,2024-10-31 20:00:00+00:00,1730404800,AET,120,1730404800,1730408400,,Spain,143,Copa del Rey,https://media.api-sports.io/flags/es.svg,https://media.api-sports.io/football/leagues/143.png,2024,1st Round,Estadio Municipal de La Línea de la Concepción,La Línea de la Concepción,6689.0,Germán Cid,Estepona,15358,https://media.api-sports.io/football/teams/15358.png,True,Malaga,535,https://media.api-sports.io/football/teams/535.png,False,3,2,0.0,1.0,1,1,,,,,,,,,,,,,,,,,,,,,,,,,,,,,,,,,,,,,,,
1311433,2024-10-31 20:00:00+00:00,1730404800,FT,90,1730404800,1730408400,3.0,Spain,143,Copa del Rey,https://media.api-sports.io/flags/es.svg,https://media.api-sports.io/football/leagues/143.png,2024,1st Round,Estadio Francisco de la Hera,Almendralejo,1475.0,José Sánchez,Gévora,25032,https://media.api-sports.io/football/teams/25032.png,False,Real Betis,543,https://media.api-sports.io/football/teams/543.png,True,1,6,0.0,3.0,1,6,,,,,,,,,,,,,,,,,,,,,,,,,,,,,,,,,,,,,,,
1311435,2024-10-31 20:00:00+00:00,1730404800,FT,90,1730404800,1730408400,1.0,Spain,143,Copa del Rey,https://media.api-sports.io/flags/es.svg,https://media.api-sports.io/football/leagues/143.png,2024,1st Round,Estadio Isidro Calderón,Monzón,6956.0,Víctor García,Ontiñena,25034,https://media.api-sports.io/football/teams/25034.png,False,Las Palmas,534,https://media.api-sports.io/football/teams/534.png,True,0,7,0.0,1.0,0,7,,,,,,,,,,,,,,,,,,,,,,,,,,,,,,,,,,,,,,,
1311436,2024-11-05 18:00:00+00:00,1730829600,FT,90,1730829600,1730833200,1.0,Spain,143,Copa del Rey,https://media.api-sports.io/flags/es.svg,https://media.api-sports.io/football/leagues/143.png,2024,1st Round,Estadio Municipal del Chiclana,Chiclana de la Frontera,,Francisco Hernández,Chiclana,21905,https://media.api-sports.io/football/teams/21905.png,False,Osasuna,727,https://media.api-sports.io/football/teams/727.png,True,0,5,0.0,0.0,0,5,,,,,,,,,,,,,,,,,,,,,,,,,,,,,,,,,,,,,,,
1311471,2024-11-06 18:00:00+00:00,1730916000,FT,90,1730916000,1730919600,10.0,Spain,143,Copa del Rey,https://media.api-sports.io/flags/es.svg,https://media.api-sports.io/football/leagues/143.png,2024,1st Round,Estadio Municipal de Chapín,Jerez de la Frontera,6854.0,Daniel Miranda,Xerez,9770,https://media.api-sports.io/football/teams/9770.png,False,AD Ceuta FC,10139,https://media.api-sports.io/football/teams/10139.png,True,0,1,0.0,1.0,0,1,,,,,,,,,,,,,,,,,,,,,,,,,,,,,,,,,,,,,,,
1311483,2024-11-14 17:00:00+00:00,1731603600,FT,90,1731603600,1731607200,6.0,Spain,143,Copa del Rey,https://media.api-sports.io/flags/es.svg,https://media.api-sports.io/football/leagues/143.png,2024,1st Round,Antiguo Campo de Fútbol Luchán,Ejea de los Caballeros,,Gorka Etayo,Ejea,9589,https://media.api-sports.io/football/teams/9589.png,True,Hércules,4666,https://media.api-sports.io/football/teams/4666.png,False,1,0,0.0,0.0,1,0,,,,,,,,,,,,,,,,,,,,,,,,,,,,,,,,,,,,,,,
1311463,2024-11-19 19:00:00+00:00,1732042800,FT,90,1732042800,1732046400,6.0,Spain,143,Copa del Rey,https://media.api-sports.io/flags/es.svg,https://media.api-sports.io/football/leagues/143.png,2024,1st Round,Estadio Municipal de Pasarón,Pontevedra,6508.0,Miguel González,Pontevedra,9407,https://media.api-sports.io/football/teams/9407.png,True,Levante,539,https://media.api-sports.io/football/teams/539.png,False,4,1,1.0,0.0,4,1,Pontevedra,https://media.api-sports.io/football/teams/9407.png,8.0,12.0,24.0,4.0,16.0,8.0,15.0,6.0,1.0,70%,2.0,0.0,5.0,614.0,545.0,89%,Levante,https://media.api-sports.io/football/teams/539.png,6.0,4.0,10.0,0.0,9.0,1.0,9.0,4.0,1.0,30%,0.0,1.0,4.0,257.0,187.0,73%,,,
1311447,2024-11-21 20:00:00+00:00,1732219200,FT,90,1732219200,1732222800,1.0,Spain,143,Copa del Rey,https://media.api-sports.io/flags/es.svg,https://media.api-sports.io/football/leagues/143.png,2024,1st Round,Estadio José Rico Pérez,Alicante,3517.0,Alejandro Quintero,Jove Español,9694,https://media.api-sports.io/football/teams/9694.png,False,Real Sociedad,548,https://media.api-sports.io/football/teams/548.png,True,0,5,0.0,4.0,0,5,,,,,,,,,,,,,,,,,,,,,,,,,,,,,,,,,,,,,,,
1311438,2024-11-26 18:00:00+00:00,1732644000,FT,90,1732644000,1732647600,2.0,Spain,143,Copa del Rey,https://media.api-sports.io/flags/es.svg,https://media.api-sports.io/football/leagues/143.png,2024,1st Round,Campo Vicente Martínez Catalá,Manises,,César Soto,Manises,25033,https://media.api-sports.io/football/teams/25033.png,False,Getafe,546,https://media.api-sports.io/football/teams/546.png,True,0,3,0.0,3.0,0,3,,,,,,,,,,,,,,,,,,,,,,,,,,,,,,,,,,,,,,,
1311437,2024-11-26 18:00:00+00:00,1732644000,FT,90,1732644000,1732647600,4.0,Spain,143,Copa del Rey,https://media.api-sports.io/flags/es.svg,https://media.api-sports.io/football/leagues/143.png,2024,1st Round,Polideportivo Parla,Parla,,Mario Melero,Parla Escuela,25035,https://media.api-sports.io/football/teams/25035.png,False,Valencia,532,https://media.api-sports.io/football/teams/532.png,True,0,1,0.0,1.0,0,1,,,,,,,,,,,,,,,,,,,,,,,,,,,,,,,,,,,,,,,
1317910,2024-12-03 18:00:00+00:00,1733248800,AET,120,1733248800,1733252400,,Spain,143,Copa del Rey,https://media.api-sports.io/flags/es.svg,https://media.api-sports.io/football/leagues/143.png,2024,2nd Round,Estadio Municipal Adolfo Suárez,Ávila,6824.0,Alejandro Quintero,Real Ávila,9736,https://media.api-sports.io/football/teams/9736.png,False,Valladolid,720,https://media.api-sports.io/football/teams/720.png,True,2,4,0.0,1.0,2,2,,,,,,,,,,,,,,,,,,,,,,,,,,,,,,,,,,,,,,,
1317911,2024-12-03 19:00:00+00:00,1733252400,FT,90,1733252400,1733256000,9.0,Spain,143,Copa del Rey,https://media.api-sports.io/flags/es.svg,https://media.api-sports.io/football/leagues/143.png,2024,2nd Round,Estadio Municipal La Constitución,Yecla,3997.0,José Sánchez,Yeclano,5283,https://media.api-sports.io/football/teams/5283.png,False,Elche,797,https://media.api-sports.io/football/teams/797.png,True,0,1,0.0,0.0,0,1,,,,,,,,,,,,,,,,,,,,,,,,,,,,,,,,,,,,,,,
1317914,2024-12-03 20:00:00+00:00,1733256000,PEN,120,1733256000,1733259600,,Spain,143,Copa del Rey,https://media.api-sports.io/flags/es.svg,https://media.api-sports.io/football/leagues/143.png,2024,2nd Round,Estadio de la Romareda,Zaragoza,1493.0,Germán Cid,Zaragoza,732,https://media.api-sports.io/football/teams/732.png,False,Granada CF,715,https://media.api-sports.io/football/teams/715.png,True,2,2,2.0,2.0,2,2,Zaragoza,https://media.api-sports.io/football/teams/732.png,7.0,13.0,24.0,4.0,14.0,10.0,28.0,8.0,2.0,41%,6.0,,3.0,482.0,385.0,80%,Granada CF,https://media.api-sports.io/football/teams/715.png,4.0,7.0,11.0,0.0,9.0,2.0,21.0,5.0,1.0,59%,5.0,,5.0,695.0,584.0,84%,,,
1317912,2024-12-03 20:00:00+00:00,1733256000,FT,90,1733256000,1733259600,1.0,Spain,143,Copa del Rey,https://media.api-sports.io/flags/es.svg,https://media.api-sports.io/football/leagues/143.png,2024,2nd Round,Estadio El Helmántico,Villares de la Reina,,Adrián Cordero,Salamanca UDS,9588,https://media.api-sports.io/football/teams/9588.png,False,Celta Vigo,538,https://media.api-sports.io/football/teams/538.png,True,0,7,0.0,3.0,0,7,,,,,,,,,,,,,,,,,,,,,,,,,,,,,,,,,,,,,,,
1317913,2024-12-03 20:00:00+00:00,1733256000,FT,90,1733256000,1733259600,5.0,Spain,143,Copa del Rey,https://media.api-sports.io/flags/es.svg,https://media.api-sports.io/football/leagues/143.png,2024,2nd Round,Estadio Municipal de Deportes,Barbastro,6957.0,Javier Alberola,Barbastro,9879,https://media.api-sports.io/football/teams/9879.png,True,Espanyol,540,https://media.api-sports.io/football/teams/540.png,False,2,0,0.0,0.0,2,0,,,,,,,,,,,,,,,,,,,,,,,,,,,,,,,,,,,,,,,
1317915,2024-12-03 20:15:00+00:00,1733256900,FT,90,1733256900,1733260500,8.0,Spain,143,Copa del Rey,https://media.api-sports.io/flags/es.svg,https://media.api-sports.io/football/leagues/143.png,2024,2nd Round,Camp Municipal de Futbol Nou Sardenya,Barcelona,1466.0,Mario Melero,Europa Fc,593,https://media.api-sports.io/football/teams/593.png,False,Las Palmas,534,https://media.api-sports.io/football/teams/534.png,True,1,2,0.0,0.0,1,2,Europa Fc,https://media.api-sports.io/football/teams/593.png,2.0,4.0,6.0,0.0,4.0,2.0,14.0,5.0,3.0,38%,3.0,,10.0,274.0,190.0,69%,Las Palmas,https://media.api-sports.io/football/teams/534.png,12.0,6.0,22.0,4.0,17.0,5.0,13.0,5.0,2.0,62%,3.0,,1.0,484.0,376.0,78%,,,
1317918,2024-12-04 18:00:00+00:00,1733335200,FT,90,1733335200,1733338800,5.0,Spain,143,Copa del Rey,https://media.api-sports.io/flags/es.svg,https://media.api-sports.io/football/leagues/143.png,2024,2nd Round,Nou Estadi Costa Daurada,Tarragona,20300.0,Sergiu Muresan,Gimnastic,714,https://media.api-sports.io/football/teams/714.png,False,Huesca,726,https://media.api-sports.io/football/teams/726.png,True,0,1,0.0,0.0,0,1,Gimnastic,https://media.api-sports.io/football/teams/714.png,2.0,4.0,11.0,5.0,4.0,7.0,8.0,6.0,,57%,3.0,,1.0,315.0,252.0,80%,Huesca,https://media.api-sports.io/football/teams/726.png,2.0,4.0,9.0,3.0,7.0,2.0,10.0,4.0,,43%,2.0,,2.0,247.0,182.0,74%,,,
1317916,2024-12-04 18:00:00+00:00,1733335200,FT,90,1733335200,1733338800,7.0,Spain,143,Copa del Rey,https://media.api-sports.io/flags/es.svg,https://media.api-sports.io/football/leagues/143.png,2024,2nd Round,Camp Municipal Narcís Sala,Barcelona,3991.0,Mateo Busquets,Sant Andreu,5277,https://media.api-sports.io/football/teams/5277.png,False,Real Betis,543,https://media.api-sports.io/football/teams/543.png,True,1,3,1.0,1.0,1,3,Sant Andreu,https://media.api-sports.io/football/teams/5277.png,4.0,2.0,8.0,2.0,7.0,1.0,15.0,4.0,2.0,51%,3.0,,3.0,422.0,342.0,81%,Real Betis,https://media.api-sports.io/football/teams/543.png,6.0,4.0,14.0,4.0,7.0,7.0,16.0,2.0,2.0,49%,5.0,,2.0,403.0,341.0,85%,,,
1317917,2024-12-04 18:00:00+00:00,1733335200,FT,90,1733335200,1733338800,8.0,Spain,143,Copa del Rey,https://media.api-sports.io/flags/es.svg,https://media.api-sports.io/football/leagues/143.png,2024,2nd Round,Campo de Futbol Reina Sofía,Salamanca,19230.0,Alejandro Muñiz,Unionistas de Salamanca,5281,https://media.api-sports.io/football/teams/5281.png,False,Rayo Vallecano,728,https://media.api-sports.io/football/teams/728.png,True,2,3,2.0,1.0,2,3,Unionistas de Salamanca,https://media.api-sports.io/football/teams/5281.png,5.0,9.0,19.0,5.0,12.0,7.0,16.0,4.0,2.0,35%,4.0,0.0,7.0,267.0,185.0,69%,Rayo Vallecano,https://media.api-sports.io/football/teams/728.png,10.0,4.0,16.0,2.0,7.0,9.0,14.0,3.0,1.0,65%,4.0,1.0,3.0,515.0,433.0,84%,,,
1317921,2024-12-04 19:00:00+00:00,1733338800,FT,90,1733338800,1733342400,7.0,Spain,143,Copa del Rey,https://media.api-sports.io/flags/es.svg,https://media.api-sports.io/football/leagues/143.png,2024,2nd Round,Estadio Nuevo Mirandilla,Cádiz,11915.0,Álvaro Moreno,Cadiz,724,https://media.api-sports.io/football/teams/724.png,False,Eldense,9692,https://media.api-sports.io/football/teams/9692.png,True,0,1,0.0,0.0,0,1,Cadiz,https://media.api-sports.io/football/teams/724.png,1.0,1.0,2.0,0.0,2.0,0.0,3.0,1.0,,55%,3.0,,0.0,76.0,65.0,86%,Eldense,https://media.api-sports.io/football/teams/9692.png,0.0,0.0,0.0,0.0,0.0,0.0,5.0,1.0,,45%,0.0,,1.0,60.0,43.0,72%,,,
1317920,2024-12-04 19:00:00+00:00,1733338800,FT,90,1733338800,1733342400,7.0,Spain,143,Copa del Rey,https://media.api-sports.io/flags/es.svg,https://media.api-sports.io/football/leagues/143.png,2024,2nd Round,Estadio Municipal Reino de León,León,2916.0,Andrés Fuentes,Cultural Leonesa,725,https://media.api-sports.io/football/teams/725.png,False,Almeria,723,https://media.api-sports.io/football/teams/723.png,True,1,2,1.0,1.0,1,2,Cultural Leonesa,https://media.api-sports.io/football/teams/725.png,2.0,2.0,4.0,0.0,3.0,1.0,1.0,1.0,1.0,42%,0.0,,0.0,75.0,61.0,81%,Almeria,https://media.api-sports.io/football/teams/723.png,1.0,0.0,2.0,1.0,1.0,1.0,5.0,1.0,0.0,58%,1.0,,1.0,105.0,91.0,87%,,,
1317919,2024-12-04 19:00:00+00:00,1733338800,FT,90,1733338800,1733342400,6.0,Spain,143,Copa del Rey,https://media.api-sports.io/flags/es.svg,https://media.api-sports.io/football/leagues/143.png,2024,2nd Round,Estadio O Couto,Ourense,6705.0,Manuel Orellana,Ourense CF,9612,https://media.api-sports.io/football/teams/9612.png,True,Deportivo La Coruna,544,https://media.api-sports.io/football/teams/544.png,False,1,0,0.0,0.0,1,0,,,,,,,,,,,,,,,,,,,,,,,,,,,,,,,,,,,,,,,
1317922,2024-12-04 19:30:00+00:00,1733340600,FT,90,1733340600,1733344200,6.0,Spain,143,Copa del Rey,https://media.api-sports.io/flags/es.svg,https://media.api-sports.io/football/leagues/143.png,2024,2nd Round,Campos de Sport de El Sardinero,Santander,3516.0,Daniel Palencia,Racing Santander,4665,https://media.api-sports.io/football/teams/4665.png,True,Sporting Gijon,731,https://media.api-sports.io/football/teams/731.png,False,1,0,0.0,0.0,1,0,Racing Santander,https://media.api-sports.io/football/teams/4665.png,0.0,0.0,0.0,0.0,0.0,0.0,0.0,,,67%,,,,1.0,1.0,100%,Sporting Gijon,https://media.api-sports.io/football/teams/731.png,0.0,0.0,0.0,0.0,0.0,0.0,1.0,,,33%,,,,1.0,0.0,,,,
1317923,2024-12-04 20:00:00+00:00,1733342400,PEN,120,1733342400,1733346000,,Spain,143,Copa del Rey,https://media.api-sports.io/flags/es.svg,https://media.api-sports.io/football/leagues/143.png,2024,2nd Round,Estadio Nuevo Municipal Las Gaunas,Logroño,3994.0,Ricardo De Burgos,UD Logroñés,5280,https://media.api-sports.io/football/teams/5280.png,True,Girona,547,https://media.api-sports.io/football/teams/547.png,False,0,0,0.0,0.0,0,0,UD Logroñés,https://media.api-sports.io/football/teams/5280.png,1.0,7.0,9.0,1.0,4.0,5.0,16.0,1.0,0.0,42%,4.0,,2.0,487.0,394.0,81%,Girona,https://media.api-sports.io/football/teams/547.png,2.0,6.0,17.0,9.0,9.0,8.0,15.0,7.0,2.0,58%,2.0,,1.0,677.0,594.0,88%,,,
1317925,2024-12-04 20:00:00+00:00,1733342400,FT,90,1733342400,1733346000,5.0,Spain,143,Copa del Rey,https://media.api-sports.io/flags/es.svg,https://media.api-sports.io/football/leagues/143.png,2024,2nd Round,Estadio Municipal de Pasarón,Pontevedra,6508.0,Pablo González,Pontevedra,9407,https://media.api-sports.io/football/teams/9407.png,True,Villarreal,533,https://media.api-sports.io/football/teams/533.png,False,1,0,0.0,0.0,1,0,Pontevedra,https://media.api-sports.io/football/teams/9407.png,3.0,8.0,15.0,4.0,10.0,5.0,11.0,6.0,1.0,73%,,,2.0,714.0,619.0,87%,Villarreal,https://media.api-sports.io/football/teams/533.png,2.0,4.0,6.0,0.0,6.0,0.0,9.0,3.0,1.0,27%,,,2.0,257.0,186.0,72%,,,
1317927,2024-12-04 20:00:00+00:00,1733342400,PEN,120,1733342400,1733346000,,Spain,143,Copa del Rey,https://media.api-sports.io/flags/es.svg,https://media.api-sports.io/football/leagues/143.png,2024,2nd Round,Estadio Ruta de la Plata,Zamora,6518.0,Miguel González,Zamora,9418,https://media.api-sports.io/football/teams/9418.png,False,Tenerife,719,https://media.api-sports.io/football/teams/719.png,True,0,0,0.0,0.0,0,0,Zamora,https://media.api-sports.io/football/teams/9418.png,0.0,0.0,0.0,0.0,0.0,0.0,0.0,,,32%,,,,7.0,6.0,86%,Tenerife,https://media.api-sports.io/football/teams/719.png,0.0,0.0,0.0,0.0,0.0,0.0,0.0,,,68%,,,,15.0,12.0,80%,,,
1317924,2024-12-04 20:00:00+00:00,1733342400,FT,90,1733342400,1733346000,7.0,Spain,143,Copa del Rey,https://media.api-sports.io/flags/es.svg,https://media.api-sports.io/football/leagues/143.png,2024,2nd Round,Estadio de Luchán,Ejea de los Caballeros,6682.0,Miguel Ortiz,Ejea,9589,https://media.api-sports.io/football/teams/9589.png,False,Valencia,532,https://media.api-sports.io/football/teams/532.png,True,1,3,0.0,0.0,1,3,,,,,,,,,,,,,,,,,,,,,,,,,,,,,,,,,,,,,,,
1317926,2024-12-04 20:00:00+00:00,1733342400,PEN,120,1733342400,1733346000,,Spain,143,Copa del Rey,https://media.api-sports.io/flags/es.svg,https://media.api-sports.io/football/leagues/143.png,2024,2nd Round,Estadio Municipal Francisco Muñoz Pérez,Estepona,11024.0,Francisco Hernández,Estepona,15358,https://media.api-sports.io/football/teams/15358.png,False,Leganes,537,https://media.api-sports.io/football/teams/537.png,True,2,2,1.0,0.0,2,2,,,,,,,,,,,,,,,,,,,,,,,,,,,,,,,,,,,,,,,
1317928,2024-12-05 18:00:00+00:00,1733421600,FT,90,1733421600,1733425200,7.0,Spain,143,Copa del Rey,https://media.api-sports.io/flags/es.svg,https://media.api-sports.io/football/leagues/143.png,2024,2nd Round,Estadio Príncipe Felipe,Cáceres,6486.0,Isidro Díaz de Mera,Cacereño,9384,https://media.api-sports.io/football/teams/9384.png,False,Atletico Madrid,530,https://media.api-sports.io/football/teams/530.png,True,1,3,1.0,0.0,1,3,Cacereño,https://media.api-sports.io/football/teams/9384.png,2.0,2.0,5.0,1.0,2.0,3.0,15.0,1.0,0.0,29%,3.0,1.0,10.0,253.0,153.0,60%,Atletico Madrid,https://media.api-sports.io/football/teams/530.png,11.0,11.0,26.0,4.0,14.0,12.0,9.0,7.0,2.0,71%,2.0,0.0,1.0,601.0,530.0,88%,,,
1317929,2024-12-05 18:00:00+00:00,1733421600,PEN,120,1733421600,1733425200,,Spain,143,Copa del Rey,https://media.api-sports.io/flags/es.svg,https://media.api-sports.io/football/leagues/143.png,2024,2nd Round,Estadio Municipal Los Arcos,Orihuela,6505.0,José Munuera,Orihuela,9404,https://media.api-sports.io/football/teams/9404.png,False,Getafe,546,https://media.api-sports.io/football/teams/546.png,True,0,0,0.0,0.0,0,0,Orihuela,https://media.api-sports.io/football/teams/9404.png,4.0,2.0,9.0,3.0,3.0,6.0,21.0,4.0,3.0,35%,3.0,,8.0,306.0,190.0,62%,Getafe,https://media.api-sports.io/football/teams/546.png,9.0,11.0,23.0,3.0,12.0,11.0,21.0,6.0,1.0,65%,3.0,,4.0,585.0,486.0,83%,,,
1317930,2024-12-05 18:00:00+00:00,1733421600,FT,90,1733421600,1733425200,9.0,Spain,143,Copa del Rey,https://media.api-sports.io/flags/es.svg,https://media.api-sports.io/football/leagues/143.png,2024,2nd Round,Estadio Municipal Alfonso Murube,Ceuta,3969.0,Alejandro Quintero,AD Ceuta FC,10139,https://media.api-sports.io/football/teams/10139.png,False,Osasuna,727,https://media.api-sports.io/football/teams/727.png,True,2,3,1.0,0.0,2,3,,,,,,,,,,,,,,,,,,,,,,,,,,,,,,,,,,,,,,,
1317931,2024-12-05 19:00:00+00:00,1733425200,PEN,120,1733425200,1733428800,,Spain,143,Copa del Rey,https://media.api-sports.io/flags/es.svg,https://media.api-sports.io/football/leagues/143.png,2024,2nd Round,Estadio El Toralín,Ponferrada,3708.0,Jon González,Ponferradina,4907,https://media.api-sports.io/football/teams/4907.png,True,Castellón,5254,https://media.api-sports.io/football/teams/5254.png,False,1,1,0.0,1.0,1,1,Ponferradina,https://media.api-sports.io/football/teams/4907.png,7.0,5.0,13.0,1.0,9.0,4.0,14.0,4.0,6.0,46%,3.0,0.0,4.0,433.0,313.0,72%,Castellón,https://media.api-sports.io/football/teams/5254.png,5.0,9.0,17.0,3.0,7.0,10.0,13.0,7.0,1.0,54%,2.0,1.0,6.0,523.0,387.0,74%,,,
1317932,2024-12-05 19:00:00+00:00,1733425200,FT,90,1733425200,1733428800,5.0,Spain,143,Copa del Rey,https://media.api-sports.io/flags/es.svg,https://media.api-sports.io/football/leagues/143.png,2024,2nd Round,Estadio Nuevo Lasesarre,Barakaldo,3965.0,Eder Mallo,Barakaldo,5251,https://media.api-sports.io/football/teams/5251.png,False,Racing Ferrol,9409,https://media.api-sports.io/football/teams/9409.png,True,1,2,1.0,1.0,1,2,Barakaldo,https://media.api-sports.io/football/teams/5251.png,5.0,4.0,18.0,9.0,12.0,6.0,16.0,8.0,2.0,50%,5.0,,3.0,307.0,216.0,70%,Racing Ferrol,https://media.api-sports.io/football/teams/9409.png,5.0,3.0,9.0,1.0,6.0,3.0,11.0,4.0,3.0,50%,2.0,,4.0,309.0,223.0,72%,,,
1317933,2024-12-05 19:00:00+00:00,1733425200,FT,90,1733425200,1733428800,5.0,Spain,143,Copa del Rey,https://media.api-sports.io/flags/es.svg,https://media.api-sports.io/football/leagues/143.png,2024,2nd Round,Estadio Municipal Antonio Lorenzo Cuevas,Marbella,3981.0,Manuel Pérez,Marbella,5267,https://media.api-sports.io/football/teams/5267.png,True,Burgos,9580,https://media.api-sports.io/football/teams/9580.png,False,1,0,0.0,0.0,1,0,Marbella,https://media.api-sports.io/football/teams/5267.png,5.0,1.0,8.0,2.0,6.0,2.0,9.0,3.0,2.0,44%,4.0,,3.0,465.0,395.0,85%,Burgos,https://media.api-sports.io/football/teams/9580.png,3.0,0.0,4.0,1.0,2.0,2.0,20.0,2.0,1.0,56%,2.0,,4.0,613.0,529.0,86%,,,
1317934,2024-12-05 19:00:00+00:00,1733425200,FT,90,1733425200,1733428800,5.0,Spain,143,Copa del Rey,https://media.api-sports.io/flags/es.svg,https://media.api-sports.io/football/leagues/143.png,2024,2nd Round,Estadi Nacional,Andorra la Vella,2618.0,Carlos Muñiz,FC Andorra,8157,https://media.api-sports.io/football/teams/8157.png,False,FC Cartagena,5262,https://media.api-sports.io/football/teams/5262.png,True,0,1,0.0,1.0,0,1,FC Andorra,https://media.api-sports.io/football/teams/8157.png,5.0,10.0,20.0,5.0,11.0,9.0,12.0,10.0,2.0,67%,0.0,,0.0,551.0,469.0,85%,FC Cartagena,https://media.api-sports.io/football/teams/5262.png,1.0,1.0,4.0,2.0,2.0,2.0,11.0,2.0,3.0,33%,3.0,,5.0,283.0,199.0,70%,,,
1317937,2024-12-05 20:00:00+00:00,1733428800,FT,90,1733428800,1733432400,,Spain,143,Copa del Rey,https://media.api-sports.io/flags/es.svg,https://media.api-sports.io/football/leagues/143.png,2024,2nd Round,Estadio Municipal La Fuensanta,Cuenca,3971.0,Víctor García,Conquense,5257,https://media.api-sports.io/football/teams/5257.png,False,Real Sociedad,548,https://media.api-sports.io/football/teams/548.png,True,0,1,0.0,0.0,0,1,Conquense,https://media.api-sports.io/football/teams/5257.png,4.0,6.0,13.0,3.0,7.0,6.0,11.0,4.0,2.0,28%,6.0,,3.0,285.0,172.0,60%,Real Sociedad,https://media.api-sports.io/football/teams/548.png,5.0,11.0,22.0,6.0,12.0,10.0,12.0,14.0,4.0,72%,0.0,,4.0,701.0,616.0,88%,,,
1317935,2024-12-05 20:00:00+00:00,1733428800,FT,90,1733428800,1733432400,3.0,Spain,143,Copa del Rey,https://media.api-sports.io/flags/es.svg,https://media.api-sports.io/football/leagues/143.png,2024,2nd Round,Camp Municipal d'Olot,Olot,6504.0,Guillermo Cuadra,Olot,9403,https://media.api-sports.io/football/teams/9403.png,False,Sevilla,536,https://media.api-sports.io/football/teams/536.png,True,1,3,0.0,1.0,1,3,Olot,https://media.api-sports.io/football/teams/9403.png,5.0,6.0,17.0,6.0,9.0,8.0,11.0,7.0,1.0,42%,1.0,,2.0,329.0,254.0,77%,Sevilla,https://media.api-sports.io/football/teams/536.png,5.0,3.0,12.0,4.0,7.0,5.0,16.0,1.0,1.0,58%,4.0,,4.0,483.0,428.0,89%,,,
1317936,2024-12-05 20:00:00+00:00,1733428800,PEN,120,1733428800,1733432400,,Spain,143,Copa del Rey,https://media.api-sports.io/flags/es.svg,https://media.api-sports.io/football/leagues/143.png,2024,2nd Round,Estadio Municipal Cartagonova,Cartagena,3976.0,Juan Martínez,Deportiva Minera,9811,https://media.api-sports.io/football/teams/9811.png,True,Alaves,542,https://media.api-sports.io/football/teams/542.png,False,2,2,1.0,0.0,1,1,,,,,,,,,,,,,,,,,,,,,,,,,,,,,,,,,,,,,,,
1321228,2025-01-03 18:00:00+00:00,1735927200,FT,90,1735927200,1735930800,,Spain,143,Copa del Rey,https://media.api-sports.io/flags/es.svg,https://media.api-sports.io/football/leagues/143.png,2024,Round of 32,Estadio Nuevo Los Cármenes,Granada,1479.0,José Sánchez,Granada CF,715,https://media.api-sports.io/football/teams/715.png,False,Getafe,546,https://media.api-sports.io/football/teams/546.png,True,0,1,0.0,0.0,0,1,Granada CF,https://media.api-sports.io/football/teams/715.png,3.0,7.0,11.0,1.0,6.0,5.0,18.0,11.0,3.0,54%,5.0,,3.0,539.0,399.0,74%,Getafe,https://media.api-sports.io/football/teams/546.png,4.0,10.0,19.0,5.0,13.0,6.0,17.0,8.0,2.0,46%,5.0,,3.0,470.0,345.0,73%,,,
1321222,2025-01-03 18:00:00+00:00,1735927200,FT,90,1735927200,1735930800,5.0,Spain,143,Copa del Rey,https://media.api-sports.io/flags/es.svg,https://media.api-sports.io/football/leagues/143.png,2024,Round of 32,Estadio Municipal de Pasarón,Pontevedra,6508.0,Alejandro Hernández,Pontevedra,9407,https://media.api-sports.io/football/teams/9407.png,True,Mallorca,798,https://media.api-sports.io/football/teams/798.png,False,3,0,1.0,0.0,3,0,Pontevedra,https://media.api-sports.io/football/teams/9407.png,7.0,4.0,14.0,3.0,6.0,8.0,13.0,3.0,2.0,54%,5.0,,2.0,436.0,342.0,78%,Mallorca,https://media.api-sports.io/football/teams/798.png,2.0,3.0,6.0,1.0,5.0,1.0,11.0,6.0,2.0,46%,2.0,,4.0,358.0,257.0,72%,,,
1321231,2025-01-03 18:00:00+00:00,1735927200,FT,90,1735927200,1735930800,4.0,Spain,143,Copa del Rey,https://media.api-sports.io/flags/es.svg,https://media.api-sports.io/football/leagues/143.png,2024,Round of 32,Estadio Municipal de A Malata,Ferrol,6510.0,Adrián Cordero,Racing Ferrol,9409,https://media.api-sports.io/football/teams/9409.png,False,Rayo Vallecano,728,https://media.api-sports.io/football/teams/728.png,True,1,3,0.0,2.0,1,3,Racing Ferrol,https://media.api-sports.io/football/teams/9409.png,2.0,8.0,18.0,8.0,11.0,7.0,11.0,9.0,1.0,46%,2.0,,3.0,366.0,289.0,79%,Rayo Vallecano,https://media.api-sports.io/football/teams/728.png,6.0,2.0,10.0,2.0,5.0,5.0,15.0,4.0,2.0,54%,3.0,,1.0,468.0,379.0,81%,,,
1321229,2025-01-04 14:30:00+00:00,1736001000,FT,90,1736001000,1736004600,7.0,Spain,143,Copa del Rey,https://media.api-sports.io/flags/es.svg,https://media.api-sports.io/football/leagues/143.png,2024,Round of 32,Estadio El Alcoraz,Huesca,1480.0,Miguel Ortiz,Huesca,726,https://media.api-sports.io/football/teams/726.png,False,Real Betis,543,https://media.api-sports.io/football/teams/543.png,True,0,1,0.0,1.0,0,1,Huesca,https://media.api-sports.io/football/teams/726.png,1.0,6.0,14.0,7.0,10.0,4.0,7.0,4.0,4.0,43%,4.0,,1.0,424.0,343.0,81%,Real Betis,https://media.api-sports.io/football/teams/543.png,2.0,8.0,16.0,6.0,10.0,6.0,8.0,12.0,1.0,57%,0.0,,1.0,568.0,493.0,87%,,,
1321236,2025-01-04 15:30:00+00:00,1736004600,FT,90,1736004600,1736008200,5.0,Spain,143,Copa del Rey,https://media.api-sports.io/flags/es.svg,https://media.api-sports.io/football/leagues/143.png,2024,Round of 32,Estadio Heliodoro Rodríguez Lopéz,Tenerife,22053.0,Juan Martínez,Tenerife,719,https://media.api-sports.io/football/teams/719.png,False,Osasuna,727,https://media.api-sports.io/football/teams/727.png,True,1,2,1.0,2.0,1,2,Tenerife,https://media.api-sports.io/football/teams/719.png,5.0,3.0,8.0,0.0,5.0,3.0,10.0,3.0,0.0,48%,4.0,,6.0,430.0,354.0,82%,Osasuna,https://media.api-sports.io/football/teams/727.png,7.0,1.0,12.0,4.0,9.0,3.0,11.0,9.0,4.0,52%,3.0,,4.0,460.0,380.0,83%,,,
1321232,2025-01-04 16:30:00+00:00,1736008200,FT,90,1736008200,1736011800,8.0,Spain,143,Copa del Rey,https://media.api-sports.io/flags/es.svg,https://media.api-sports.io/football/leagues/143.png,2024,Round of 32,UD Almería Stadium,Almería,,Mateo Busquets,Almeria,723,https://media.api-sports.io/football/teams/723.png,True,Sevilla,536,https://media.api-sports.io/football/teams/536.png,False,4,1,0.0,1.0,4,1,Almeria,https://media.api-sports.io/football/teams/723.png,6.0,4.0,14.0,4.0,7.0,7.0,10.0,2.0,1.0,48%,3.0,,2.0,414.0,335.0,81%,Sevilla,https://media.api-sports.io/football/teams/536.png,4.0,7.0,15.0,4.0,7.0,8.0,18.0,5.0,0.0,52%,1.0,,2.0,437.0,375.0,86%,,,
1321221,2025-01-04 18:00:00+00:00,1736013600,FT,90,1736013600,1736017200,2.0,Spain,143,Copa del Rey,https://media.api-sports.io/flags/es.svg,https://media.api-sports.io/football/leagues/143.png,2024,Round of 32,Estadio Municipal de Deportes,Barbastro,6957.0,Isidro Díaz de Mera,Barbastro,9879,https://media.api-sports.io/football/teams/9879.png,False,Barcelona,529,https://media.api-sports.io/football/teams/529.png,True,0,4,0.0,2.0,0,4,Barbastro,https://media.api-sports.io/football/teams/9879.png,1.0,0.0,2.0,1.0,1.0,1.0,16.0,1.0,3.0,25%,1.0,,5.0,228.0,138.0,61%,Barcelona,https://media.api-sports.io/football/teams/529.png,9.0,5.0,19.0,5.0,16.0,3.0,7.0,8.0,3.0,75%,1.0,,1.0,659.0,585.0,89%,,,
1321225,2025-01-04 20:30:00+00:00,1736022600,FT,90,1736022600,1736026200,4.0,Spain,143,Copa del Rey,https://media.api-sports.io/flags/es.svg,https://media.api-sports.io/football/leagues/143.png,2024,Round of 32,Estadio La Rosaleda,Málaga,1483.0,Alejandro Muñiz,Marbella,5267,https://media.api-sports.io/football/teams/5267.png,False,Atletico Madrid,530,https://media.api-sports.io/football/teams/530.png,True,0,1,0.0,1.0,0,1,Marbella,https://media.api-sports.io/football/teams/5267.png,2.0,3.0,5.0,0.0,3.0,2.0,7.0,4.0,2.0,40%,1.0,,4.0,392.0,325.0,83%,Atletico Madrid,https://media.api-sports.io/football/teams/530.png,5.0,8.0,18.0,5.0,10.0,8.0,15.0,6.0,1.0,60%,3.0,,2.0,600.0,529.0,88%,,,
1321224,2025-01-04 20:30:00+00:00,1736022600,PEN,120,1736022600,1736026200,,Spain,143,Copa del Rey,https://media.api-sports.io/flags/es.svg,https://media.api-sports.io/football/leagues/143.png,2024,Round of 32,Estadio Nuevo Municipal Las Gaunas,Logroño,3994.0,Mario Melero,UD Logroñés,5280,https://media.api-sports.io/football/teams/5280.png,False,Athletic Club,531,https://media.api-sports.io/football/teams/531.png,True,0,0,0.0,0.0,0,0,UD Logroñés,https://media.api-sports.io/football/teams/5280.png,1.0,3.0,4.0,0.0,0.0,4.0,17.0,1.0,2.0,39%,2.0,,5.0,485.0,339.0,70%,Athletic Club,https://media.api-sports.io/football/teams/531.png,5.0,8.0,18.0,5.0,12.0,6.0,19.0,5.0,4.0,61%,5.0,,1.0,754.0,613.0,81%,,,
1321234,2025-01-05 11:00:00+00:00,1736074800,FT,90,1736074800,1736078400,3.0,Spain,143,Copa del Rey,https://media.api-sports.io/flags/es.svg,https://media.api-sports.io/football/leagues/143.png,2024,Round of 32,Estadio Manuel Martínez Valero,Elche,1473.0,José Munuera,Elche,797,https://media.api-sports.io/football/teams/797.png,True,Las Palmas,534,https://media.api-sports.io/football/teams/534.png,False,4,0,1.0,0.0,4,0,Elche,https://media.api-sports.io/football/teams/797.png,8.0,4.0,16.0,4.0,13.0,3.0,16.0,3.0,3.0,53%,5.0,,2.0,495.0,435.0,88%,Las Palmas,https://media.api-sports.io/football/teams/534.png,2.0,1.0,6.0,3.0,4.0,2.0,13.0,4.0,1.0,47%,1.0,,4.0,443.0,365.0,82%,,,
1321226,2025-01-05 11:00:00+00:00,1736074800,FT,90,1736074800,1736078400,9.0,Spain,143,Copa del Rey,https://media.api-sports.io/flags/es.svg,https://media.api-sports.io/football/leagues/143.png,2024,Round of 32,Estadio O Couto,Ourense,6705.0,Francisco Hernández,Ourense CF,9612,https://media.api-sports.io/football/teams/9612.png,True,Valladolid,720,https://media.api-sports.io/football/teams/720.png,False,3,2,2.0,2.0,3,2,,,,,,,,,,,,,,,,,,,,,,,,,,,,,,,,,,,,,,,
1321230,2025-01-05 14:30:00+00:00,1736087400,FT,90,1736087400,1736091000,9.0,Spain,143,Copa del Rey,https://media.api-sports.io/flags/es.svg,https://media.api-sports.io/football/leagues/143.png,2024,Round of 32,Campos de Sport de El Sardinero,Santander,3516.0,Pablo González,Racing Santander,4665,https://media.api-sports.io/football/teams/4665.png,False,Celta Vigo,538,https://media.api-sports.io/football/teams/538.png,True,2,3,1.0,1.0,2,3,Racing Santander,https://media.api-sports.io/football/teams/4665.png,3.0,2.0,7.0,2.0,3.0,4.0,18.0,1.0,3.0,34%,3.0,1.0,7.0,285.0,211.0,74%,Celta Vigo,https://media.api-sports.io/football/teams/538.png,8.0,7.0,17.0,2.0,12.0,5.0,18.0,11.0,5.0,66%,5.0,0.0,2.0,536.0,461.0,86%,,,
1321227,2025-01-05 14:30:00+00:00,1736087400,FT,90,1736087400,1736091000,5.0,Spain,143,Copa del Rey,https://media.api-sports.io/flags/es.svg,https://media.api-sports.io/football/leagues/143.png,2024,Round of 32,Estadio El Toralín,Ponferrada,3708.0,Gil Manzano,Ponferradina,4907,https://media.api-sports.io/football/teams/4907.png,False,Real Sociedad,548,https://media.api-sports.io/football/teams/548.png,True,0,2,0.0,0.0,0,2,Ponferradina,https://media.api-sports.io/football/teams/4907.png,4.0,8.0,19.0,7.0,11.0,8.0,10.0,12.0,2.0,47%,1.0,,5.0,350.0,269.0,77%,Real Sociedad,https://media.api-sports.io/football/teams/548.png,7.0,5.0,13.0,1.0,5.0,8.0,9.0,3.0,3.0,53%,0.0,,4.0,404.0,328.0,81%,,,
1321235,2025-01-05 14:30:00+00:00,1736087400,FT,90,1736087400,1736091000,5.0,Spain,143,Copa del Rey,https://media.api-sports.io/flags/es.svg,https://media.api-sports.io/football/leagues/143.png,2024,Round of 32,Estadio Municipal Cartagonova,Cartagena,3976.0,Víctor García,FC Cartagena,5262,https://media.api-sports.io/football/teams/5262.png,False,Leganes,537,https://media.api-sports.io/football/teams/537.png,True,1,2,1.0,1.0,1,2,FC Cartagena,https://media.api-sports.io/football/teams/5262.png,4.0,3.0,7.0,0.0,4.0,3.0,7.0,1.0,3.0,47%,0.0,,5.0,469.0,396.0,84%,Leganes,https://media.api-sports.io/football/teams/537.png,7.0,6.0,16.0,3.0,10.0,6.0,13.0,5.0,1.0,53%,1.0,,3.0,523.0,436.0,83%,,,
1321223,2025-01-06 18:00:00+00:00,1736186400,FT,90,1736186400,1736190000,3.0,Spain,143,Copa del Rey,https://media.api-sports.io/flags/es.svg,https://media.api-sports.io/football/leagues/143.png,2024,Round of 32,Estadio Municipal Cartagonova,Cartagena,3976.0,Javier Alberola,Deportiva Minera,9811,https://media.api-sports.io/football/teams/9811.png,False,Real Madrid,541,https://media.api-sports.io/football/teams/541.png,True,0,5,0.0,3.0,0,5,Deportiva Minera,https://media.api-sports.io/football/teams/9811.png,1.0,3.0,4.0,0.0,1.0,3.0,11.0,0.0,1.0,34%,1.0,,17.0,349.0,283.0,81%,Real Madrid,https://media.api-sports.io/football/teams/541.png,21.0,8.0,33.0,4.0,27.0,6.0,13.0,9.0,3.0,66%,0.0,,1.0,692.0,637.0,92%,,,
1321233,2025-01-07 20:00:00+00:00,1736280000,FT,90,1736280000,1736283600,4.0,Spain,143,Copa del Rey,https://media.api-sports.io/flags/es.svg,https://media.api-sports.io/football/leagues/143.png,2024,Round of 32,Estadio Municipal Nuevo Pepico Amat,Elda,6783.0,Guillermo Cuadra,Eldense,9692,https://media.api-sports.io/football/teams/9692.png,False,Valencia,532,https://media.api-sports.io/football/teams/532.png,True,0,2,0.0,2.0,0,2,Eldense,https://media.api-sports.io/football/teams/9692.png,2.0,7.0,11.0,2.0,7.0,4.0,9.0,3.0,0.0,44%,2.0,,4.0,386.0,313.0,81%,Valencia,https://media.api-sports.io/football/teams/532.png,6.0,6.0,16.0,4.0,8.0,8.0,7.0,3.0,3.0,56%,4.0,,2.0,513.0,438.0,85%,,,
1334030,2025-01-14 20:00:00+00:00,1736884800,FT,90,1736884800,1736888400,6.0,Spain,143,Copa del Rey,https://media.api-sports.io/flags/es.svg,https://media.api-sports.io/football/leagues/143.png,2024,Round of 16,Estadio O Couto,Ourense,6705.0,Miguel Ortiz,Ourense CF,9612,https://media.api-sports.io/football/teams/9612.png,False,Valencia,532,https://media.api-sports.io/football/teams/532.png,True,0,2,0.0,0.0,0,2,Ourense CF,https://media.api-sports.io/football/teams/9612.png,4.0,4.0,9.0,1.0,7.0,2.0,6.0,4.0,4.0,42%,1.0,,2.0,395.0,311.0,79%,Valencia,https://media.api-sports.io/football/teams/532.png,3.0,3.0,9.0,3.0,6.0,3.0,12.0,7.0,1.0,58%,0.0,,4.0,539.0,466.0,86%,,,
1334032,2025-01-15 18:30:00+00:00,1736965800,FT,90,1736965800,1736969400,7.0,Spain,143,Copa del Rey,https://media.api-sports.io/flags/es.svg,https://media.api-sports.io/football/leagues/143.png,2024,Round of 16,UD Almería Stadium,Almería,,Ricardo De Burgos,Almeria,723,https://media.api-sports.io/football/teams/723.png,False,Leganes,537,https://media.api-sports.io/football/teams/537.png,True,2,3,1.0,1.0,2,3,Almeria,https://media.api-sports.io/football/teams/723.png,6.0,4.0,13.0,3.0,8.0,5.0,16.0,4.0,2.0,52%,1.0,,1.0,497.0,432.0,87%,Leganes,https://media.api-sports.io/football/teams/537.png,4.0,5.0,10.0,1.0,5.0,5.0,9.0,4.0,1.0,48%,3.0,,4.0,466.0,384.0,82%,,,
1334031,2025-01-15 18:30:00+00:00,1736965800,FT,90,1736965800,1736969400,6.0,Spain,143,Copa del Rey,https://media.api-sports.io/flags/es.svg,https://media.api-sports.io/football/leagues/143.png,2024,Round of 16,Estadio Municipal de Pasarón,Pontevedra,6508.0,Alejandro Quintero,Pontevedra,9407,https://media.api-sports.io/football/teams/9407.png,False,Getafe,546,https://media.api-sports.io/football/teams/546.png,True,0,1,0.0,1.0,0,1,Pontevedra,https://media.api-sports.io/football/teams/9407.png,3.0,4.0,14.0,7.0,8.0,6.0,10.0,8.0,1.0,84%,2.0,0.0,2.0,765.0,674.0,88%,Getafe,https://media.api-sports.io/football/teams/546.png,3.0,6.0,12.0,3.0,7.0,5.0,16.0,3.0,4.0,16%,5.0,2.0,3.0,149.0,77.0,52%,,,
1334033,2025-01-15 20:00:00+00:00,1736971200,FT,90,1736971200,1736974800,1.0,Spain,143,Copa del Rey,https://media.api-sports.io/flags/es.svg,https://media.api-sports.io/football/leagues/143.png,2024,Round of 16,Estadi Olímpic Lluís Companys,Barcelona,19939.0,José Sánchez,Barcelona,529,https://media.api-sports.io/football/teams/529.png,True,Real Betis,543,https://media.api-sports.io/football/teams/543.png,False,5,1,2.0,0.0,5,1,Barcelona,https://media.api-sports.io/football/teams/529.png,9.0,3.0,18.0,6.0,13.0,5.0,10.0,8.0,8.0,69%,2.0,,2.0,648.0,581.0,90%,Real Betis,https://media.api-sports.io/football/teams/543.png,3.0,2.0,8.0,3.0,8.0,0.0,8.0,3.0,6.0,31%,2.0,,4.0,289.0,225.0,78%,,,
1334034,2025-01-15 20:30:00+00:00,1736973000,FT,90,1736973000,1736976600,3.0,Spain,143,Copa del Rey,https://media.api-sports.io/flags/es.svg,https://media.api-sports.io/football/leagues/143.png,2024,Round of 16,Estadio Manuel Martínez Valero,Elche,1473.0,Guillermo Cuadra,Elche,797,https://media.api-sports.io/football/teams/797.png,False,Atletico Madrid,530,https://media.api-sports.io/football/teams/530.png,True,0,4,0.0,2.0,0,4,Elche,https://media.api-sports.io/football/teams/797.png,4.0,4.0,10.0,2.0,8.0,2.0,10.0,5.0,1.0,53%,4.0,1.0,7.0,536.0,479.0,89%,Atletico Madrid,https://media.api-sports.io/football/teams/530.png,11.0,2.0,14.0,1.0,7.0,7.0,17.0,9.0,2.0,47%,1.0,0.0,4.0,468.0,427.0,91%,,,
1334036,2025-01-16 18:30:00+00:00,1737052200,FT,90,1737052200,1737055800,9.0,Spain,143,Copa del Rey,https://media.api-sports.io/flags/es.svg,https://media.api-sports.io/football/leagues/143.png,2024,Round of 16,San Mamés Barria,Bilbao,1460.0,Mateo Busquets,Athletic Club,531,https://media.api-sports.io/football/teams/531.png,False,Osasuna,727,https://media.api-sports.io/football/teams/727.png,True,2,3,1.0,2.0,2,3,Athletic Club,https://media.api-sports.io/football/teams/531.png,8.0,10.0,23.0,5.0,16.0,7.0,13.0,12.0,1.0,60%,1.0,,1.0,465.0,401.0,86%,Osasuna,https://media.api-sports.io/football/teams/727.png,5.0,2.0,9.0,2.0,6.0,3.0,13.0,3.0,1.0,40%,3.0,,6.0,333.0,254.0,76%,,,
1334035,2025-01-16 18:30:00+00:00,1737052200,FT,90,1737052200,1737055800,6.0,Spain,143,Copa del Rey,https://media.api-sports.io/flags/es.svg,https://media.api-sports.io/football/leagues/143.png,2024,Round of 16,Reale Arena,Donostia-San Sebastián,1491.0,Francisco Hernández,Real Sociedad,548,https://media.api-sports.io/football/teams/548.png,True,Rayo Vallecano,728,https://media.api-sports.io/football/teams/728.png,False,3,1,2.0,1.0,3,1,Real Sociedad,https://media.api-sports.io/football/teams/548.png,5.0,5.0,14.0,4.0,7.0,7.0,17.0,6.0,2.0,49%,1.0,0.0,2.0,389.0,298.0,77%,Rayo Vallecano,https://media.api-sports.io/football/teams/728.png,3.0,7.0,12.0,2.0,6.0,6.0,12.0,2.0,2.0,51%,4.0,1.0,3.0,412.0,309.0,75%,,,
1334037,2025-01-16 20:30:00+00:00,1737059400,AET,120,1737059400,1737063000,,Spain,143,Copa del Rey,https://media.api-sports.io/flags/es.svg,https://media.api-sports.io/football/leagues/143.png,2024,Round of 16,Estadio Santiago Bernabéu,Madrid,1456.0,José Munuera,Real Madrid,541,https://media.api-sports.io/football/teams/541.png,True,Celta Vigo,538,https://media.api-sports.io/football/teams/538.png,False,5,2,1.0,0.0,2,2,Real Madrid,https://media.api-sports.io/football/teams/541.png,11.0,6.0,23.0,6.0,17.0,6.0,10.0,11.0,3.0,58%,2.0,,2.0,818.0,747.0,91%,Celta Vigo,https://media.api-sports.io/football/teams/538.png,4.0,3.0,12.0,5.0,3.0,9.0,11.0,6.0,5.0,42%,4.0,,5.0,582.0,498.0,86%,,,
1338616,2025-02-04 20:30:00+00:00,1738701000,FT,90,1738701000,1738704600,1.0,Spain,143,Copa del Rey,https://media.api-sports.io/flags/es.svg,https://media.api-sports.io/football/leagues/143.png,2024,Quarter-finals,Riyadh Air Metropolitano,Madrid,,Guillermo Cuadra,Atletico Madrid,530,https://media.api-sports.io/football/teams/530.png,True,Getafe,546,https://media.api-sports.io/football/teams/546.png,False,5,0,3.0,0.0,5,0,Atletico Madrid,https://media.api-sports.io/football/teams/530.png,8.0,3.0,14.0,3.0,8.0,6.0,12.0,6.0,1.0,49%,1.0,,4.0,461.0,383.0,83%,Getafe,https://media.api-sports.io/football/teams/546.png,4.0,4.0,10.0,2.0,6.0,4.0,9.0,3.0,1.0,51%,2.0,,4.0,485.0,416.0,86%,,,
1338617,2025-02-05 20:00:00+00:00,1738785600,FT,90,1738785600,1738789200,5.0,Spain,143,Copa del Rey,https://media.api-sports.io/flags/es.svg,https://media.api-sports.io/football/leagues/143.png,2024,Quarter-finals,Estadio Municipal de Butarque,Leganés,1464.0,Javier Alberola,Leganes,537,https://media.api-sports.io/football/teams/537.png,False,Real Madrid,541,https://media.api-sports.io/football/teams/541.png,True,2,3,1.0,2.0,2,3,Leganes,https://media.api-sports.io/football/teams/537.png,4.0,8.0,16.0,4.0,10.0,6.0,15.0,3.0,1.0,41%,1.0,,9.0,396.0,348.0,88%,Real Madrid,https://media.api-sports.io/football/teams/541.png,12.0,6.0,20.0,2.0,13.0,7.0,13.0,7.0,1.0,59%,3.0,,2.0,571.0,531.0,93%,,,
1338618,2025-02-06 18:30:00+00:00,1738866600,FT,90,1738866600,1738870200,5.0,Spain,143,Copa del Rey,https://media.api-sports.io/flags/es.svg,https://media.api-sports.io/football/leagues/143.png,2024,Quarter-finals,Reale Arena,Donostia-San Sebastián,1491.0,Mario Melero,Real Sociedad,548,https://media.api-sports.io/football/teams/548.png,True,Osasuna,727,https://media.api-sports.io/football/teams/727.png,False,2,0,2.0,0.0,2,0,Real Sociedad,https://media.api-sports.io/football/teams/548.png,4.0,5.0,11.0,2.0,7.0,4.0,19.0,9.0,3.0,56%,3.0,0.0,3.0,385.0,319.0,83%,Osasuna,https://media.api-sports.io/football/teams/727.png,3.0,5.0,9.0,1.0,5.0,4.0,12.0,4.0,1.0,44%,4.0,1.0,2.0,300.0,212.0,71%,,,
1338619,2025-02-06 20:30:00+00:00,1738873800,FT,90,1738873800,1738877400,1.0,Spain,143,Copa del Rey,https://media.api-sports.io/flags/es.svg,https://media.api-sports.io/football/leagues/143.png,2024,Quarter-finals,Estadio de Mestalla,Valencia,1497.0,Miguel Ortiz,Valencia,532,https://media.api-sports.io/football/teams/532.png,False,Barcelona,529,https://media.api-sports.io/football/teams/529.png,True,0,5,0.0,4.0,0,5,Valencia,https://media.api-sports.io/football/teams/532.png,1.0,2.0,4.0,1.0,2.0,2.0,6.0,3.0,9.0,23%,2.0,,5.0,242.0,179.0,74%,Barcelona,https://media.api-sports.io/football/teams/529.png,9.0,4.0,17.0,4.0,14.0,3.0,7.0,4.0,2.0,77%,0.0,,1.0,839.0,770.0,92%,,,
1350688,2025-02-25 20:30:00+00:00,1740515400,FT,90,1740515400,1740519000,7.0,Spain,143,Copa del Rey,https://media.api-sports.io/flags/es.svg,https://media.api-sports.io/football/leagues/143.png,2024,Semi-finals,Estadi Olímpic Lluís Companys,Barcelona,19939.0,Alejandro Hernández,Barcelona,529,https://media.api-sports.io/football/teams/529.png,,Atletico Madrid,530,https://media.api-sports.io/football/teams/530.png,,4,4,3.0,2.0,4,4,Barcelona,https://media.api-sports.io/football/teams/529.png,9.0,4.0,16.0,3.0,10.0,6.0,12.0,8.0,0.0,68%,0.0,,3.0,681.0,604.0,89%,Atletico Madrid,https://media.api-sports.io/football/teams/530.png,7.0,2.0,10.0,1.0,9.0,1.0,10.0,3.0,3.0,32%,4.0,,4.0,322.0,248.0,77%,,,
1350690,2025-02-26 20:30:00+00:00,1740601800,FT,90,1740601800,1740605400,7.0,Spain,143,Copa del Rey,https://media.api-sports.io/flags/es.svg,https://media.api-sports.io/football/leagues/143.png,2024,Semi-finals,Reale Arena,Donostia-San Sebastián,1491.0,José Sánchez,Real Sociedad,548,https://media.api-sports.io/football/teams/548.png,False,Real Madrid,541,https://media.api-sports.io/football/teams/541.png,True,0,1,0.0,1.0,0,1,Real Sociedad,https://media.api-sports.io/football/teams/548.png,6.0,3.0,11.0,2.0,10.0,1.0,17.0,8.0,1.0,52%,0.0,,4.0,448.0,385.0,86%,Real Madrid,https://media.api-sports.io/football/teams/541.png,5.0,6.0,14.0,3.0,8.0,6.0,9.0,8.0,2.0,48%,2.0,,6.0,433.0,366.0,85%,,,
1350691,2025-04-01 19:30:00+00:00,1743535800,AET,120,1743535800,1743539400,,Spain,143,Copa del Rey,https://media.api-sports.io/flags/es.svg,https://media.api-sports.io/football/leagues/143.png,2024,Semi-finals,Estadio Santiago Bernabéu,Madrid,1456.0,Javier Alberola,Real Madrid,541,https://media.api-sports.io/football/teams/541.png,,Real Sociedad,548,https://media.api-sports.io/football/teams/548.png,,4,4,1.0,1.0,3,4,Real Madrid,https://media.api-sports.io/football/teams/541.png,10.0,11.0,26.0,5.0,21.0,5.0,6.0,10.0,3.0,58%,1.0,,2.0,707.0,637.0,90%,Real Sociedad,https://media.api-sports.io/football/teams/548.png,5.0,4.0,11.0,2.0,6.0,5.0,23.0,6.0,2.0,42%,4.0,,6.0,493.0,428.0,87%,,,
1350689,2025-04-02 19:30:00+00:00,1743622200,FT,90,1743622200,1743625800,4.0,Spain,143,Copa del Rey,https://media.api-sports.io/flags/es.svg,https://media.api-sports.io/football/leagues/143.png,2024,Semi-finals,Riyadh Air Metropolitano,Madrid,,José Munuera,Atletico Madrid,530,https://media.api-sports.io/football/teams/530.png,False,Barcelona,529,https://media.api-sports.io/football/teams/529.png,True,0,1,0.0,1.0,0,1,Atletico Madrid,https://media.api-sports.io/football/teams/530.png,0.0,5.0,6.0,1.0,6.0,0.0,11.0,6.0,4.0,43%,5.0,,4.0,362.0,290.0,80%,Barcelona,https://media.api-sports.io/football/teams/529.png,5.0,4.0,15.0,6.0,10.0,5.0,22.0,7.0,1.0,57%,3.0,,0.0,499.0,421.0,84%,,,
1367758,2025-04-26 20:00:00+00:00,1745697600,AET,120,1745697600,1745701200,,Spain,143,Copa del Rey,https://media.api-sports.io/flags/es.svg,https://media.api-sports.io/football/leagues/143.png,2024,Final,Estadio Olímpico de Sevilla,Sevilla,,Ricardo De Burgos,Barcelona,529,https://media.api-sports.io/football/teams/529.png,True,Real Madrid,541,https://media.api-sports.io/football/teams/541.png,False,3,2,1.0,0.0,2,2,Barcelona,https://media.api-sports.io/football/teams/529.png,9.0,8.0,22.0,5.0,13.0,9.0,23.0,8.0,2.0,59%,4.0,0.0,5.0,670.0,594.0,89%,Real Madrid,https://media.api-sports.io/football/teams/541.png,7.0,3.0,15.0,5.0,10.0,5.0,11.0,7.0,7.0,41%,3.0,1.0,6.0,453.0,365.0,81%,,,
