fixture_id,team_name,team_id,player_id,player_name,player_photo,games_minutes,games_number,games_position,games_rating,games_captain,games_substitute,goals_conceded,goals_assists,passes_total,passes_accuracy,cards_yellow,cards_red,penalty_scored,penalty_missed,penalty_saved,passes_key,tackles_total,tackles_blocks,tackles_interceptions,duels_total,duels_won,dribbles_attempts,dribbles_success,fouls_drawn,fouls_committed,shots_total,shots_on,dribbles_past,offsides,goals_total,goals_saves,penalty_won,penalty_commited
1396944,Valladolid,720,329663,Guilherme Fernandes,https://media.api-sports.io/football/players/329663.png,90.0,13,G,6.5,False,False,0,0.0,21.0,8,0,0,0,0,0.0,,,,,,,,,,,,,,,,,,
1396944,Valladolid,720,46824,Iván Alejo,https://media.api-sports.io/football/players/46824.png,81.0,14,D,7.9,False,False,0,0.0,23.0,15,0,0,0,0,,1.0,6.0,1.0,1.0,17.0,11.0,1.0,1.0,2.0,4.0,,,,,,,,
1396944,Valladolid,720,285422,Pablo Tomeo,https://media.api-sports.io/football/players/285422.png,90.0,15,D,7.2,False,False,0,0.0,28.0,20,0,0,0,0,,,2.0,,2.0,5.0,5.0,,,,,1.0,1.0,,,,,,
1396944,Valladolid,720,298064,David Torres,https://media.api-sports.io/football/players/298064.png,90.0,4,D,7,False,False,0,0.0,27.0,19,0,0,0,0,,,1.0,,1.0,2.0,2.0,,,,,,,,,,,,
1396944,Valladolid,720,293603,Guille Bueno,https://media.api-sports.io/football/players/293603.png,87.0,3,D,6.9,False,False,0,0.0,23.0,17,0,0,0,0,,2.0,1.0,,1.0,7.0,2.0,2.0,,,,,,1.0,,,,,
1396944,Valladolid,720,14341,Stanko Jurić,https://media.api-sports.io/football/players/14341.png,90.0,24,M,7.2,True,False,0,0.0,36.0,24,0,0,0,0,,1.0,2.0,,3.0,12.0,7.0,1.0,,4.0,2.0,,,1.0,,,,,
1396944,Valladolid,720,181463,Víctor Meseguer,https://media.api-sports.io/football/players/181463.png,76.0,8,M,6.6,False,False,0,0.0,15.0,10,1,0,0,0,,,3.0,,,7.0,3.0,,,,2.0,1.0,1.0,1.0,,,,,
1396944,Valladolid,720,104793,Amath Ndiaye,https://media.api-sports.io/football/players/104793.png,90.0,11,M,9.5,False,False,0,0.0,23.0,19,0,0,0,0,,1.0,6.0,,,15.0,7.0,2.0,1.0,,1.0,3.0,2.0,2.0,1.0,2.0,,,
1396944,Valladolid,720,331004,Chuky,https://media.api-sports.io/football/players/331004.png,81.0,20,M,8.3,False,False,0,1.0,19.0,13,1,0,0,0,,1.0,1.0,,,8.0,2.0,2.0,1.0,,2.0,2.0,1.0,1.0,1.0,1.0,,,
1396944,Valladolid,720,292219,Stipe Biuk,https://media.api-sports.io/football/players/292219.png,76.0,17,M,7.6,False,False,0,1.0,21.0,16,1,0,0,0,,5.0,4.0,,1.0,14.0,6.0,4.0,1.0,1.0,2.0,1.0,1.0,,1.0,,,,
1396944,Valladolid,720,162028,Juanmi Latasa,https://media.api-sports.io/football/players/162028.png,90.0,9,F,6.9,False,False,0,0.0,21.0,8,0,0,0,0,,1.0,1.0,,1.0,16.0,10.0,1.0,1.0,2.0,3.0,6.0,3.0,1.0,3.0,,,,
1396944,Valladolid,720,28373,Tamás Nikitscher,https://media.api-sports.io/football/players/28373.png,15.0,6,M,6.9,False,True,0,0.0,7.0,6,0,0,0,0,,,,,,5.0,3.0,,,1.0,2.0,,,,,,,,
1396944,Valladolid,720,122233,Marcos André,https://media.api-sports.io/football/players/122233.png,15.0,10,F,6.3,False,True,0,0.0,4.0,3,0,0,0,0,,,,,,4.0,2.0,3.0,2.0,,,,,,1.0,,,,
1396944,Valladolid,720,295881,Trilli,https://media.api-sports.io/football/players/295881.png,10.0,2,D,6.6,False,True,0,0.0,10.0,10,0,0,0,0,,,,,,,,,,,,,,,,,,,
1396944,Valladolid,720,387519,Xavi Moreno,https://media.api-sports.io/football/players/387519.png,10.0,28,F,6.7,False,True,0,0.0,2.0,,0,0,0,0,,,1.0,,,2.0,2.0,,,,,,,,,,,,
1396944,Valladolid,720,354142,Ivan Garriel Muñoz,https://media.api-sports.io/football/players/354142.png,9.0,27,D,6.6,False,True,0,0.0,,,0,0,0,0,,,,,,1.0,,1.0,,,,,,,,,,,
1396944,Valladolid,720,309917,Alvaro Aceves Catalina,https://media.api-sports.io/football/players/309917.png,,1,G,,False,True,0,,,,0,0,0,0,,,,,,,,,,,,,,,,,,,
1396944,Valladolid,720,452738,José Luis Aranda,https://media.api-sports.io/football/players/452738.png,,34,D,,False,True,0,,,,0,0,0,0,,,,,,,,,,,,,,,,,,,
1396944,Valladolid,720,361386,Koke Iglesias,https://media.api-sports.io/football/players/361386.png,,32,D,,False,True,0,,,,0,0,0,0,,,,,,,,,,,,,,,,,,,
1396944,Valladolid,720,199042,Mario Maroto,https://media.api-sports.io/football/players/199042.png,,16,M,,False,True,0,,,,0,0,0,0,,,,,,,,,,,,,,,,,,,
1396944,Valladolid,720,506254,Ibrahim Alani,https://media.api-sports.io/football/players/506254.png,,12,M,,False,True,0,,,,0,0,0,0,,,,,,,,,,,,,,,,,,,
1396944,Valladolid,720,8518,Mamadou Sylla,https://media.api-sports.io/football/players/8518.png,,7,F,,False,True,0,,,,0,0,0,0,,,,,,,,,,,,,,,,,,,
1396944,Valladolid,720,309132,Jorge Delgado,https://media.api-sports.io/football/players/309132.png,,18,F,,False,True,0,,,,0,0,0,0,,,,,,,,,,,,,,,,,,,
1396944,AD Ceuta FC,10139,107219,Guillermo Vallejo Delgado,https://media.api-sports.io/football/players/107219.png,90.0,13,G,7.3,False,False,3,0.0,28.0,14,0,0,0,0,0.0,,,,,2.0,1.0,,,1.0,,,,1.0,,,5.0,,
1396944,AD Ceuta FC,10139,182753,Gonzalo Almenara,https://media.api-sports.io/football/players/182753.png,90.0,17,D,6.9,False,False,0,0.0,32.0,20,1,0,0,0,,,5.0,1.0,2.0,10.0,9.0,1.0,,3.0,,1.0,,,,,,,
1396944,AD Ceuta FC,10139,46848,Carlos Hernández,https://media.api-sports.io/football/players/46848.png,90.0,6,D,7,True,False,0,0.0,34.0,23,0,0,0,0,,,3.0,2.0,1.0,15.0,7.0,1.0,1.0,,1.0,,,1.0,,,,,
1396944,AD Ceuta FC,10139,183821,Yago Cantero,https://media.api-sports.io/football/players/183821.png,90.0,24,D,5.7,False,False,0,0.0,54.0,41,0,0,0,0,,,1.0,,4.0,4.0,1.0,,,,1.0,,,1.0,,,,,
1396944,AD Ceuta FC,10139,104830,Carlos Redruello,https://media.api-sports.io/football/players/104830.png,90.0,16,D,5.2,False,False,0,0.0,38.0,27,0,0,0,0,,1.0,1.0,,2.0,12.0,5.0,2.0,1.0,1.0,2.0,,,,,,,,
1396944,AD Ceuta FC,10139,47199,Yann Bodiger,https://media.api-sports.io/football/players/47199.png,64.0,14,M,6.3,False,False,0,0.0,46.0,36,0,0,0,0,,,2.0,,1.0,9.0,6.0,1.0,1.0,2.0,1.0,,,,,,,,
1396944,AD Ceuta FC,10139,453885,Aboubacar Bassinga,https://media.api-sports.io/football/players/453885.png,45.0,26,M,6.3,False,False,0,0.0,24.0,20,0,0,0,0,,,,,,11.0,5.0,2.0,2.0,1.0,1.0,,,,,,,,
1396944,AD Ceuta FC,10139,107142,Andy Escudero,https://media.api-sports.io/football/players/107142.png,78.0,20,M,6.9,False,False,0,0.0,26.0,20,0,0,0,0,,,,,,2.0,2.0,1.0,1.0,1.0,,,,,1.0,,,,
1396944,AD Ceuta FC,10139,122567,Kuki Zalazar,https://media.api-sports.io/football/players/122567.png,90.0,8,M,6.3,False,False,0,0.0,24.0,18,1,0,0,0,,1.0,2.0,,,16.0,7.0,3.0,1.0,2.0,3.0,2.0,,2.0,,,,,
1396944,AD Ceuta FC,10139,183107,Kialy Abdoul Kone,https://media.api-sports.io/football/players/183107.png,48.0,22,M,6,False,False,0,0.0,14.0,10,0,0,0,0,,,1.0,,,9.0,2.0,2.0,,1.0,,,,,,,,,
1396944,AD Ceuta FC,10139,46782,Manu Vallejo,https://media.api-sports.io/football/players/46782.png,45.0,21,F,6.5,False,False,0,0.0,7.0,4,0,0,0,0,,,,,,3.0,1.0,,,1.0,,,,,1.0,,,,
1396944,AD Ceuta FC,10139,51,Cristian Rodríguez,https://media.api-sports.io/football/players/51.png,45.0,10,M,6.5,False,True,0,0.0,21.0,11,0,0,0,0,,1.0,2.0,,1.0,7.0,2.0,1.0,,,,,,,,,,,
1396944,AD Ceuta FC,10139,185106,Youness Lachhab,https://media.api-sports.io/football/players/185106.png,45.0,5,M,6.9,False,True,0,0.0,38.0,34,0,0,0,0,,1.0,,,1.0,4.0,1.0,,,1.0,1.0,,,2.0,,,,,
1396944,AD Ceuta FC,10139,435682,Efe Ugiagbe,https://media.api-sports.io/football/players/435682.png,43.0,27,M,6.3,False,True,0,0.0,11.0,10,0,0,0,0,,,,,,5.0,2.0,1.0,,2.0,,,,,,,,,
1396944,AD Ceuta FC,10139,104425,Juanto Ortuño,https://media.api-sports.io/football/players/104425.png,27.0,11,F,6.3,False,True,0,0.0,5.0,2,0,0,0,0,,,1.0,,,3.0,1.0,1.0,,,1.0,1.0,,,,,,,
1396944,AD Ceuta FC,10139,2717,Anuar,https://media.api-sports.io/football/players/2717.png,13.0,23,M,6.3,False,True,0,0.0,2.0,1,0,0,0,0,,,,,1.0,3.0,1.0,,,1.0,,,,,,,,,
1396944,AD Ceuta FC,10139,104802,Pedro López,https://media.api-sports.io/football/players/104802.png,,1,G,,False,True,0,,,,0,0,0,0,,,,,,,,,,,,,,,,,,,
1396944,AD Ceuta FC,10139,291750,Aisar Ahmed,https://media.api-sports.io/football/players/291750.png,,7,M,,False,True,0,,,,0,0,0,0,,,,,,,,,,,,,,,,,,,
1396944,AD Ceuta FC,10139,182700,Albert Caparrós,https://media.api-sports.io/football/players/182700.png,,4,D,,False,True,0,,,,0,0,0,0,,,,,,,,,,,,,,,,,,,
1396944,AD Ceuta FC,10139,181651,Diego González,https://media.api-sports.io/football/players/181651.png,,15,D,,False,True,0,,,,0,0,0,0,,,,,,,,,,,,,,,,,,,
1396944,AD Ceuta FC,10139,46763,Jose Matos,https://media.api-sports.io/football/players/46763.png,,3,D,,False,True,0,,,,0,0,0,0,,,,,,,,,,,,,,,,,,,
1396944,AD Ceuta FC,10139,385439,Josema,https://media.api-sports.io/football/players/385439.png,,30,M,,False,True,0,,,,0,0,0,0,,,,,,,,,,,,,,,,,,,
1391254,Burgos,9580,47096,Ander Cantero,https://media.api-sports.io/football/players/47096.png,90.0,13,G,7,False,False,1,0.0,7.0,7,0,0,0,0,0.0,,,,,,,,,,,,,,,,1.0,,
1391254,Burgos,9580,79371,Anderson Arroyo,https://media.api-sports.io/football/players/79371.png,81.0,4,D,6.9,False,False,0,1.0,51.0,48,0,0,0,0,,2.0,,,,5.0,3.0,,,2.0,,,,2.0,1.0,,,,
1391254,Burgos,9580,179075,Aitor Córdoba Querejeta,https://media.api-sports.io/football/players/179075.png,90.0,18,D,7.2,True,False,0,0.0,78.0,75,0,0,0,0,,,,1.0,,6.0,3.0,,,,2.0,2.0,,,,,,,
1391254,Burgos,9580,104883,Grego Sierra,https://media.api-sports.io/football/players/104883.png,90.0,8,D,7.9,False,False,0,1.0,80.0,73,0,0,0,0,,2.0,1.0,1.0,1.0,4.0,3.0,,,,,1.0,,,,,,,
1391254,Burgos,9580,21433,Florian Miguel,https://media.api-sports.io/football/players/21433.png,90.0,12,D,6.6,False,False,0,0.0,48.0,42,0,0,0,0,,,,,5.0,11.0,6.0,,,3.0,2.0,1.0,,1.0,1.0,,,1.0,
1391254,Burgos,9580,182686,Iván Morante,https://media.api-sports.io/football/players/182686.png,90.0,23,M,7.3,False,False,0,0.0,71.0,68,0,0,0,0,,4.0,,,,8.0,1.0,1.0,1.0,,1.0,1.0,1.0,5.0,,,,,
1391254,Burgos,9580,181867,Miguel Atienza,https://media.api-sports.io/football/players/181867.png,90.0,5,M,7.3,False,False,0,0.0,62.0,51,0,0,0,0,,,3.0,2.0,5.0,12.0,7.0,,,,1.0,,,1.0,,,,,
1391254,Burgos,9580,308452,David González,https://media.api-sports.io/football/players/308452.png,86.0,14,M,7.5,False,False,0,0.0,17.0,13,0,0,1,0,,,2.0,,,12.0,6.0,4.0,1.0,2.0,2.0,2.0,1.0,,,1.0,,1.0,
1391254,Burgos,9580,104932,Curro,https://media.api-sports.io/football/players/104932.png,64.0,16,M,8.2,False,False,0,0.0,39.0,37,0,0,1,0,,,,,,3.0,1.0,,,1.0,1.0,2.0,2.0,,,2.0,,,
1391254,Burgos,9580,47279,Iñigo Cordoba,https://media.api-sports.io/football/players/47279.png,64.0,21,M,6.5,False,False,0,0.0,35.0,29,0,0,0,0,,1.0,2.0,,,13.0,5.0,4.0,,1.0,,1.0,,2.0,,,,,
1391254,Burgos,9580,184277,Fernando Niño,https://media.api-sports.io/football/players/184277.png,81.0,9,F,7.5,False,False,0,0.0,29.0,24,1,0,0,0,,1.0,2.0,,,7.0,3.0,1.0,1.0,,1.0,2.0,2.0,,1.0,1.0,,,
1391254,Burgos,9580,8671,Kevin Appin,https://media.api-sports.io/football/players/8671.png,27.0,10,M,6.9,False,True,0,0.0,10.0,9,0,0,0,0,,,,,,6.0,3.0,1.0,1.0,1.0,2.0,,,,,,,,
1391254,Burgos,9580,182757,Iván Chapela,https://media.api-sports.io/football/players/182757.png,27.0,19,F,8.2,False,True,0,1.0,14.0,13,0,0,0,0,,3.0,1.0,,,1.0,1.0,,,,,,,,,,,,
1391254,Burgos,9580,387097,Álex Lizancos,https://media.api-sports.io/football/players/387097.png,10.0,2,D,6.7,False,True,0,0.0,6.0,6,0,0,0,0,,,,,,1.0,,,,,1.0,,,,,,,,
1391254,Burgos,9580,284241,Mateo Mejia,https://media.api-sports.io/football/players/284241.png,10.0,7,F,7,False,True,0,0.0,2.0,2,0,0,0,0,,,,,,,,,,,,1.0,1.0,,,1.0,,,
1391254,Burgos,9580,384137,Mario Cantero,https://media.api-sports.io/football/players/384137.png,5.0,17,M,,False,True,0,0.0,3.0,3,0,0,0,0,,,,,,,,,,,,,,,,,,,
1391254,Burgos,9580,296494,Marc Monedero,https://media.api-sports.io/football/players/296494.png,,37,G,,False,True,0,,,,0,0,0,0,,,,,,,,,,,,,,,,,,,
1391254,Burgos,9580,46760,Sergio González,https://media.api-sports.io/football/players/46760.png,,6,D,,False,True,0,,,,0,0,0,0,,,,,,,,,,,,,,,,,,,
1391254,Burgos,9580,285161,Brais Martínez,https://media.api-sports.io/football/players/285161.png,,22,D,,False,True,0,,,,0,0,0,0,,,,,,,,,,,,,,,,,,,
1391254,Burgos,9580,337006,Saúl del Cerro,https://media.api-sports.io/football/players/337006.png,,28,M,,False,True,0,,,,0,0,0,0,,,,,,,,,,,,,,,,,,,
1391254,Burgos,9580,335058,Marcelo Expósito,https://media.api-sports.io/football/players/335058.png,,33,M,,False,True,0,,,,0,0,0,0,,,,,,,,,,,,,,,,,,,
1391254,Burgos,9580,385401,Ethan Ventosa,https://media.api-sports.io/football/players/385401.png,,32,M,,False,True,0,,,,0,0,0,0,,,,,,,,,,,,,,,,,,,
1391254,Burgos,9580,319137,Fermín García,https://media.api-sports.io/football/players/319137.png,,31,F,,False,True,0,,,,0,0,0,0,,,,,,,,,,,,,,,,,,,
1391254,Cultural Leonesa,725,46961,Édgar Badía,https://media.api-sports.io/football/players/46961.png,90.0,13,G,6.3,False,False,5,0.0,29.0,15,0,0,0,0,0.0,,,,,1.0,1.0,,,,,,,,,,2.0,,
1391254,Cultural Leonesa,725,41542,Víctor García,https://media.api-sports.io/football/players/41542.png,90.0,24,D,5.2,False,False,0,0.0,35.0,27,0,0,0,0,,,4.0,,2.0,13.0,5.0,1.0,1.0,,1.0,,,,,,,,1.0
1391254,Cultural Leonesa,725,128142,Quique Fornos,https://media.api-sports.io/football/players/128142.png,90.0,5,D,5.3,True,False,0,0.0,39.0,33,0,0,0,0,,1.0,1.0,,,4.0,3.0,1.0,1.0,1.0,,,,,,,,,
1391254,Cultural Leonesa,725,116899,Eneko Satrustegui,https://media.api-sports.io/football/players/116899.png,84.0,3,D,5.3,False,False,0,0.0,32.0,29,0,0,0,0,,,,1.0,,2.0,,,,,,,,1.0,,,,,
1391254,Cultural Leonesa,725,284264,Juan Larios,https://media.api-sports.io/football/players/284264.png,84.0,33,D,5.6,False,False,0,0.0,15.0,15,1,0,0,0,,,1.0,1.0,,10.0,6.0,3.0,2.0,3.0,2.0,,,,,,,,
1391254,Cultural Leonesa,725,307565,Thiago Ojeda,https://media.api-sports.io/football/players/307565.png,90.0,28,M,7,False,False,0,0.0,30.0,19,0,0,0,0,,,2.0,,1.0,19.0,14.0,3.0,3.0,4.0,1.0,1.0,1.0,1.0,,,,,
1391254,Cultural Leonesa,725,297973,Selu Diallo,https://media.api-sports.io/football/players/297973.png,1.0,27,M,3,False,False,0,0.0,1.0,1,0,1,0,0,,,,,,1.0,,,,,1.0,,,,,,,,1.0
1391254,Cultural Leonesa,725,116919,Agustín Pastoriza Pibe,https://media.api-sports.io/football/players/116919.png,25.0,22,M,6.2,False,False,0,0.0,4.0,1,0,0,0,0,,,,,,4.0,2.0,2.0,1.0,,,1.0,,,,,,,
1391254,Cultural Leonesa,725,179183,Luis Chacón,https://media.api-sports.io/football/players/179183.png,90.0,10,M,6.3,False,False,0,0.0,35.0,32,0,0,0,0,,1.0,1.0,,1.0,3.0,1.0,1.0,,,,2.0,,,,,,,
1391254,Cultural Leonesa,725,182188,Rafa Tresaco,https://media.api-sports.io/football/players/182188.png,72.0,20,M,6.6,False,False,0,0.0,17.0,10,0,0,0,0,,1.0,1.0,,1.0,9.0,6.0,3.0,2.0,2.0,1.0,,,1.0,,,,,
1391254,Cultural Leonesa,725,42754,Daniel Paraschiv,https://media.api-sports.io/football/players/42754.png,72.0,18,F,6.5,False,False,0,0.0,9.0,7,0,0,0,0,,,,,,8.0,3.0,1.0,1.0,1.0,,,,,,,,,
1391254,Cultural Leonesa,725,188350,Bicho,https://media.api-sports.io/football/players/188350.png,66.0,14,M,6.3,False,True,0,0.0,33.0,30,0,0,0,0,,,2.0,,1.0,8.0,3.0,1.0,,1.0,2.0,,,,,,,,
1391254,Cultural Leonesa,725,182685,Diego Collado,https://media.api-sports.io/football/players/182685.png,19.0,7,F,6.3,False,True,0,0.0,4.0,3,0,0,0,0,,,2.0,,,5.0,2.0,,,,1.0,,,1.0,,,,,
1391254,Cultural Leonesa,725,119741,Manu Justo,https://media.api-sports.io/football/players/119741.png,19.0,9,F,6.5,False,True,0,0.0,2.0,2,0,0,0,0,,,,,,1.0,,,,,1.0,,,,,,,,
1391254,Cultural Leonesa,725,366394,Guzman Ortega,https://media.api-sports.io/football/players/366394.png,9.0,2,D,6.9,False,True,0,0.0,6.0,6,0,0,0,0,,,,,,1.0,1.0,,,1.0,,,,,,,,,
1391254,Cultural Leonesa,725,181598,Rodri Suárez,https://media.api-sports.io/football/players/181598.png,9.0,4,D,6.6,False,True,0,0.0,8.0,8,0,0,0,0,,,,,,,,,,,,,,,,,,,
1391254,Cultural Leonesa,725,167701,Miguel Bañuz,https://media.api-sports.io/football/players/167701.png,,1,G,,False,True,0,,,,0,0,0,0,,,,,,,,,,,,,,,,,,,
1391254,Cultural Leonesa,725,329725,Arnau Rafús,https://media.api-sports.io/football/players/329725.png,,26,G,,False,True,0,,,,0,0,0,0,,,,,,,,,,,,,,,,,,,
1391254,Cultural Leonesa,725,122806,Sergio Maestre,https://media.api-sports.io/football/players/122806.png,,6,M,,False,True,0,,,,0,0,0,0,,,,,,,,,,,,,,,,,,,
1391254,Cultural Leonesa,725,348536,Nico Toca,https://media.api-sports.io/football/players/348536.png,,31,M,,False,True,0,,,,0,0,0,0,,,,,,,,,,,,,,,,,,,
1391254,Cultural Leonesa,725,333049,Yayo González,https://media.api-sports.io/football/players/333049.png,,8,M,,False,True,0,,,,0,0,0,0,,,,,,,,,,,,,,,,,,,
1391254,Cultural Leonesa,725,478376,Alvaro Diez,https://media.api-sports.io/football/players/478376.png,,29,M,,False,True,0,,,,0,0,0,0,,,,,,,,,,,,,,,,,,,
1391254,Cultural Leonesa,725,441836,Juan Sánchez,https://media.api-sports.io/football/players/441836.png,,34,F,,False,True,0,,,,0,0,0,0,,,,,,,,,,,,,,,,,,,
1391256,Racing Santander,4665,125,Jokin Ezkieta,https://media.api-sports.io/football/players/125.png,90.0,1,G,8.3,False,False,1,0.0,17.0,10,0,0,0,0,0.0,,,,,,,,,,,,,,,,7.0,,
1391256,Racing Santander,4665,181685,Alvaro Mantilla,https://media.api-sports.io/football/players/181685.png,78.0,2,D,6.3,False,False,0,0.0,13.0,4,1,0,0,0,,,2.0,1.0,1.0,9.0,6.0,,,1.0,2.0,,,1.0,,,,,
1391256,Racing Santander,4665,165713,Manu Hernando,https://media.api-sports.io/football/players/165713.png,90.0,4,D,7.5,False,False,0,0.0,30.0,25,0,0,0,0,,,2.0,1.0,,3.0,3.0,,,,,,,,,,,,
1391256,Racing Santander,4665,184693,Javier Castro,https://media.api-sports.io/football/players/184693.png,90.0,5,D,6.3,False,False,0,0.0,42.0,39,0,0,0,0,,,1.0,,,2.0,1.0,,,,,,,,,,,,
1391256,Racing Santander,4665,482469,Jorge Salinas,https://media.api-sports.io/football/players/482469.png,90.0,32,D,7.3,False,False,0,0.0,36.0,23,0,0,0,0,,,5.0,1.0,1.0,23.0,15.0,8.0,5.0,2.0,1.0,1.0,1.0,1.0,,,,,
1391256,Racing Santander,4665,183683,Íñigo Sáinz-Maza,https://media.api-sports.io/football/players/183683.png,59.0,6,M,6.5,True,False,0,0.0,12.0,7,0,0,0,0,,,1.0,,1.0,7.0,3.0,1.0,,1.0,1.0,,,1.0,,,,,
1391256,Racing Santander,4665,182622,Aritz Aldasoro,https://media.api-sports.io/football/players/182622.png,78.0,8,M,7.2,False,False,0,0.0,19.0,12,0,0,0,0,,,5.0,,2.0,12.0,8.0,,,2.0,,,,2.0,,,,,
1391256,Racing Santander,4665,47209,Andrés Martín,https://media.api-sports.io/football/players/47209.png,90.0,11,M,7.9,False,False,0,0.0,9.0,6,0,0,1,0,,,,,,10.0,2.0,1.0,,2.0,1.0,4.0,2.0,2.0,2.0,2.0,,,
1391256,Racing Santander,4665,47293,Iñigo Vicente,https://media.api-sports.io/football/players/47293.png,90.0,10,M,9.3,False,False,0,2.0,44.0,38,1,0,0,0,,6.0,1.0,,,20.0,6.0,7.0,3.0,2.0,4.0,1.0,1.0,2.0,,,,,
1391256,Racing Santander,4665,46960,Marco Sangalli,https://media.api-sports.io/football/players/46960.png,59.0,15,M,6.6,False,False,0,0.0,16.0,10,0,0,0,0,,1.0,1.0,,,9.0,3.0,1.0,1.0,,2.0,,,2.0,,,,,
1391256,Racing Santander,4665,104853,Asier Villalibre,https://media.api-sports.io/football/players/104853.png,90.0,12,F,8,False,False,0,0.0,6.0,3,0,0,0,0,,,1.0,,,11.0,5.0,3.0,1.0,2.0,,1.0,1.0,1.0,,1.0,,1.0,
1391256,Racing Santander,4665,518384,Sergio Martinez,https://media.api-sports.io/football/players/518384.png,32.0,36,M,6.7,False,True,0,0.0,11.0,9,1,0,0,0,,,,1.0,1.0,3.0,1.0,,,,1.0,,,,,,,,
1391256,Racing Santander,4665,336995,Yeray Cabanzon,https://media.api-sports.io/football/players/336995.png,32.0,7,M,6.3,False,True,0,0.0,10.0,8,0,0,0,0,,1.0,1.0,,,13.0,5.0,2.0,2.0,1.0,4.0,,,1.0,,,,,
1391256,Racing Santander,4665,20946,Clément Michelin,https://media.api-sports.io/football/players/20946.png,13.0,17,D,6.6,False,True,0,0.0,3.0,3,0,0,0,0,,,1.0,,,1.0,1.0,,,,,,,,,,,,
1391256,Racing Santander,4665,437643,Peio Canales,https://media.api-sports.io/football/players/437643.png,13.0,18,M,6.6,False,True,0,0.0,13.0,13,0,0,0,0,,,,,,1.0,1.0,1.0,1.0,,,,,,,,,,
1391256,Racing Santander,4665,350799,Jeremy Arevalo,https://media.api-sports.io/football/players/350799.png,10.0,29,F,6.5,False,True,0,0.0,2.0,2,0,0,0,0,,,,,,1.0,,,,,,,,1.0,,,,,
1391256,Racing Santander,4665,315880,Plamen Andreev,https://media.api-sports.io/football/players/315880.png,,13,G,,False,True,0,,,,0,0,0,0,,,,,,,,,,,,,,,,,,,
1391256,Racing Santander,4665,452308,Aitor Crespo,https://media.api-sports.io/football/players/452308.png,,37,D,,False,True,0,,,,0,0,0,0,,,,,,,,,,,,,,,,,,,
1391256,Racing Santander,4665,385767,Mario Garcia,https://media.api-sports.io/football/players/385767.png,,23,D,,False,True,0,,,,0,0,0,0,,,,,,,,,,,,,,,,,,,
1391256,Racing Santander,4665,46789,Saúl García,https://media.api-sports.io/football/players/46789.png,,3,D,,False,True,0,,,,0,0,0,0,,,,,,,,,,,,,,,,,,,
1391256,Racing Santander,4665,336994,Izan Yurrieta,https://media.api-sports.io/football/players/336994.png,,42,F,,False,True,0,,,,0,0,0,0,,,,,,,,,,,,,,,,,,,
1391256,Racing Santander,4665,431363,Santi Franco,https://media.api-sports.io/football/players/431363.png,,43,F,,False,True,0,,,,0,0,0,0,,,,,,,,,,,,,,,,,,,
1391256,Racing Santander,4665,286075,Suleiman Camara,https://media.api-sports.io/football/players/286075.png,,20,F,,False,True,0,,,,0,0,0,0,,,,,,,,,,,,,,,,,,,
1391256,Castellón,5254,2680,Amir Abedzadeh,https://media.api-sports.io/football/players/2680.png,90.0,1,G,6.2,False,False,3,0.0,35.0,28,0,0,0,0,0.0,,,,,,,,,,,,,,,,2.0,,
1391256,Castellón,5254,24026,Jeremy Mellot,https://media.api-sports.io/football/players/24026.png,90.0,22,D,6.9,False,False,0,0.0,78.0,66,0,0,0,0,,2.0,4.0,,,10.0,7.0,1.0,1.0,2.0,2.0,,,1.0,,,,,
1391256,Castellón,5254,47075,Alberto Jiménez,https://media.api-sports.io/football/players/47075.png,82.0,5,D,5.6,False,False,0,0.0,56.0,52,0,1,0,0,,,3.0,,,11.0,6.0,2.0,2.0,1.0,3.0,,,,,,,,1.0
1391256,Castellón,5254,201830,Agustín Sienra,https://media.api-sports.io/football/players/201830.png,45.0,4,D,6.3,False,False,0,0.0,24.0,19,0,0,0,0,,,1.0,,,3.0,2.0,,,1.0,,,,,,,,,
1391256,Castellón,5254,46735,Salvador Ruiz,https://media.api-sports.io/football/players/46735.png,90.0,17,D,6.5,True,False,0,0.0,43.0,38,0,0,0,0,,1.0,1.0,,1.0,2.0,2.0,1.0,1.0,,,2.0,1.0,,,,,,
1391256,Castellón,5254,46713,Diego Barri,https://media.api-sports.io/football/players/46713.png,90.0,8,M,6.7,False,False,0,0.0,62.0,54,0,0,0,0,,1.0,4.0,,1.0,18.0,9.0,3.0,1.0,2.0,1.0,1.0,,5.0,,,,,
1391256,Castellón,5254,332307,Beñat Gerenabarrena,https://media.api-sports.io/football/players/332307.png,90.0,15,M,6.9,False,False,0,0.0,44.0,42,0,0,0,0,,1.0,3.0,1.0,,11.0,6.0,2.0,,3.0,1.0,,,,1.0,,,,
1391256,Castellón,5254,2755,Awer Mabil,https://media.api-sports.io/football/players/2755.png,75.0,7,M,6.5,False,False,0,0.0,28.0,18,0,0,0,0,,1.0,3.0,,,14.0,6.0,2.0,1.0,2.0,3.0,,,2.0,2.0,,,,
1391256,Castellón,5254,286038,Álex Calatrava,https://media.api-sports.io/football/players/286038.png,84.0,21,M,6.2,False,False,0,0.0,23.0,20,0,0,0,0,,4.0,3.0,,1.0,23.0,8.0,5.0,3.0,2.0,3.0,1.0,1.0,1.0,,,,,
1391256,Castellón,5254,279482,Brian Cipenga,https://media.api-sports.io/football/players/279482.png,63.0,16,M,6.9,False,False,0,0.0,14.0,10,0,0,0,0,,1.0,1.0,,,6.0,3.0,1.0,1.0,1.0,,1.0,1.0,,,,,,
1391256,Castellón,5254,191151,Ousmane Camara,https://media.api-sports.io/football/players/191151.png,75.0,9,F,7.2,False,False,0,0.0,10.0,7,0,0,0,0,,,,1.0,,7.0,3.0,1.0,1.0,,1.0,3.0,1.0,,1.0,1.0,,,
1391256,Castellón,5254,25717,Israel Suero,https://media.api-sports.io/football/players/25717.png,45.0,10,M,7.2,False,True,0,0.0,20.0,17,0,0,0,0,,,4.0,,,10.0,8.0,2.0,2.0,2.0,,2.0,2.0,2.0,1.0,,,,
1391256,Castellón,5254,334573,Tincho Conde,https://media.api-sports.io/football/players/334573.png,28.0,26,D,6.5,False,True,0,0.0,7.0,5,0,0,0,0,,,1.0,1.0,,2.0,1.0,,,,,1.0,1.0,,,,,,
1391256,Castellón,5254,351573,Nick Markanich,https://media.api-sports.io/football/players/351573.png,16.0,20,F,6.5,False,True,0,0.0,6.0,6,0,0,0,0,,1.0,1.0,,,3.0,1.0,1.0,,,,,,,,,,,
1391256,Castellón,5254,185104,Sergio Sanchis,https://media.api-sports.io/football/players/185104.png,16.0,24,F,6.6,False,True,0,0.0,6.0,5,0,0,0,0,,,2.0,,,4.0,2.0,,,,,2.0,1.0,2.0,,,,,
1391256,Castellón,5254,30709,Fabrizio Brignani,https://media.api-sports.io/football/players/30709.png,16.0,3,D,6.6,False,True,0,0.0,13.0,12,0,0,0,0,,,,,1.0,1.0,1.0,1.0,1.0,,,,,,,,,,
1391256,Castellón,5254,122389,Romain Matthys,https://media.api-sports.io/football/players/122389.png,,13,G,,False,True,0,,,,0,0,0,0,,,,,,,,,,,,,,,,,,,
1391256,Castellón,5254,105020,Oscar Gil,https://media.api-sports.io/football/players/105020.png,,14,D,,False,True,0,,,,0,0,0,0,,,,,,,,,,,,,,,,,,,
1391256,Castellón,5254,270973,Lucas Alcazar,https://media.api-sports.io/football/players/270973.png,,12,D,,False,True,0,,,,0,0,0,0,,,,,,,,,,,,,,,,,,,
1391256,Castellón,5254,376627,Michał  Willmann,https://media.api-sports.io/football/players/376627.png,,55,D,,False,True,0,,,,0,0,0,0,,,,,,,,,,,,,,,,,,,
1391256,Castellón,5254,372574,Kenneth Obinna Mamah,https://media.api-sports.io/football/players/372574.png,,23,F,,False,True,0,,,,0,0,0,0,,,,,,,,,,,,,,,,,,,
1391256,Castellón,5254,128354,Marc-Olivier Doué,https://media.api-sports.io/football/players/128354.png,,6,M,,False,True,0,,,,0,0,0,0,,,,,,,,,,,,,,,,,,,
1391256,Castellón,5254,109806,David Flakus Bosilj,https://media.api-sports.io/football/players/109806.png,,19,F,,False,True,0,,,,0,0,0,0,,,,,,,,,,,,,,,,,,,
1391259,Malaga,535,46843,Alfonso Herrero,https://media.api-sports.io/football/players/46843.png,90.0,1,G,8,True,False,1,0.0,36.0,24,0,0,0,0,0.0,,,,,,,,,,,,,,,,2.0,,
1391259,Malaga,535,185096,Carlos Puga,https://media.api-sports.io/football/players/185096.png,45.0,3,D,6.3,False,False,0,0.0,14.0,12,0,0,0,0,,,,,,5.0,1.0,1.0,1.0,,2.0,1.0,1.0,,,,,,
1391259,Malaga,535,56670,Álex Pastor,https://media.api-sports.io/football/players/56670.png,90.0,5,D,6.7,False,False,0,0.0,53.0,45,1,0,0,0,,,,,4.0,2.0,1.0,,,1.0,1.0,1.0,,,,,,,
1391259,Malaga,535,35,Francisco Montero,https://media.api-sports.io/football/players/35.png,90.0,20,D,6.2,False,False,0,0.0,69.0,57,0,0,0,0,,,,,1.0,7.0,1.0,,,,2.0,,,1.0,,,,,
1391259,Malaga,535,122574,Victor Garcia Marin,https://media.api-sports.io/football/players/122574.png,82.0,14,D,6.2,False,False,0,0.0,30.0,24,0,0,0,0,,,,,,2.0,,,,,1.0,,,1.0,,,,,
1391259,Malaga,535,394372,Izan Merino,https://media.api-sports.io/football/players/394372.png,90.0,29,M,6.9,False,False,0,0.0,31.0,29,0,0,0,0,,,,,,2.0,2.0,,,1.0,,1.0,,,,,,,
1391259,Malaga,535,47491,Luismi,https://media.api-sports.io/football/players/47491.png,21.0,19,M,6.9,False,False,0,0.0,14.0,10,0,0,0,0,,,2.0,,1.0,5.0,3.0,,,1.0,1.0,,,1.0,,,,,
1391259,Malaga,535,190253,David Larrubia,https://media.api-sports.io/football/players/190253.png,90.0,10,M,7.3,False,False,0,0.0,28.0,24,0,0,0,0,,1.0,7.0,1.0,1.0,18.0,11.0,8.0,3.0,1.0,,3.0,1.0,,,,,,
1391259,Malaga,535,162034,Carlos Dotor,https://media.api-sports.io/football/players/162034.png,56.0,12,M,6.3,False,False,0,0.0,36.0,28,0,0,0,0,,1.0,,,,1.0,1.0,,,,,,,,,,,,
1391259,Malaga,535,182602,Julen Lobete,https://media.api-sports.io/football/players/182602.png,57.0,24,M,6.2,False,False,0,0.0,17.0,13,0,0,0,0,,,1.0,,,8.0,4.0,4.0,2.0,1.0,,,,,,,,,
1391259,Malaga,535,386850,Adrián Niño,https://media.api-sports.io/football/players/386850.png,89.0,21,F,7,False,False,0,0.0,15.0,13,0,0,0,0,,,,,,12.0,1.0,1.0,,,1.0,1.0,1.0,,1.0,1.0,,,
1391259,Malaga,535,337523,Dani Lorenzo,https://media.api-sports.io/football/players/337523.png,70.0,22,M,6.7,False,True,0,0.0,31.0,27,0,0,0,0,,2.0,,,2.0,7.0,1.0,1.0,1.0,,1.0,,,,,,,,
1391259,Malaga,535,185234,Diego Murillo,https://media.api-sports.io/football/players/185234.png,45.0,16,D,6.3,False,True,0,0.0,19.0,16,0,0,0,0,,,,,1.0,4.0,1.0,,,,,,,1.0,,,,,
1391259,Malaga,535,60,Joaquín Muñoz,https://media.api-sports.io/football/players/60.png,35.0,11,F,6.6,False,True,0,0.0,10.0,5,1,0,0,0,,,1.0,,1.0,6.0,3.0,1.0,,2.0,1.0,,,,,,,,
1391259,Malaga,535,376401,Chupete,https://media.api-sports.io/football/players/376401.png,34.0,27,F,6.2,False,True,0,0.0,7.0,4,0,0,0,0,,1.0,,,1.0,1.0,,,,,,2.0,1.0,1.0,,,,,
1391259,Malaga,535,107193,Daniel Sánchez,https://media.api-sports.io/football/players/107193.png,9.0,18,D,7.2,False,True,0,0.0,8.0,6,0,0,0,0,,1.0,,,,,,,,,,,,,,,,,
1391259,Malaga,535,335221,Rafa Rodriguez,https://media.api-sports.io/football/players/335221.png,1.0,37,M,,False,True,0,0.0,1.0,1,0,0,0,0,,,,,,1.0,,1.0,,,,,,,,,,,
1391259,Malaga,535,344746,Carlos Lopez,https://media.api-sports.io/football/players/344746.png,,13,G,,False,True,0,,,,0,0,0,0,,,,,,,,,,,,,,,,,,,
1391259,Malaga,535,286594,Andres Cespedes,https://media.api-sports.io/football/players/286594.png,,30,G,,False,True,0,,,,0,0,0,0,,,,,,,,,,,,,,,,,,,
1391259,Malaga,535,14470,Einar Galilea,https://media.api-sports.io/football/players/14470.png,,4,D,,False,True,0,,,,0,0,0,0,,,,,,,,,,,,,,,,,,,
1391259,Malaga,535,182658,Jokin Gabilondo,https://media.api-sports.io/football/players/182658.png,,2,D,,False,True,0,,,,0,0,0,0,,,,,,,,,,,,,,,,,,,
1391259,Malaga,535,444451,Aarón Ochoa,https://media.api-sports.io/football/players/444451.png,,35,M,,False,True,0,,,,0,0,0,0,,,,,,,,,,,,,,,,,,,
1391259,Malaga,535,182786,Juanpe,https://media.api-sports.io/football/players/182786.png,,8,M,,False,True,0,,,,0,0,0,0,,,,,,,,,,,,,,,,,,,
1391259,Eibar,545,178932,Jon Mikel Magunagoitia,https://media.api-sports.io/football/players/178932.png,90.0,13,G,6.9,False,False,1,0.0,37.0,28,0,0,0,0,0.0,,,,,1.0,1.0,,,,,,,,,,3.0,,
1391259,Eibar,545,181866,Sergio Cubero,https://media.api-sports.io/football/players/181866.png,90.0,2,D,6.3,False,False,0,0.0,24.0,17,1,0,0,0,,,2.0,,2.0,12.0,7.0,1.0,,2.0,2.0,,,,,,,,
1391259,Eibar,545,162138,Marco Moreno,https://media.api-sports.io/football/players/162138.png,90.0,21,D,6.9,False,False,0,0.0,45.0,38,0,0,0,0,,,1.0,,1.0,4.0,3.0,,,,,,,,,,,,
1391259,Eibar,545,47377,Anaitz Arbilla,https://media.api-sports.io/football/players/47377.png,90.0,23,D,7.7,True,False,0,0.0,62.0,50,0,0,0,0,,,3.0,1.0,1.0,8.0,8.0,,,,,1.0,,,,,,,
1391259,Eibar,545,279104,Leonardo Buta,https://media.api-sports.io/football/players/279104.png,84.0,24,D,6.3,False,False,0,0.0,22.0,13,0,0,0,0,,1.0,3.0,,2.0,14.0,6.0,3.0,,2.0,,,,2.0,,,,,
1391259,Eibar,545,47286,Peru Nolaskoain Esnal,https://media.api-sports.io/football/players/47286.png,90.0,8,M,6.2,False,False,0,0.0,42.0,32,0,0,0,0,,,1.0,,4.0,6.0,4.0,,,,,1.0,,2.0,,,,,
1391259,Eibar,545,336557,Aleix Garrido,https://media.api-sports.io/football/players/336557.png,76.0,30,M,7.9,False,False,0,1.0,37.0,34,0,0,0,0,,2.0,,,1.0,5.0,1.0,,,1.0,1.0,1.0,1.0,1.0,,,,,
1391259,Eibar,545,46929,José Corpas,https://media.api-sports.io/football/players/46929.png,84.0,17,M,7,False,False,0,0.0,21.0,14,1,0,0,0,,,3.0,,,12.0,7.0,2.0,2.0,2.0,2.0,,,1.0,,,,,
1391259,Eibar,545,287652,Jon Magunazelaia,https://media.api-sports.io/football/players/287652.png,90.0,11,M,6.9,False,False,0,0.0,21.0,14,0,0,0,0,,,1.0,,,6.0,5.0,1.0,1.0,1.0,1.0,1.0,,,,,,,
1391259,Eibar,545,183735,Jon Guruzeta,https://media.api-sports.io/football/players/183735.png,85.0,10,M,7,False,False,0,0.0,23.0,18,0,0,0,0,,,2.0,,,4.0,3.0,,,,1.0,1.0,1.0,,,,,,
1391259,Eibar,545,179153,Javier Martón,https://media.api-sports.io/football/players/179153.png,75.0,20,F,7.5,False,False,0,0.0,3.0,3,0,0,0,0,,,,,,3.0,1.0,,,1.0,,1.0,1.0,,3.0,1.0,,,
1391259,Eibar,545,46660,Javi Martínez,https://media.api-sports.io/football/players/46660.png,16.0,5,M,6.9,False,True,0,0.0,7.0,5,0,0,0,0,,1.0,,1.0,,2.0,2.0,,,1.0,,,,,,,,,
1391259,Eibar,545,47385,Sergio Álvarez,https://media.api-sports.io/football/players/47385.png,15.0,6,M,6.6,False,True,0,0.0,8.0,8,0,0,0,0,,,1.0,,,1.0,1.0,,,,,,,,,,,,
1391259,Eibar,545,387997,Hodei Arrillaga,https://media.api-sports.io/football/players/387997.png,14.0,3,D,6.6,False,True,0,0.0,4.0,4,0,0,0,0,,,,,,1.0,,,,,,,,1.0,,,,,
1391259,Eibar,545,122789,Álvaro Rodríguez,https://media.api-sports.io/football/players/122789.png,13.0,22,D,6.6,False,True,0,0.0,5.0,2,0,0,0,0,,,,,,1.0,1.0,1.0,1.0,,,,,,,,,,
1391259,Eibar,545,107217,Xeber Alkain,https://media.api-sports.io/football/players/107217.png,13.0,7,F,6.7,False,True,0,0.0,3.0,1,0,0,0,0,,,,,1.0,1.0,1.0,1.0,1.0,,,,,,,,,,
1391259,Eibar,545,131492,Aritz Arambarri,https://media.api-sports.io/football/players/131492.png,1.0,4,D,,False,True,0,0.0,1.0,,0,0,0,0,,,,,,,,,,,,,,,,,,,
1391259,Eibar,545,162529,Luis López,https://media.api-sports.io/football/players/162529.png,,1,G,,False,True,0,,,,0,0,0,0,,,,,,,,,,,,,,,,,,,
1391259,Eibar,545,486498,Oier Llorente,https://media.api-sports.io/football/players/486498.png,,34,M,,False,True,0,,,,0,0,0,0,,,,,,,,,,,,,,,,,,,
1391259,Eibar,545,47492,Toni Villa,https://media.api-sports.io/football/players/47492.png,,19,F,,False,True,0,,,,0,0,0,0,,,,,,,,,,,,,,,,,,,
1391259,Eibar,545,489567,Jonlo,https://media.api-sports.io/football/players/489567.png,,31,M,,False,True,0,,,,0,0,0,0,,,,,,,,,,,,,,,,,,,
1391259,Eibar,545,486494,Hugo García,https://media.api-sports.io/football/players/486494.png,,27,F,,False,True,0,,,,0,0,0,0,,,,,,,,,,,,,,,,,,,
1391253,Granada CF,715,732,Luca Zidane,https://media.api-sports.io/football/players/732.png,90.0,1,G,6.5,False,False,3,0.0,37.0,30,0,0,0,0,0.0,,,,,,,,,,,,,,,,4.0,,
1391253,Granada CF,715,440194,Oscar Naasei Oppong,https://media.api-sports.io/football/players/440194.png,84.0,28,D,6.9,False,False,0,0.0,25.0,21,0,0,0,0,,,4.0,,1.0,10.0,7.0,1.0,1.0,,,2.0,,,,,,,
1391253,Granada CF,715,162545,Manuel Lama Maroto,https://media.api-sports.io/football/players/162545.png,66.0,5,D,5.7,False,False,0,0.0,36.0,31,2,1,0,0,,,,,1.0,2.0,1.0,,,1.0,1.0,,,,,,,,
1391253,Granada CF,715,323816,Loïc Williams,https://media.api-sports.io/football/players/323816.png,90.0,24,D,6.7,False,False,0,0.0,70.0,55,0,0,0,0,,,,1.0,2.0,7.0,4.0,,,2.0,,,,,,,,,
1391253,Granada CF,715,275959,Baïla Diallo,https://media.api-sports.io/football/players/275959.png,90.0,22,D,6,False,False,0,0.0,28.0,21,0,0,0,0,,,,,1.0,7.0,5.0,2.0,2.0,2.0,1.0,1.0,,,,,,,
1391253,Granada CF,715,190530,Pablo Sáenz,https://media.api-sports.io/football/players/190530.png,90.0,21,M,6.3,False,False,0,0.0,26.0,17,1,0,0,0,,3.0,3.0,,1.0,7.0,4.0,,,1.0,1.0,1.0,,2.0,,,,,
1391253,Granada CF,715,1705,Manu Trigueros,https://media.api-sports.io/football/players/1705.png,55.0,14,M,6.2,True,False,0,0.0,30.0,24,0,0,0,0,,1.0,1.0,,,8.0,1.0,,,,3.0,,,2.0,,,,,
1391253,Granada CF,715,63542,Martin Hongla,https://media.api-sports.io/football/players/63542.png,90.0,18,M,7.3,False,False,0,0.0,34.0,27,0,0,0,0,,1.0,1.0,,,17.0,9.0,5.0,4.0,1.0,2.0,1.0,1.0,1.0,,1.0,,,
1391253,Granada CF,715,403498,Sergio Rodelas,https://media.api-sports.io/football/players/403498.png,72.0,26,M,6.3,False,False,0,1.0,13.0,9,0,0,0,0,,2.0,1.0,,,7.0,1.0,,,,,1.0,1.0,,,,,,
1391253,Granada CF,715,70339,Shon Weissman,https://media.api-sports.io/football/players/70339.png,90.0,9,F,6.3,False,False,0,0.0,8.0,7,0,0,0,0,,,2.0,,,12.0,4.0,1.0,,1.0,,1.0,,1.0,,,,,
1391253,Granada CF,715,46740,Stoichkov,https://media.api-sports.io/football/players/46740.png,72.0,10,F,6.7,False,False,0,0.0,13.0,6,0,0,0,0,,2.0,3.0,,,7.0,4.0,,,,1.0,,,,1.0,,,,
1391253,Granada CF,715,122756,Sergio Ruiz Alonso,https://media.api-sports.io/football/players/122756.png,36.0,20,M,7,False,True,0,0.0,27.0,25,0,0,0,0,,1.0,1.0,,,5.0,3.0,1.0,,2.0,,1.0,,,,,,,
1391253,Granada CF,715,90646,Pablo Insua,https://media.api-sports.io/football/players/90646.png,19.0,4,D,6,False,True,0,0.0,12.0,11,0,0,0,0,,,,1.0,,,,,,,,,,,,,,,
1391253,Granada CF,715,527134,Mario Jimenez Gambin,https://media.api-sports.io/football/players/527134.png,19.0,27,M,6.7,False,True,0,0.0,6.0,6,0,0,0,0,,,1.0,,,4.0,1.0,,,,,,,2.0,,,,,
1391253,Granada CF,715,486298,Samu Cortes,https://media.api-sports.io/football/players/486298.png,14.0,33,F,6.3,False,True,0,0.0,3.0,3,0,0,0,0,,,,,,1.0,,1.0,,,,,,,,,,,
1391253,Granada CF,715,336653,Ander Astralaga,https://media.api-sports.io/football/players/336653.png,,13,G,,False,True,0,,,,0,0,0,0,,,,,,,,,,,,,,,,,,,
1391253,Granada CF,715,443667,Seydou Fall,https://media.api-sports.io/football/players/443667.png,,29,D,,False,True,0,,,,0,0,0,0,,,,,,,,,,,,,,,,,,,
1391253,Granada CF,715,439702,Pere Haro,https://media.api-sports.io/football/players/439702.png,,32,D,,False,True,0,,,,0,0,0,0,,,,,,,,,,,,,,,,,,,
1391253,Granada CF,715,491966,Dominique Moubeke,https://media.api-sports.io/football/players/491966.png,,31,M,,False,True,0,,,,0,0,0,0,,,,,,,,,,,,,,,,,,,
1391253,Granada CF,715,345563,Gael Akogo Esono,https://media.api-sports.io/football/players/345563.png,,30,M,,False,True,0,,,,0,0,0,0,,,,,,,,,,,,,,,,,,,
1391253,Deportivo La Coruna,544,105015,Germán Parreño,https://media.api-sports.io/football/players/105015.png,90.0,1,G,6.3,False,False,1,0.0,40.0,27,0,0,0,0,0.0,,,,,,,,,,,,,,,,1.0,,
1391253,Deportivo La Coruna,544,47190,Miguel Loureiro,https://media.api-sports.io/football/players/47190.png,90.0,15,D,6.9,False,False,0,0.0,45.0,40,0,0,0,0,,,4.0,1.0,,9.0,5.0,,,,1.0,,,,,,,,
1391253,Deportivo La Coruna,544,162695,Arnau Comas,https://media.api-sports.io/football/players/162695.png,76.0,3,D,6.9,False,False,0,0.0,56.0,48,0,0,0,0,,,,1.0,1.0,2.0,2.0,,,1.0,,,,,,,,,
1391253,Deportivo La Coruna,544,299763,Dani Barcia,https://media.api-sports.io/football/players/299763.png,90.0,5,D,6.7,False,False,0,0.0,62.0,55,0,0,0,0,,,2.0,,1.0,10.0,7.0,1.0,,,,,,1.0,,,,,
1391253,Deportivo La Coruna,544,2040,Sergio Escudero,https://media.api-sports.io/football/players/2040.png,90.0,18,D,7.7,False,False,0,0.0,32.0,29,0,0,0,0,,2.0,,1.0,2.0,5.0,1.0,,,,1.0,1.0,1.0,1.0,,1.0,,,
1391253,Deportivo La Coruna,544,182988,Diego Villares,https://media.api-sports.io/football/players/182988.png,76.0,8,M,6.9,True,False,0,0.0,22.0,17,0,0,0,0,,1.0,2.0,,,8.0,4.0,1.0,,1.0,,,,1.0,,,,,
1391253,Deportivo La Coruna,544,67940,José Gragera,https://media.api-sports.io/football/players/67940.png,90.0,16,M,6.9,False,False,0,0.0,50.0,45,0,0,0,0,,,1.0,2.0,2.0,10.0,5.0,,,1.0,3.0,1.0,,1.0,,,,,
1391253,Deportivo La Coruna,544,188445,Luismi Cruz,https://media.api-sports.io/football/players/188445.png,61.0,19,M,6.9,False,False,0,1.0,15.0,12,0,0,0,0,,2.0,1.0,,1.0,5.0,2.0,,,1.0,1.0,,,1.0,,,,,
1391253,Deportivo La Coruna,544,161965,Mario Soriano,https://media.api-sports.io/football/players/161965.png,84.0,21,M,7.9,False,False,0,0.0,42.0,35,0,0,0,0,,1.0,2.0,,2.0,6.0,4.0,2.0,1.0,1.0,,2.0,1.0,,,1.0,,,
1391253,Deportivo La Coruna,544,295880,Yeremay Hernández,https://media.api-sports.io/football/players/295880.png,90.0,10,M,6.3,False,False,0,0.0,29.0,25,1,0,0,0,,2.0,,,,17.0,6.0,14.0,5.0,1.0,1.0,3.0,2.0,,2.0,,,,
1391253,Deportivo La Coruna,544,37616,Zakaria Eddahchouri,https://media.api-sports.io/football/players/37616.png,61.0,9,F,7.9,False,False,0,1.0,10.0,5,1,0,0,0,,1.0,,,,5.0,2.0,,,,2.0,3.0,2.0,,1.0,1.0,,,
1391253,Deportivo La Coruna,544,335720,David Mella,https://media.api-sports.io/football/players/335720.png,30.0,11,F,7,False,True,0,0.0,9.0,7,0,0,0,0,,1.0,2.0,,,7.0,5.0,2.0,2.0,1.0,,1.0,1.0,1.0,,,,,
1391253,Deportivo La Coruna,544,96324,Mohamed Bouldini,https://media.api-sports.io/football/players/96324.png,30.0,22,F,6.6,False,True,0,0.0,6.0,3,0,0,0,0,,,1.0,,,6.0,4.0,,,2.0,1.0,1.0,,1.0,,,,,
1391253,Deportivo La Coruna,544,47360,Ximo Navarro,https://media.api-sports.io/football/players/47360.png,15.0,23,D,6.6,False,True,0,0.0,7.0,6,0,0,0,0,,,,,,,,,,,,,,,,,,,
1391253,Deportivo La Coruna,544,284466,Charlie Patiño,https://media.api-sports.io/football/players/284466.png,15.0,28,M,7.2,False,True,0,0.0,22.0,19,0,0,0,0,,,2.0,,1.0,3.0,3.0,,,,,,,,,,,,
1391253,Deportivo La Coruna,544,47180,Cristian Herrera,https://media.api-sports.io/football/players/47180.png,14.0,17,F,6.5,False,True,0,0.0,7.0,7,0,0,0,0,,3.0,,,1.0,1.0,,,,,1.0,1.0,,,,,,,
1391253,Deportivo La Coruna,544,44775,Daniel Bachmann,https://media.api-sports.io/football/players/44775.png,,25,G,,False,True,0,,,,0,0,0,0,,,,,,,,,,,,,,,,,,,
1391253,Deportivo La Coruna,544,319512,Lucas Noubi,https://media.api-sports.io/football/players/319512.png,,4,D,,False,True,0,,,,0,0,0,0,,,,,,,,,,,,,,,,,,,
1391253,Deportivo La Coruna,544,451815,Samu Fernandez,https://media.api-sports.io/football/players/451815.png,,27,D,,False,True,0,,,,0,0,0,0,,,,,,,,,,,,,,,,,,,
1391253,Deportivo La Coruna,544,340635,Rubén López,https://media.api-sports.io/football/players/340635.png,,35,M,,False,True,0,,,,0,0,0,0,,,,,,,,,,,,,,,,,,,
1391253,Deportivo La Coruna,544,127025,Giacomo Quagliata,https://media.api-sports.io/football/players/127025.png,,12,D,,False,True,0,,,,0,0,0,0,,,,,,,,,,,,,,,,,,,
1391257,Real Sociedad II,9585,337843,Aitor Fraga,https://media.api-sports.io/football/players/337843.png,90.0,1,G,8,False,False,0,0.0,35.0,27,0,0,0,0,0.0,,,,,,,,,,,,,,,,5.0,,
1391257,Real Sociedad II,9585,287653,Alberto Dadie,https://media.api-sports.io/football/players/287653.png,90.0,22,D,7,False,False,0,0.0,19.0,12,0,0,0,0,,,3.0,,1.0,13.0,5.0,4.0,1.0,1.0,3.0,,,1.0,,,,,
1391257,Real Sociedad II,9585,349063,Luken Beitia,https://media.api-sports.io/football/players/349063.png,90.0,4,D,7,False,False,0,0.0,31.0,25,0,0,0,0,,,,1.0,3.0,5.0,2.0,,,1.0,2.0,,,,,,,,
1391257,Real Sociedad II,9585,197209,Peru Rodríguez,https://media.api-sports.io/football/players/197209.png,70.0,5,D,7.6,True,False,0,0.0,44.0,38,0,0,0,0,,,3.0,1.0,3.0,7.0,6.0,,,,,,,,,,,,
1391257,Real Sociedad II,9585,332643,Unax Agote,https://media.api-sports.io/football/players/332643.png,90.0,23,D,6.3,False,False,0,0.0,34.0,24,0,0,0,0,,,1.0,1.0,1.0,17.0,4.0,2.0,,2.0,1.0,,,4.0,,,,,
1391257,Real Sociedad II,9585,454301,Tomy Carbonell,https://media.api-sports.io/football/players/454301.png,90.0,14,M,7,False,False,0,0.0,33.0,25,1,0,0,0,,1.0,1.0,2.0,1.0,10.0,4.0,,,2.0,3.0,,,2.0,,,,,
1391257,Real Sociedad II,9585,389022,Mikel Rodriguez,https://media.api-sports.io/football/players/389022.png,63.0,8,M,6.3,False,False,0,0.0,27.0,20,1,0,0,0,,,2.0,,1.0,15.0,5.0,1.0,,2.0,3.0,,,3.0,,,,,
1391257,Real Sociedad II,9585,387139,Job Ochieng,https://media.api-sports.io/football/players/387139.png,84.0,11,M,7.7,False,False,0,0.0,5.0,5,0,0,0,0,,,,,,4.0,,,,,1.0,1.0,1.0,1.0,,1.0,,,
1391257,Real Sociedad II,9585,441218,Gorka Gorosabel,https://media.api-sports.io/football/players/441218.png,83.0,16,M,6.9,False,False,0,1.0,24.0,16,1,0,0,0,,1.0,,,,9.0,1.0,1.0,,1.0,3.0,2.0,1.0,1.0,,,,,
1391257,Real Sociedad II,9585,354741,Ekain Orobengoa,https://media.api-sports.io/football/players/354741.png,90.0,9,M,6.3,False,False,0,0.0,9.0,6,0,0,0,0,,,1.0,,1.0,12.0,2.0,4.0,,,2.0,,,,,,,,
1391257,Real Sociedad II,9585,402168,Arkaitz Mariezkurrena,https://media.api-sports.io/football/players/402168.png,63.0,10,F,5.9,False,False,0,0.0,15.0,11,1,0,0,0,,,1.0,,,13.0,2.0,1.0,,1.0,5.0,,,3.0,,,,,
1391257,Real Sociedad II,9585,353634,Alex Lebarbier,https://media.api-sports.io/football/players/353634.png,28.0,6,M,6.9,False,True,0,0.0,9.0,5,0,0,0,0,,,1.0,,,1.0,1.0,,,,,,,,,,,,
1391257,Real Sociedad II,9585,403561,Gorka  Carrera Zarranz,https://media.api-sports.io/football/players/403561.png,28.0,18,F,6.2,False,True,0,0.0,8.0,5,0,0,0,0,,,,,,4.0,,1.0,,,1.0,,,,,,,,
1391257,Real Sociedad II,9585,410841,Kazunari Kita,https://media.api-sports.io/football/players/410841.png,21.0,15,D,6.9,False,True,0,0.0,6.0,4,0,0,0,0,,,1.0,,,1.0,1.0,,,,,,,,,,,,
1391257,Real Sociedad II,9585,445881,Lander Astiazaran,https://media.api-sports.io/football/players/445881.png,13.0,17,M,6.6,False,True,0,0.0,1.0,1,0,0,0,0,,,1.0,,,1.0,1.0,,,,,,,,,,,,
1391257,Real Sociedad II,9585,438270,Jon Eceizabarrena,https://media.api-sports.io/football/players/438270.png,12.0,30,M,6.6,False,True,0,0.0,1.0,1,0,0,0,0,,,,,,1.0,1.0,,,1.0,,,,,,,,,
1391257,Real Sociedad II,9585,189831,Egoitz Arana,https://media.api-sports.io/football/players/189831.png,,13,G,,False,True,0,,,,0,0,0,0,,,,,,,,,,,,,,,,,,,
1391257,Real Sociedad II,9585,431160,Theo Folgado,https://media.api-sports.io/football/players/431160.png,,32,G,,False,True,0,,,,0,0,0,0,,,,,,,,,,,,,,,,,,,
1391257,Real Sociedad II,9585,349312,Ekain Diaz,https://media.api-sports.io/football/players/349312.png,,28,D,,False,True,0,,,,0,0,0,0,,,,,,,,,,,,,,,,,,,
1391257,Real Sociedad II,9585,412738,Dani Díaz,https://media.api-sports.io/football/players/412738.png,,7,F,,False,True,0,,,,0,0,0,0,,,,,,,,,,,,,,,,,,,
1391257,Real Sociedad II,9585,404776,Dario Ramirez,https://media.api-sports.io/football/players/404776.png,,26,F,,False,True,0,,,,0,0,0,0,,,,,,,,,,,,,,,,,,,
1391257,Real Sociedad II,9585,438271,Jon Garro,https://media.api-sports.io/football/players/438271.png,,29,M,,False,True,0,,,,0,0,0,0,,,,,,,,,,,,,,,,,,,
1391257,Zaragoza,732,163060,Adrián Rodríguez,https://media.api-sports.io/football/players/163060.png,90.0,13,G,7.2,False,False,1,0.0,18.0,16,0,0,0,0,0.0,,,,,,,,,,,,,,,,1.0,,
1391257,Zaragoza,732,161843,Juan Sebastian Serrano,https://media.api-sports.io/football/players/161843.png,90.0,2,D,7.2,False,False,0,0.0,39.0,35,0,0,0,0,,1.0,7.0,,1.0,11.0,8.0,,,1.0,2.0,2.0,,,,,,,
1391257,Zaragoza,732,47026,Carlos Pomares,https://media.api-sports.io/football/players/47026.png,90.0,15,D,7.2,False,False,0,0.0,71.0,66,0,0,0,0,,,1.0,,2.0,6.0,5.0,,,1.0,,,,,,,,,
1391257,Zaragoza,732,20660,Aleksandar Radovanović,https://media.api-sports.io/football/players/20660.png,57.0,16,D,6.3,False,False,0,0.0,32.0,28,1,0,0,0,,,1.0,,,6.0,4.0,,,1.0,2.0,1.0,,,,,,,
1391257,Zaragoza,732,184362,Dani Tasende,https://media.api-sports.io/football/players/184362.png,90.0,3,D,6.7,False,False,0,0.0,39.0,25,0,0,0,0,,,2.0,,,10.0,5.0,2.0,,2.0,3.0,,,,,,,,
1391257,Zaragoza,732,162249,Francho Serrano,https://media.api-sports.io/football/players/162249.png,90.0,14,M,7,True,False,0,0.0,52.0,41,0,0,0,0,,1.0,2.0,,,5.0,5.0,,,1.0,,,,,,,,,
1391257,Zaragoza,732,47057,Raúl Guti,https://media.api-sports.io/football/players/47057.png,90.0,10,M,7.5,False,False,0,0.0,47.0,43,0,0,0,0,,,4.0,,1.0,11.0,9.0,,,5.0,1.0,,,1.0,,,,,
1391257,Zaragoza,732,47369,Paulino de la Fuente,https://media.api-sports.io/football/players/47369.png,88.0,18,M,7.9,False,False,0,0.0,41.0,31,0,0,0,0,,2.0,2.0,,1.0,26.0,17.0,11.0,6.0,3.0,1.0,1.0,1.0,,1.0,,,,
1391257,Zaragoza,732,46768,Ager Aketxe,https://media.api-sports.io/football/players/46768.png,71.0,23,M,7.3,False,False,0,0.0,30.0,24,0,0,0,0,,2.0,1.0,,,11.0,7.0,3.0,3.0,2.0,1.0,3.0,2.0,,,,,,
1391257,Zaragoza,732,104894,Sebas Moyano,https://media.api-sports.io/football/players/104894.png,90.0,17,M,6.3,False,False,0,0.0,15.0,12,1,0,0,0,,1.0,,,,10.0,7.0,2.0,1.0,5.0,1.0,3.0,2.0,,,,,,
1391257,Zaragoza,732,119232,Dani Gómez,https://media.api-sports.io/football/players/119232.png,57.0,9,F,6.5,False,False,0,0.0,7.0,3,0,0,0,0,,,,,,7.0,4.0,5.0,4.0,,,1.0,,,,,,,
1391257,Zaragoza,732,93988,Ivan Calero,https://media.api-sports.io/football/players/93988.png,34.0,19,D,6.6,False,True,0,0.0,24.0,18,0,0,0,0,,2.0,1.0,,,2.0,2.0,,,,,,,,,,,,
1391257,Zaragoza,732,118129,Mario Soberón,https://media.api-sports.io/football/players/118129.png,34.0,7,F,6.5,False,True,0,0.0,,,0,0,0,0,,,,,,3.0,1.0,2.0,,,1.0,2.0,,,,,,,
1391257,Zaragoza,732,406267,Pau Sans,https://media.api-sports.io/football/players/406267.png,20.0,29,F,6.9,False,True,0,0.0,10.0,6,0,0,0,0,,,1.0,,1.0,4.0,4.0,1.0,1.0,2.0,,,,,,,,,
1391257,Zaragoza,732,314377,Samed Baždar,https://media.api-sports.io/football/players/314377.png,8.0,11,F,6.5,False,True,0,0.0,,,0,0,0,0,,,,,,1.0,,,,,,,,,,,,,
1391257,Zaragoza,732,198387,Carlos Calavia,https://media.api-sports.io/football/players/198387.png,,40,G,,False,True,0,,,,0,0,0,0,,,,,,,,,,,,,,,,,,,
1391257,Zaragoza,732,335222,Manuel Obón,https://media.api-sports.io/football/players/335222.png,,35,G,,False,True,0,,,,0,0,0,0,,,,,,,,,,,,,,,,,,,
1391257,Zaragoza,732,439419,Hugo Barrachina,https://media.api-sports.io/football/players/439419.png,,32,D,,False,True,0,,,,0,0,0,0,,,,,,,,,,,,,,,,,,,
1391257,Zaragoza,732,47,Toni Moya,https://media.api-sports.io/football/players/47.png,,8,M,,False,True,0,,,,0,0,0,0,,,,,,,,,,,,,,,,,,,
1391257,Zaragoza,732,451595,Yussif Saidu,https://media.api-sports.io/football/players/451595.png,,33,M,,False,True,0,,,,0,0,0,0,,,,,,,,,,,,,,,,,,,
1391257,Zaragoza,732,468969,Hugo Pinilla,https://media.api-sports.io/football/players/468969.png,,31,M,,False,True,0,,,,0,0,0,0,,,,,,,,,,,,,,,,,,,
1391255,Cadiz,724,337963,Victor Wehbi Aznar,https://media.api-sports.io/football/players/337963.png,90.0,13,G,6.9,False,False,0,0.0,20.0,20,0,0,0,0,0.0,,,,,1.0,1.0,,,1.0,,,,,,,,,
1391255,Cadiz,724,47100,Iza Carcelén,https://media.api-sports.io/football/players/47100.png,90.0,20,D,8.9,False,False,0,1.0,94.0,84,0,0,0,0,,4.0,,,,3.0,2.0,1.0,1.0,1.0,1.0,,,,,,,,
1391255,Cadiz,724,335921,Bojan Kovačević,https://media.api-sports.io/football/players/335921.png,90.0,14,D,7.2,False,False,0,0.0,76.0,71,0,0,0,0,,,,,2.0,3.0,3.0,,,,,,,,,,,,
1391255,Cadiz,724,162135,Iker Recio,https://media.api-sports.io/football/players/162135.png,90.0,6,D,8,False,False,0,0.0,82.0,66,0,0,0,0,,,1.0,,,11.0,11.0,,,,,,,,,,,,
1391255,Cadiz,724,297745,Mario Climent,https://media.api-sports.io/football/players/297745.png,90.0,21,D,6.3,False,False,0,0.0,49.0,45,1,0,0,0,,2.0,2.0,,2.0,7.0,2.0,,,,2.0,,,1.0,1.0,,,,
1391255,Cadiz,724,386491,Jose Antonio de la Rosa,https://media.api-sports.io/football/players/386491.png,89.0,19,M,6.7,False,False,0,0.0,20.0,16,0,0,0,0,,2.0,1.0,,,12.0,4.0,3.0,1.0,2.0,1.0,2.0,,,,,,,
1391255,Cadiz,724,353463,Moussa Diakité,https://media.api-sports.io/football/players/353463.png,90.0,5,M,7.2,False,False,0,0.0,51.0,48,0,0,0,0,,1.0,1.0,,1.0,4.0,3.0,2.0,2.0,,,1.0,,,,,,,
1391255,Cadiz,724,183853,Youssouf Diarra,https://media.api-sports.io/football/players/183853.png,90.0,18,M,6.9,False,False,0,0.0,40.0,34,1,0,0,0,,2.0,3.0,,1.0,14.0,7.0,1.0,1.0,1.0,4.0,3.0,,,,,,,
1391255,Cadiz,724,46832,Javier Ontiveros,https://media.api-sports.io/football/players/46832.png,67.0,22,M,7.5,False,False,0,0.0,40.0,29,0,0,0,0,,2.0,,,,5.0,4.0,2.0,1.0,1.0,,4.0,1.0,,1.0,,,,
1391255,Cadiz,724,1650,Suso,https://media.api-sports.io/football/players/1650.png,80.0,11,F,7.2,True,False,0,0.0,40.0,36,0,0,0,0,,5.0,,,,8.0,3.0,2.0,,3.0,2.0,,,,,,,,
1391255,Cadiz,724,486472,Alvaro Garcia-Pascual,https://media.api-sports.io/football/players/486472.png,80.0,23,F,7.2,False,False,0,0.0,10.0,8,1,0,0,0,,,1.0,,,6.0,3.0,,,,2.0,4.0,2.0,,,1.0,,,
1391255,Cadiz,724,51588,Brian Ocampo,https://media.api-sports.io/football/players/51588.png,24.0,10,F,6.3,False,True,0,0.0,12.0,8,0,0,0,0,,1.0,1.0,,,4.0,2.0,2.0,1.0,,1.0,1.0,,,,,,,
1391255,Cadiz,724,46769,Álex Fernández,https://media.api-sports.io/football/players/46769.png,11.0,8,M,6.3,False,True,0,0.0,7.0,6,0,0,0,0,,,,,,2.0,,,,,1.0,,,,,,,,
1391255,Cadiz,724,47471,Roger Martí,https://media.api-sports.io/football/players/47471.png,11.0,9,F,6.7,False,True,0,0.0,1.0,,0,0,0,0,,,,,,1.0,1.0,,,,,,,,,,,,
1391255,Cadiz,724,381598,Isaac Obeng,https://media.api-sports.io/football/players/381598.png,1.0,35,F,,False,True,0,0.0,2.0,1,0,0,0,0,,,,,,,,,,,,,,,,,,,
1391255,Cadiz,724,364357,Fernando Perez,https://media.api-sports.io/football/players/364357.png,,26,G,,False,True,0,,,,0,0,0,0,,,,,,,,,,,,,,,,,,,
1391255,Cadiz,724,311531,Alfred Caicedo,https://media.api-sports.io/football/players/311531.png,,29,D,,False,True,0,,,,0,0,0,0,,,,,,,,,,,,,,,,,,,
1391255,Cadiz,724,184609,Jorge Moreno,https://media.api-sports.io/football/players/184609.png,,2,D,,False,True,0,,,,0,0,0,0,,,,,,,,,,,,,,,,,,,
1391255,Cadiz,724,437972,Raúl Pereira,https://media.api-sports.io/football/players/437972.png,,33,D,,False,True,0,,,,0,0,0,0,,,,,,,,,,,,,,,,,,,
1391255,Cadiz,724,287612,Joaquín González,https://media.api-sports.io/football/players/287612.png,,24,M,,False,True,0,,,,0,0,0,0,,,,,,,,,,,,,,,,,,,
1391255,Cadiz,724,128035,Sergio Ortuño,https://media.api-sports.io/football/players/128035.png,,15,M,,False,True,0,,,,0,0,0,0,,,,,,,,,,,,,,,,,,,
1391255,Cadiz,724,350633,David García,https://media.api-sports.io/football/players/350633.png,,30,M,,False,True,0,,,,0,0,0,0,,,,,,,,,,,,,,,,,,,
1391255,Cadiz,724,336586,Marcos Denia Diaz,https://media.api-sports.io/football/players/336586.png,,28,F,,False,True,0,,,,0,0,0,0,,,,,,,,,,,,,,,,,,,
1391255,Mirandes,799,185611,Juan Palomares,https://media.api-sports.io/football/players/185611.png,90.0,13,G,5.9,False,False,1,0.0,35.0,10,0,0,0,0,0.0,,,,,,,,,,,,,,,,2.0,,
1391255,Mirandes,799,183582,Juan Gutiérrez,https://media.api-sports.io/football/players/183582.png,90.0,22,D,7,True,False,0,0.0,16.0,12,1,0,0,0,,,,3.0,1.0,2.0,1.0,,,,,,,1.0,,,,,
1391255,Mirandes,799,295383,Adrián Pica,https://media.api-sports.io/football/players/295383.png,90.0,5,D,6.9,False,False,0,0.0,19.0,15,0,0,0,0,,,,2.0,3.0,6.0,,1.0,,,1.0,1.0,,1.0,,,,,
1391255,Mirandes,799,442188,Iker Cordoba,https://media.api-sports.io/football/players/442188.png,1.0,24,D,3,False,False,0,0.0,,,0,1,0,0,,,,,,1.0,,,,,1.0,,,,,,,,
1391255,Mirandes,799,162495,Fernando Medrano,https://media.api-sports.io/football/players/162495.png,90.0,3,D,6.7,False,False,0,0.0,24.0,14,0,0,0,0,,,3.0,1.0,1.0,9.0,6.0,,,,3.0,,,,,,,,
1391255,Mirandes,799,286581,Marino Illescas,https://media.api-sports.io/football/players/286581.png,90.0,19,M,7,False,False,0,0.0,38.0,29,0,0,0,0,,,3.0,,1.0,9.0,6.0,1.0,,3.0,2.0,,,,,,,,
1391255,Mirandes,799,455796,Ismael Barea,https://media.api-sports.io/football/players/455796.png,90.0,18,M,7,False,False,0,0.0,28.0,18,1,0,0,0,,,,1.0,,13.0,8.0,,,3.0,1.0,,,1.0,,,,,
1391255,Mirandes,799,489678,Toni Tamarit,https://media.api-sports.io/football/players/489678.png,90.0,27,M,7,False,False,0,0.0,24.0,17,0,0,0,0,,,,,,8.0,3.0,2.0,1.0,2.0,,,,1.0,,,,,
1391255,Mirandes,799,459041,Aarón Martín,https://media.api-sports.io/football/players/459041.png,90.0,8,M,6.2,False,False,0,0.0,12.0,9,0,0,0,0,,,2.0,,1.0,11.0,4.0,,,2.0,,,,1.0,,,,,
1391255,Mirandes,799,354762,Iker Varela,https://media.api-sports.io/football/players/354762.png,90.0,7,M,6.6,False,False,0,0.0,18.0,12,0,0,0,0,,,1.0,1.0,1.0,6.0,5.0,,,4.0,1.0,,,,,,,,
1391255,Mirandes,799,414442,Gonzalo Petit,https://media.api-sports.io/football/players/414442.png,90.0,9,F,6,False,False,0,0.0,16.0,12,0,0,0,0,,,2.0,1.0,,16.0,2.0,,,,,,,2.0,,,,,
1391255,Mirandes,799,208198,Alex González Gorrin,https://media.api-sports.io/football/players/208198.png,,31,G,,False,True,0,,,,0,0,0,0,,,,,,,,,,,,,,,,,,,
1391255,Mirandes,799,510309,Eduard Coniac,https://media.api-sports.io/football/players/510309.png,,43,D,,False,True,0,,,,0,0,0,0,,,,,,,,,,,,,,,,,,,
1391255,Mirandes,799,360611,Hodei Alutiz,https://media.api-sports.io/football/players/360611.png,,36,D,,False,True,0,,,,0,0,0,0,,,,,,,,,,,,,,,,,,,
1391255,Mirandes,799,364367,Hugo Zárate,https://media.api-sports.io/football/players/364367.png,,35,M,,False,True,0,,,,0,0,0,0,,,,,,,,,,,,,,,,,,,
1391255,Mirandes,799,381225,Sergio Gabriel,https://media.api-sports.io/football/players/381225.png,,32,F,,False,True,0,,,,0,0,0,0,,,,,,,,,,,,,,,,,,,
1391255,Mirandes,799,499662,Abdoulaye Maiga,https://media.api-sports.io/football/players/499662.png,,47,D,,False,True,0,,,,0,0,0,0,,,,,,,,,,,,,,,,,,,
1391255,Mirandes,799,401167,Marcos Gracia,https://media.api-sports.io/football/players/401167.png,,41,M,,False,True,0,,,,0,0,0,0,,,,,,,,,,,,,,,,,,,
1396943,Las Palmas,534,1304,Dinko Horkaš,https://media.api-sports.io/football/players/1304.png,90.0,1,G,6.6,False,False,1,0.0,39.0,29,0,0,0,0,0.0,,,,,,,,,,,,,,,,2.0,,
1396943,Las Palmas,534,162026,Marvin Park,https://media.api-sports.io/football/players/162026.png,70.0,2,D,6.7,False,False,0,0.0,46.0,33,0,0,0,0,,,1.0,,1.0,5.0,1.0,1.0,,,2.0,1.0,,1.0,,,,,
1396943,Las Palmas,534,182857,Sergio Barcia,https://media.api-sports.io/football/players/182857.png,90.0,6,D,6,False,False,0,0.0,63.0,54,0,0,0,0,,,1.0,,3.0,5.0,2.0,,,1.0,3.0,,,,,,,,
1396943,Las Palmas,534,162475,Mika Mármol,https://media.api-sports.io/football/players/162475.png,90.0,3,D,6.9,False,False,0,0.0,45.0,38,0,0,0,0,,,3.0,,1.0,7.0,4.0,,,,1.0,,,1.0,1.0,,,,
1396943,Las Palmas,534,131529,Enrique Clemente,https://media.api-sports.io/football/players/131529.png,90.0,5,D,6.6,False,False,0,0.0,35.0,29,0,0,0,0,,1.0,2.0,,3.0,5.0,3.0,1.0,,1.0,1.0,,,,,,,,
1396943,Las Palmas,534,122230,Manuel Fuster,https://media.api-sports.io/football/players/122230.png,79.0,14,M,6.9,False,False,0,1.0,29.0,23,0,0,0,0,,1.0,1.0,,1.0,10.0,6.0,1.0,,4.0,,,,2.0,,,,,
1396943,Las Palmas,534,21709,Enzo Loiodice,https://media.api-sports.io/football/players/21709.png,90.0,12,M,6.2,True,False,0,0.0,38.0,28,0,0,0,0,,,2.0,,2.0,12.0,3.0,1.0,,,2.0,1.0,,1.0,,,,,
1396943,Las Palmas,534,346865,Lorenzo Amatucci,https://media.api-sports.io/football/players/346865.png,79.0,16,M,6.9,False,False,0,0.0,33.0,31,0,0,0,0,,,4.0,,2.0,16.0,9.0,1.0,,5.0,4.0,1.0,,1.0,,,,,
1396943,Las Palmas,534,137441,Cristian Gutiérrez,https://media.api-sports.io/football/players/137441.png,79.0,23,M,6.2,False,False,0,0.0,11.0,11,0,0,0,0,,1.0,,,1.0,5.0,1.0,1.0,,1.0,,,,1.0,,,,,
1396943,Las Palmas,534,330361,Ale García,https://media.api-sports.io/football/players/330361.png,90.0,22,F,7.3,False,False,0,0.0,21.0,15,0,0,0,0,,,1.0,,,7.0,2.0,1.0,,1.0,,1.0,1.0,1.0,2.0,1.0,,,
1396943,Las Palmas,534,182694,Iván Gil,https://media.api-sports.io/football/players/182694.png,83.0,8,F,6.5,False,False,0,0.0,35.0,31,0,0,0,0,,,,,,8.0,2.0,3.0,,2.0,,1.0,,1.0,,,,,
1396943,Las Palmas,534,481993,Valentin Pezzolesi,https://media.api-sports.io/football/players/481993.png,21.0,27,D,5,False,True,0,0.0,9.0,7,2,1,0,0,,,1.0,,,3.0,1.0,,,,2.0,,,,,,,,
1396943,Las Palmas,534,337359,Edward Cedeño,https://media.api-sports.io/football/players/337359.png,12.0,18,M,6.6,False,True,0,0.0,6.0,5,0,0,0,0,,,2.0,,1.0,3.0,2.0,,,,,,,1.0,,,,,
1396943,Las Palmas,534,449817,Jeremía Recoba,https://media.api-sports.io/football/players/449817.png,12.0,9,M,6.6,False,True,0,0.0,8.0,7,0,0,0,0,,3.0,,,,5.0,2.0,1.0,1.0,,,,,,,,,,
1396943,Las Palmas,534,47393,Marc Cardona,https://media.api-sports.io/football/players/47393.png,12.0,11,F,6.3,False,True,0,0.0,3.0,1,0,0,0,0,,,,,,6.0,3.0,1.0,1.0,2.0,,1.0,1.0,1.0,,,,,
1396943,Las Palmas,534,157194,Pejiño,https://media.api-sports.io/football/players/157194.png,8.0,24,F,6.5,False,True,0,0.0,6.0,4,0,0,0,0,,,,1.0,,4.0,,1.0,,,1.0,1.0,,1.0,1.0,,,,
1396943,Las Palmas,534,46698,José Antonio Caro,https://media.api-sports.io/football/players/46698.png,,13,G,,False,True,0,,,,0,0,0,0,,,,,,,,,,,,,,,,,,,
1396943,Las Palmas,534,443146,Adrián Suárez,https://media.api-sports.io/football/players/443146.png,,35,G,,False,True,0,,,,0,0,0,0,,,,,,,,,,,,,,,,,,,
1396943,Las Palmas,534,131535,Alex Suárez,https://media.api-sports.io/football/players/131535.png,,4,D,,False,True,0,,,,0,0,0,0,,,,,,,,,,,,,,,,,,,
1396943,Las Palmas,534,431890,Juanma Herzog,https://media.api-sports.io/football/players/431890.png,,15,D,,False,True,0,,,,0,0,0,0,,,,,,,,,,,,,,,,,,,
1396943,Las Palmas,534,297869,Iñaki González,https://media.api-sports.io/football/players/297869.png,,26,M,,False,True,0,,,,0,0,0,0,,,,,,,,,,,,,,,,,,,
1396943,Las Palmas,534,2671,Jaime Mata,https://media.api-sports.io/football/players/2671.png,,7,F,,False,True,0,,,,0,0,0,0,,,,,,,,,,,,,,,,,,,
1396943,Las Palmas,534,522649,Arturo Rodríguez,https://media.api-sports.io/football/players/522649.png,,37,F,,False,True,0,,,,0,0,0,0,,,,,,,,,,,,,,,,,,,
1396943,FC Andorra,8157,391311,Áron Yaakobishvili,https://media.api-sports.io/football/players/391311.png,90.0,25,G,6.9,False,False,1,0.0,55.0,50,0,0,0,0,0.0,,1.0,,,1.0,1.0,,,,,,,,,,1.0,,
1396943,FC Andorra,8157,286558,Gael Alonso,https://media.api-sports.io/football/players/286558.png,90.0,4,D,7.3,False,False,0,0.0,118.0,99,0,0,0,0,,1.0,4.0,1.0,,9.0,7.0,,,,1.0,,,,,,,,
1396943,FC Andorra,8157,357434,Marc Bombardo,https://media.api-sports.io/football/players/357434.png,90.0,5,D,6.9,False,False,0,0.0,98.0,91,0,0,0,0,,,2.0,,7.0,6.0,4.0,,,,2.0,,,,,,,,
1396943,FC Andorra,8157,182641,Imanol García de Albéniz,https://media.api-sports.io/football/players/182641.png,90.0,19,D,7.2,False,False,0,0.0,63.0,56,0,0,0,0,,1.0,2.0,1.0,3.0,7.0,5.0,3.0,1.0,1.0,,,,,,,,,
1396943,FC Andorra,8157,85703,Thomas Carrique,https://media.api-sports.io/football/players/85703.png,90.0,17,M,6.6,False,False,0,0.0,38.0,29,1,0,0,0,,2.0,,,1.0,5.0,4.0,2.0,2.0,1.0,1.0,,,,,,,,
1396943,FC Andorra,8157,174712,Théo Le Normand,https://media.api-sports.io/football/players/174712.png,80.0,24,M,6.7,False,False,0,0.0,29.0,25,1,0,0,0,,,1.0,,1.0,12.0,6.0,,,3.0,4.0,2.0,,,,,,,
1396943,FC Andorra,8157,107132,Sergio Molina,https://media.api-sports.io/football/players/107132.png,90.0,14,M,6.6,True,False,0,0.0,58.0,50,1,0,0,0,,,3.0,1.0,2.0,9.0,4.0,,,1.0,2.0,,,,,,,,
1396943,FC Andorra,8157,327489,Marc Doménech,https://media.api-sports.io/football/players/327489.png,90.0,18,M,6.6,False,False,0,0.0,40.0,38,0,0,0,0,,,2.0,,1.0,14.0,7.0,3.0,2.0,1.0,2.0,,,2.0,,,,,
1396943,FC Andorra,8157,180241,Manuel Nieto,https://media.api-sports.io/football/players/180241.png,59.0,9,F,6.6,False,False,0,0.0,13.0,12,0,0,0,0,,,1.0,,1.0,7.0,4.0,,,2.0,1.0,1.0,1.0,,,,,,
1396943,FC Andorra,8157,397941,Min-su Kim,https://media.api-sports.io/football/players/397941.png,59.0,29,F,6.7,False,False,0,0.0,18.0,13,0,0,0,0,,,,,,8.0,5.0,4.0,3.0,2.0,1.0,,,,,,,,
1396943,FC Andorra,8157,182480,Lautaro De León,https://media.api-sports.io/football/players/182480.png,80.0,11,F,6.3,False,False,0,0.0,10.0,6,0,0,0,0,,,,,,6.0,3.0,,,2.0,1.0,,,,1.0,,,,
1396943,FC Andorra,8157,440413,Aingeru Olabarrieta,https://media.api-sports.io/football/players/440413.png,32.0,15,F,6.3,False,True,0,0.0,13.0,11,0,0,0,0,,,,,,2.0,1.0,,,,,2.0,1.0,,,,,,
1396943,FC Andorra,8157,389600,Jastin García,https://media.api-sports.io/football/players/389600.png,32.0,16,F,7.7,False,True,0,0.0,8.0,5,0,0,0,0,,,1.0,,,8.0,6.0,3.0,3.0,2.0,,1.0,,,,,,,
1396943,FC Andorra,8157,182719,Daniel Villahermosa,https://media.api-sports.io/football/players/182719.png,11.0,6,M,6.3,False,True,0,0.0,7.0,7,0,0,0,0,,1.0,,,,2.0,,,,,1.0,,,,,,,,
1396943,FC Andorra,8157,333317,Aitor Uzkudun,https://media.api-sports.io/football/players/333317.png,11.0,22,F,6.7,False,True,0,0.0,2.0,2,0,0,0,0,,,1.0,,,5.0,3.0,1.0,1.0,1.0,1.0,,,,,,,,
1396943,FC Andorra,8157,5077,Nicolas Ratti,https://media.api-sports.io/football/players/5077.png,,1,G,,False,True,0,,,,0,0,0,0,,,,,,,,,,,,,,,,,,,
1396943,FC Andorra,8157,122471,Jesús Owono,https://media.api-sports.io/football/players/122471.png,,13,G,,False,True,0,,,,0,0,0,0,,,,,,,,,,,,,,,,,,,
1396943,FC Andorra,8157,104828,Diego Alende,https://media.api-sports.io/football/players/104828.png,,23,D,,False,True,0,,,,0,0,0,0,,,,,,,,,,,,,,,,,,,
1396943,FC Andorra,8157,47242,Marti Vila Garcia,https://media.api-sports.io/football/players/47242.png,,20,D,,False,True,0,,,,0,0,0,0,,,,,,,,,,,,,,,,,,,
1396943,FC Andorra,8157,401837,Alex Calvo,https://media.api-sports.io/football/players/401837.png,,7,F,,False,True,0,,,,0,0,0,0,,,,,,,,,,,,,,,,,,,
1391258,Huesca,726,46934,Dani Jiménez,https://media.api-sports.io/football/players/46934.png,90.0,13,G,6.6,False,False,1,0.0,29.0,17,0,0,0,0,0.0,,,,,,,,,,,,,,,,2.0,,
1391258,Huesca,726,181572,Toni Abad,https://media.api-sports.io/football/players/181572.png,73.0,2,D,6.3,False,False,0,0.0,19.0,13,0,0,0,0,,1.0,1.0,,,5.0,3.0,1.0,1.0,,1.0,,,,,,,,
1391258,Huesca,726,47569,Jorge Pulido,https://media.api-sports.io/football/players/47569.png,90.0,14,D,7.3,True,False,0,0.0,41.0,33,0,0,0,0,,,,2.0,4.0,10.0,6.0,,,1.0,,2.0,,,,,,,
1391258,Huesca,726,179266,Iñigo Sebastián Magana,https://media.api-sports.io/football/players/179266.png,90.0,5,D,6.9,False,False,0,0.0,39.0,32,1,0,0,0,,,4.0,,4.0,12.0,6.0,,,1.0,4.0,,,,,,,,
1391258,Huesca,726,286561,Sergio Arribas,https://media.api-sports.io/football/players/286561.png,45.0,28,D,6.9,False,False,0,0.0,26.0,20,1,0,0,0,,,1.0,,2.0,4.0,2.0,,,,1.0,,,1.0,,,,,
1391258,Huesca,726,1559,Julio Alonso,https://media.api-sports.io/football/players/1559.png,90.0,17,D,7.2,False,False,0,0.0,33.0,24,0,0,0,0,,2.0,4.0,,3.0,11.0,9.0,4.0,3.0,1.0,,,,,,,,,
1391258,Huesca,726,183747,Iker Kortajarena,https://media.api-sports.io/football/players/183747.png,90.0,10,M,6.9,False,False,0,0.0,28.0,21,0,0,0,0,,,1.0,,,9.0,5.0,1.0,1.0,3.0,1.0,2.0,1.0,,,,,,
1391258,Huesca,726,131544,Oscar Sielva,https://media.api-sports.io/football/players/131544.png,90.0,23,M,7.2,False,False,0,0.0,52.0,44,0,0,0,0,,3.0,,,,5.0,2.0,,,1.0,,2.0,,1.0,,,,,
1391258,Huesca,726,70498,Jesus Alvarez,https://media.api-sports.io/football/players/70498.png,84.0,16,M,6.5,False,False,0,0.0,49.0,43,0,0,0,0,,1.0,1.0,,1.0,10.0,2.0,,,1.0,3.0,1.0,,1.0,,,,,
1391258,Huesca,726,105014,Liberto Beltrán,https://media.api-sports.io/football/players/105014.png,73.0,11,M,6.7,False,False,0,0.0,14.0,13,0,0,0,0,,1.0,,,,5.0,2.0,,,2.0,,2.0,1.0,2.0,,,,,
1391258,Huesca,726,47395,Sergi Enrich,https://media.api-sports.io/football/players/47395.png,63.0,9,F,6.3,False,False,0,0.0,21.0,8,0,0,0,0,,1.0,2.0,,,8.0,5.0,,,,,,,,,,,,
1391258,Huesca,726,237174,Álvaro Carrillo,https://media.api-sports.io/football/players/237174.png,45.0,4,D,6.5,False,True,0,1.0,21.0,13,0,0,0,0,,1.0,1.0,,2.0,3.0,1.0,,,,,1.0,,1.0,,,,,
1391258,Huesca,726,198473,Samuel Ntamack Ndimba,https://media.api-sports.io/football/players/198473.png,28.0,19,F,6.2,False,True,0,0.0,4.0,2,0,0,0,0,,,,,,7.0,1.0,,,,1.0,1.0,,,1.0,,,,
1391258,Huesca,726,46694,Daniel Ojeda,https://media.api-sports.io/football/players/46694.png,18.0,21,F,7.7,False,True,0,0.0,8.0,4,0,0,0,0,,,,,,1.0,1.0,,,1.0,,1.0,1.0,,,1.0,,,
1391258,Huesca,726,388003,Diego Aznar,https://media.api-sports.io/football/players/388003.png,18.0,31,F,6.6,False,True,0,0.0,5.0,4,0,0,0,0,,,,,1.0,,,,,,,,,,,,,,
1391258,Huesca,726,454300,Willy Chatiliez,https://media.api-sports.io/football/players/454300.png,12.0,37,M,6.3,False,True,0,0.0,4.0,1,0,0,0,0,,,1.0,,,3.0,1.0,1.0,,,,,,,,,,,
1391258,Huesca,726,46649,Juan Pérez,https://media.api-sports.io/football/players/46649.png,,1,G,,False,True,0,,,,0,0,0,0,,,,,,,,,,,,,,,,,,,
1391258,Huesca,726,288334,Hugo Perez,https://media.api-sports.io/football/players/288334.png,,15,D,,False,True,0,,,,0,0,0,0,,,,,,,,,,,,,,,,,,,
1391258,Huesca,726,331369,Ángel Pérez,https://media.api-sports.io/football/players/331369.png,,22,D,,False,True,0,,,,0,0,0,0,,,,,,,,,,,,,,,,,,,
1391258,Huesca,726,327496,Rodrigo Abajas,https://media.api-sports.io/football/players/327496.png,,27,D,,False,True,0,,,,0,0,0,0,,,,,,,,,,,,,,,,,,,
1391258,Huesca,726,337011,Manu Rico,https://media.api-sports.io/football/players/337011.png,,26,M,,False,True,0,,,,0,0,0,0,,,,,,,,,,,,,,,,,,,
1391258,Huesca,726,181163,Enol Rodríguez,https://media.api-sports.io/football/players/181163.png,,18,F,,False,True,0,,,,0,0,0,0,,,,,,,,,,,,,,,,,,,
1391258,Huesca,726,404405,Daniel Martín,https://media.api-sports.io/football/players/404405.png,,30,G,,False,True,0,,,,0,0,0,0,,,,,,,,,,,,,,,,,,,
1391258,Leganes,537,2036,Juan Soriano,https://media.api-sports.io/football/players/2036.png,90.0,1,G,6.9,False,False,1,0.0,26.0,8,0,0,0,0,0.0,1.0,,,,,,,,,,,,,,,2.0,,
1391258,Leganes,537,47391,Rubén Peña,https://media.api-sports.io/football/players/47391.png,90.0,7,D,6.6,False,False,0,0.0,28.0,21,0,0,0,0,,,1.0,,1.0,12.0,5.0,4.0,2.0,1.0,2.0,,,2.0,,,,,
1391258,Leganes,537,47080,Jorge Sáenz,https://media.api-sports.io/football/players/47080.png,90.0,3,D,6.9,True,False,0,0.0,40.0,33,0,0,0,0,,,,,4.0,5.0,2.0,,,,1.0,,,1.0,,,,,
1391258,Leganes,537,47253,Ignasi Miquel,https://media.api-sports.io/football/players/47253.png,90.0,5,D,6.3,False,False,0,0.0,29.0,20,0,0,0,0,,,1.0,1.0,3.0,9.0,5.0,,,,1.0,,,,,,,,
1391258,Leganes,537,336706,Marvel,https://media.api-sports.io/football/players/336706.png,90.0,2,D,6.6,False,False,0,0.0,31.0,25,0,0,0,0,,,1.0,,3.0,11.0,6.0,2.0,1.0,1.0,2.0,,,,,,,,
1391258,Leganes,537,162944,Duk,https://media.api-sports.io/football/players/162944.png,73.0,11,M,6.9,False,False,0,0.0,9.0,5,0,0,0,0,,,1.0,,,10.0,6.0,5.0,3.0,1.0,1.0,2.0,2.0,,,,,,
1391258,Leganes,537,302051,Seydouba Cisse,https://media.api-sports.io/football/players/302051.png,90.0,8,M,6.9,False,False,0,0.0,54.0,44,0,0,0,0,,,4.0,,,7.0,4.0,,,,1.0,,,1.0,1.0,,,,
1391258,Leganes,537,324,Amadou Diawara,https://media.api-sports.io/football/players/324.png,83.0,24,M,6.6,False,False,0,0.0,27.0,20,0,0,0,0,,1.0,,,1.0,3.0,1.0,,,1.0,1.0,,,,,,,,
1391258,Leganes,537,327622,Naim García,https://media.api-sports.io/football/players/327622.png,82.0,17,M,6.3,False,False,0,0.0,19.0,10,1,0,0,0,,1.0,1.0,,1.0,9.0,4.0,,,1.0,1.0,,,1.0,,,,,
1391258,Leganes,537,47494,Miguel de la Fuente,https://media.api-sports.io/football/players/47494.png,73.0,9,F,7.3,False,False,0,0.0,5.0,2,0,0,0,0,,,1.0,,,7.0,5.0,,,3.0,,1.0,1.0,,1.0,1.0,,,
1391258,Leganes,537,184481,Diego Garcia,https://media.api-sports.io/football/players/184481.png,79.0,19,F,7,False,False,0,1.0,14.0,11,0,0,0,0,,1.0,1.0,,,9.0,3.0,,,1.0,1.0,2.0,,,,,,,
1391258,Leganes,537,47321,Roberto López,https://media.api-sports.io/football/players/47321.png,18.0,14,M,6.7,False,True,0,0.0,8.0,6,0,0,0,0,,2.0,,,2.0,,,,,,,,,,1.0,,,,
1391258,Leganes,537,47496,Óscar Plano,https://media.api-sports.io/football/players/47496.png,18.0,20,F,6.3,False,True,0,0.0,8.0,3,0,0,0,0,,,,,,3.0,2.0,,,,1.0,,,,,,,,
1391258,Leganes,537,182668,Álex Millán,https://media.api-sports.io/football/players/182668.png,12.0,23,F,6.3,False,True,0,0.0,4.0,3,1,0,0,0,,,,,,4.0,2.0,,,1.0,,,,,,,,,
1391258,Leganes,537,337955,Lalo Aguilar,https://media.api-sports.io/football/players/337955.png,8.0,6,D,6.5,False,True,0,0.0,5.0,4,0,0,0,0,,,,1.0,,1.0,1.0,,,,,,,,,,,,
1391258,Leganes,537,47576,Gonzalo Melero,https://media.api-sports.io/football/players/47576.png,8.0,16,M,6.3,False,True,0,0.0,10.0,9,0,0,0,0,,,,,,3.0,1.0,1.0,,1.0,,,,,,,,,
1391258,Leganes,537,131551,Miguel San Román,https://media.api-sports.io/football/players/131551.png,,13,G,,False,True,0,,,,0,0,0,0,,,,,,,,,,,,,,,,,,,
1391258,Leganes,537,507345,Said Imigene,https://media.api-sports.io/football/players/507345.png,,27,D,,False,True,0,,,,0,0,0,0,,,,,,,,,,,,,,,,,,,
1391258,Leganes,537,129657,Enric Franquesa,https://media.api-sports.io/football/players/129657.png,,15,D,,False,True,0,,,,0,0,0,0,,,,,,,,,,,,,,,,,,,
1391258,Leganes,537,506488,Lucas Macazaga,https://media.api-sports.io/football/players/506488.png,,28,D,,False,True,0,,,,0,0,0,0,,,,,,,,,,,,,,,,,,,
1391258,Leganes,537,388032,Carlos Guirao,https://media.api-sports.io/football/players/388032.png,,26,M,,False,True,0,,,,0,0,0,0,,,,,,,,,,,,,,,,,,,
1391258,Leganes,537,405664,Benjamin Pauwels,https://media.api-sports.io/football/players/405664.png,,18,F,,False,True,0,,,,0,0,0,0,,,,,,,,,,,,,,,,,,,
1391258,Leganes,537,290479,Andrés Campos,https://media.api-sports.io/football/players/290479.png,,21,F,,False,True,0,,,,0,0,0,0,,,,,,,,,,,,,,,,,,,
1396942,Sporting Gijon,731,47248,Rubén Yáñez,https://media.api-sports.io/football/players/47248.png,90.0,1,G,5.9,False,False,1,0.0,28.0,14,0,0,0,0,0.0,,,,,,,,,,,,,,,,4.0,,
1396942,Sporting Gijon,731,47434,Kevin Vázquez,https://media.api-sports.io/football/players/47434.png,63.0,20,D,6.3,True,False,0,0.0,13.0,9,0,0,0,0,,,,1.0,,5.0,2.0,,,,1.0,,,,,,,,
1396942,Sporting Gijon,731,104871,Pablo Vázquez,https://media.api-sports.io/football/players/104871.png,90.0,15,D,6.5,False,False,0,0.0,33.0,18,0,0,0,0,,,,1.0,,4.0,1.0,,,,,,,,,,,,
1396942,Sporting Gijon,731,67953,Lucas Perrin,https://media.api-sports.io/football/players/67953.png,90.0,4,D,7.2,False,False,0,0.0,25.0,24,1,0,0,0,,1.0,4.0,,,9.0,6.0,,,,2.0,,,,,,,,
1396942,Sporting Gijon,731,182484,Pablo García,https://media.api-sports.io/football/players/182484.png,60.0,3,D,6.3,False,False,0,0.0,20.0,11,0,0,0,0,,,3.0,,2.0,5.0,4.0,1.0,1.0,,,1.0,1.0,,,,,,
1396942,Sporting Gijon,731,286793,Ignacio Martín,https://media.api-sports.io/football/players/286793.png,90.0,6,M,6.7,False,False,0,0.0,27.0,20,0,0,0,0,,,2.0,2.0,3.0,7.0,3.0,1.0,1.0,,3.0,,,1.0,,,,,
1396942,Sporting Gijon,731,119745,Álex Corredera,https://media.api-sports.io/football/players/119745.png,90.0,14,M,6.3,False,False,0,0.0,24.0,16,1,0,0,0,,,3.0,,4.0,6.0,3.0,1.0,,,1.0,,,1.0,1.0,,,,
1396942,Sporting Gijon,731,183931,Jonathan Dubasin,https://media.api-sports.io/football/players/183931.png,90.0,17,M,7.9,False,False,0,0.0,21.0,16,0,0,0,0,,1.0,1.0,,,5.0,4.0,,,3.0,,1.0,1.0,,,1.0,,,
1396942,Sporting Gijon,731,163076,César Gelabert,https://media.api-sports.io/football/players/163076.png,86.0,10,M,7.7,False,False,0,0.0,27.0,21,0,0,0,0,,2.0,2.0,,1.0,14.0,7.0,3.0,1.0,1.0,,1.0,1.0,,,1.0,,,
1396942,Sporting Gijon,731,286799,Dani Queipo,https://media.api-sports.io/football/players/286799.png,60.0,11,M,6.2,False,False,0,0.0,10.0,5,0,0,0,0,,1.0,1.0,,,7.0,1.0,1.0,,,1.0,,,1.0,3.0,,,,
1396942,Sporting Gijon,731,21395,Juan Otero,https://media.api-sports.io/football/players/21395.png,86.0,19,F,7.7,False,False,0,2.0,19.0,12,0,0,0,0,,2.0,1.0,,1.0,15.0,6.0,2.0,1.0,2.0,2.0,1.0,,,3.0,,,,
1396942,Sporting Gijon,731,286801,Diego Sánchez,https://media.api-sports.io/football/players/286801.png,31.0,5,D,6.9,False,True,0,0.0,5.0,4,0,0,0,0,,,1.0,,,4.0,2.0,,,,2.0,,,,,,,,
1396942,Sporting Gijon,731,182473,Gaspar Campos,https://media.api-sports.io/football/players/182473.png,31.0,7,M,6.6,False,True,0,0.0,8.0,7,0,0,0,0,,1.0,,,,5.0,1.0,3.0,1.0,,,1.0,1.0,1.0,,,,,
1396942,Sporting Gijon,731,182522,Guille Rosas,https://media.api-sports.io/football/players/182522.png,28.0,2,D,7,False,True,0,0.0,10.0,8,0,0,0,0,,,2.0,,,3.0,3.0,,,,,,,,,,,,
1396942,Sporting Gijon,731,46993,Eric Curbelo,https://media.api-sports.io/football/players/46993.png,14.0,23,D,6.6,False,True,0,0.0,2.0,1,0,0,0,0,,,,,1.0,,,,,,,,,,,,,,
1396942,Sporting Gijon,731,16590,Jordy Caicedo,https://media.api-sports.io/football/players/16590.png,14.0,9,F,6.2,False,True,0,0.0,,,0,0,0,0,,,,,,1.0,,,,,1.0,1.0,,,,,,,
1396942,Sporting Gijon,731,46872,Christian Sanchez,https://media.api-sports.io/football/players/46872.png,,13,G,,False,True,0,,,,0,0,0,0,,,,,,,,,,,,,,,,,,,
1396942,Sporting Gijon,731,402238,Pierre Mbemba,https://media.api-sports.io/football/players/402238.png,,28,D,,False,True,0,,,,0,0,0,0,,,,,,,,,,,,,,,,,,,
1396942,Sporting Gijon,731,68136,Yann Kembo,https://media.api-sports.io/football/players/68136.png,,22,D,,False,True,0,,,,0,0,0,0,,,,,,,,,,,,,,,,,,,
1396942,Sporting Gijon,731,363990,Enol Prendes,https://media.api-sports.io/football/players/363990.png,,32,F,,False,True,0,,,,0,0,0,0,,,,,,,,,,,,,,,,,,,
1396942,Sporting Gijon,731,325140,Justin Smith,https://media.api-sports.io/football/players/325140.png,,24,M,,False,True,0,,,,0,0,0,0,,,,,,,,,,,,,,,,,,,
1396942,Sporting Gijon,731,403452,Joshua Mancha,https://media.api-sports.io/football/players/403452.png,,34,M,,False,True,0,,,,0,0,0,0,,,,,,,,,,,,,,,,,,,
1396942,Sporting Gijon,731,351065,Amadou Coundoul,https://media.api-sports.io/football/players/351065.png,,18,F,,False,True,0,,,,0,0,0,0,,,,,,,,,,,,,,,,,,,
1396942,Cordoba,713,116438,Carlos Marín,https://media.api-sports.io/football/players/116438.png,90.0,13,G,6.3,True,False,2,0.0,33.0,26,0,0,0,0,0.0,,,,,,,,,,,,,,,,2.0,,
1396942,Cordoba,713,36,Carlos Isaac,https://media.api-sports.io/football/players/36.png,87.0,22,D,6.5,False,False,0,0.0,26.0,21,0,0,0,0,,,2.0,1.0,2.0,8.0,6.0,,,3.0,,2.0,1.0,,,,,,
1396942,Cordoba,713,170763,Franck Fomeyem,https://media.api-sports.io/football/players/170763.png,90.0,12,D,6.9,False,False,0,0.0,59.0,55,0,0,0,0,,,3.0,1.0,,13.0,8.0,,,,2.0,,,1.0,,,,,
1396942,Cordoba,713,178941,Rubén,https://media.api-sports.io/football/players/178941.png,45.0,16,D,6.6,False,False,0,0.0,46.0,41,0,0,0,0,,,1.0,,1.0,2.0,2.0,,,1.0,,,,,,,,,
1396942,Cordoba,713,107148,Ignasi Vilarrasa,https://media.api-sports.io/football/players/107148.png,87.0,2,D,6,False,False,0,0.0,33.0,26,0,0,0,0,,,,,1.0,3.0,,,,,2.0,1.0,,1.0,,,,,
1396942,Cordoba,713,119235,Pedro Ortiz,https://media.api-sports.io/football/players/119235.png,76.0,24,M,5.9,False,False,0,0.0,29.0,17,0,0,0,0,,,1.0,1.0,,6.0,2.0,1.0,1.0,,,,,1.0,,,,,
1396942,Cordoba,713,182166,Isma Ruiz,https://media.api-sports.io/football/players/182166.png,87.0,8,M,7.2,False,False,0,0.0,50.0,43,0,0,0,0,,1.0,4.0,,,11.0,7.0,2.0,,3.0,1.0,,,,,,,,
1396942,Cordoba,713,181218,Alex Sala,https://media.api-sports.io/football/players/181218.png,90.0,6,M,6.7,False,False,0,1.0,52.0,42,0,0,0,0,,1.0,,,,6.0,4.0,,,2.0,1.0,1.0,1.0,1.0,,,,,
1396942,Cordoba,713,181263,Cristian Carracedo,https://media.api-sports.io/football/players/181263.png,90.0,23,F,7,False,False,0,0.0,45.0,37,1,0,0,0,,4.0,1.0,,1.0,12.0,4.0,7.0,2.0,1.0,,1.0,1.0,,,,,,
1396942,Cordoba,713,47495,Sergi Guardiola,https://media.api-sports.io/football/players/47495.png,90.0,14,F,6.3,False,False,0,0.0,19.0,15,1,0,0,0,,1.0,,,,10.0,5.0,,,1.0,1.0,2.0,1.0,1.0,1.0,,,,
1396942,Cordoba,713,182490,Jacobo González,https://media.api-sports.io/football/players/182490.png,90.0,10,F,7.6,False,False,0,0.0,37.0,28,0,0,0,0,,1.0,,,,11.0,5.0,2.0,1.0,1.0,,2.0,1.0,,,1.0,,,
1396942,Cordoba,713,119220,Álex Martín,https://media.api-sports.io/football/players/119220.png,45.0,4,D,6.7,False,True,0,0.0,40.0,36,0,0,0,0,,,,,2.0,2.0,2.0,,,1.0,,,,,,,,,
1396942,Cordoba,713,190255,Kevin Medina,https://media.api-sports.io/football/players/190255.png,15.0,11,F,6.5,False,True,0,0.0,3.0,2,0,0,0,0,,,,,,2.0,,1.0,,,,1.0,,,,,,,
1396942,Cordoba,713,285285,Juan María Alcedo,https://media.api-sports.io/football/players/285285.png,13.0,3,D,6.9,False,True,0,0.0,5.0,3,0,0,0,0,,,1.0,,,2.0,1.0,,,,,,,,,,,,
1396942,Cordoba,713,122627,Carlos Albarrán,https://media.api-sports.io/football/players/122627.png,13.0,21,D,6.7,False,True,0,0.0,4.0,2,0,0,0,0,,,,,,1.0,1.0,,,,,1.0,,,,,,,
1396942,Cordoba,713,43364,Nikolay Obolskiy,https://media.api-sports.io/football/players/43364.png,13.0,9,F,6.5,False,True,0,0.0,1.0,1,0,0,0,0,,,,,,1.0,,,,,,,,,,,,,
1396942,Cordoba,713,169256,Iker Álvarez,https://media.api-sports.io/football/players/169256.png,,1,G,,False,True,0,,,,0,0,0,0,,,,,,,,,,,,,,,,,,,
1396942,Cordoba,713,162531,Xavi Sintes,https://media.api-sports.io/football/players/162531.png,,15,D,,False,True,0,,,,0,0,0,0,,,,,,,,,,,,,,,,,,,
1396942,Cordoba,713,391131,Dani Requena,https://media.api-sports.io/football/players/391131.png,,30,M,,False,True,0,,,,0,0,0,0,,,,,,,,,,,,,,,,,,,
1396942,Cordoba,713,208670,Diego Bri,https://media.api-sports.io/football/players/208670.png,,5,F,,False,True,0,,,,0,0,0,0,,,,,,,,,,,,,,,,,,,
1396942,Cordoba,713,181474,Alberto del Moral,https://media.api-sports.io/football/players/181474.png,,20,M,,False,True,0,,,,0,0,0,0,,,,,,,,,,,,,,,,,,,
1396942,Cordoba,713,162547,Théo Zidane,https://media.api-sports.io/football/players/162547.png,,7,M,,False,True,0,,,,0,0,0,0,,,,,,,,,,,,,,,,,,,
1396942,Cordoba,713,14488,Adrian Fuentes,https://media.api-sports.io/football/players/14488.png,,18,F,,False,True,0,,,,0,0,0,0,,,,,,,,,,,,,,,,,,,
1396941,Almeria,723,1684,Andrés Fernández,https://media.api-sports.io/football/players/1684.png,90.0,1,G,6,False,False,4,0.0,30.0,28,0,0,0,0,0.0,,,,,,,,,,,,,,,,1.0,,
1396941,Almeria,723,380261,Marcos Luna,https://media.api-sports.io/football/players/380261.png,45.0,16,D,6.6,False,False,0,0.0,25.0,24,1,0,0,0,,1.0,2.0,,,4.0,2.0,1.0,,,1.0,,,,,,,,
1396941,Almeria,723,129,Chumi,https://media.api-sports.io/football/players/129.png,90.0,21,D,6.5,True,False,0,0.0,61.0,57,0,0,0,0,,,1.0,,,7.0,5.0,,,,1.0,1.0,,,,,,,
1396941,Almeria,723,47052,Álex Muñoz,https://media.api-sports.io/football/players/47052.png,89.0,3,D,6.3,False,False,0,0.0,43.0,42,0,0,0,0,,,,3.0,,6.0,2.0,,,,2.0,,,1.0,,,,,
1396941,Almeria,723,914,Álex Centelles,https://media.api-sports.io/football/players/914.png,90.0,20,D,6.2,False,False,0,0.0,36.0,33,0,0,0,0,,2.0,5.0,1.0,1.0,11.0,6.0,,,,1.0,1.0,1.0,,,,,,
1396941,Almeria,723,203468,Dion Lopy,https://media.api-sports.io/football/players/203468.png,90.0,17,M,8.2,False,False,0,0.0,55.0,49,1,0,0,0,,,2.0,1.0,1.0,4.0,4.0,1.0,1.0,1.0,,3.0,2.0,,,1.0,,,
1396941,Almeria,723,402281,Selvi Clúa,https://media.api-sports.io/football/players/402281.png,70.0,5,M,6.3,False,False,0,0.0,28.0,26,0,0,0,0,,1.0,,1.0,,5.0,1.0,,,1.0,2.0,1.0,,1.0,,,,,
1396941,Almeria,723,13062,Léo Baptistão,https://media.api-sports.io/football/players/13062.png,90.0,12,M,6.9,False,False,0,0.0,35.0,28,0,0,0,0,,1.0,1.0,,,12.0,6.0,2.0,1.0,1.0,,6.0,2.0,,,1.0,,,
1396941,Almeria,723,162033,Sergio Arribas,https://media.api-sports.io/football/players/162033.png,90.0,11,M,8.2,False,False,0,0.0,73.0,67,0,0,1,0,,4.0,,,,4.0,3.0,,,2.0,1.0,5.0,3.0,,,1.0,,,
1396941,Almeria,723,47554,Adrián Embarba,https://media.api-sports.io/football/players/47554.png,70.0,23,M,8.5,False,False,0,1.0,15.0,14,0,0,0,0,,4.0,3.0,,2.0,12.0,4.0,3.0,,1.0,1.0,4.0,3.0,2.0,,1.0,,,
1396941,Almeria,723,237103,Lázaro,https://media.api-sports.io/football/players/237103.png,70.0,7,F,6.5,False,False,0,0.0,12.0,6,0,0,0,0,,3.0,1.0,,1.0,8.0,3.0,,,1.0,,1.0,,1.0,1.0,,,,
1396941,Almeria,723,295771,Daijiro Chirino,https://media.api-sports.io/football/players/295771.png,45.0,22,D,6,False,True,0,0.0,29.0,27,0,0,0,0,,,,,,2.0,1.0,,,1.0,,,,1.0,,,,,
1396941,Almeria,723,138809,Arnau Puigmal,https://media.api-sports.io/football/players/138809.png,20.0,2,M,6.9,False,True,0,1.0,13.0,13,0,0,0,0,,2.0,,,,2.0,,2.0,,,,1.0,,,,,,,
1396941,Almeria,723,51036,André Horta,https://media.api-sports.io/football/players/51036.png,20.0,6,M,6.6,False,True,0,0.0,27.0,23,1,0,0,0,,3.0,,,,2.0,1.0,1.0,1.0,,,1.0,,,,,,,
1396941,Almeria,723,36302,Patrick Soko,https://media.api-sports.io/football/players/36302.png,21.0,19,F,6.6,False,True,0,0.0,4.0,3,0,0,0,0,,1.0,,,1.0,,,,,,,1.0,,,,,,,
1396941,Almeria,723,128581,Nicolás Melamed,https://media.api-sports.io/football/players/128581.png,14.0,10,M,6.7,False,True,0,0.0,9.0,9,0,0,0,0,,1.0,1.0,,,3.0,2.0,1.0,,,,1.0,,,,,,,
1396941,Almeria,723,46904,Fernando Martínez,https://media.api-sports.io/football/players/46904.png,,13,G,,False,True,0,,,,0,0,0,0,,,,,,,,,,,,,,,,,,,
1396941,Almeria,723,348328,Jesus Lopez,https://media.api-sports.io/football/players/348328.png,,30,G,,False,True,0,,,,0,0,0,0,,,,,,,,,,,,,,,,,,,
1396941,Almeria,723,507490,Pedro Cedillo,https://media.api-sports.io/football/players/507490.png,,32,D,,False,True,0,,,,0,0,0,0,,,,,,,,,,,,,,,,,,,
1396941,Almeria,723,30583,Federico Bonini,https://media.api-sports.io/football/players/30583.png,,18,D,,False,True,0,,,,0,0,0,0,,,,,,,,,,,,,,,,,,,
1396941,Almeria,723,339863,Marko Perović,https://media.api-sports.io/football/players/339863.png,,36,M,,False,True,0,,,,0,0,0,0,,,,,,,,,,,,,,,,,,,
1396941,Almeria,723,342228,Stefan Džodić,https://media.api-sports.io/football/players/342228.png,,29,M,,False,True,0,,,,0,0,0,0,,,,,,,,,,,,,,,,,,,
1396941,Almeria,723,310609,Gui,https://media.api-sports.io/football/players/310609.png,,8,M,,False,True,0,,,,0,0,0,0,,,,,,,,,,,,,,,,,,,
1396941,Albacete,722,46870,Diego Mariño,https://media.api-sports.io/football/players/46870.png,90.0,1,G,8.5,False,False,4,0.0,20.0,13,0,0,0,0,0.0,,,,,2.0,2.0,,,,,,,,,,7.0,,
1396941,Albacete,722,46732,Fran Gámez,https://media.api-sports.io/football/players/46732.png,89.0,15,D,7,False,False,0,1.0,26.0,21,0,0,0,0,,4.0,3.0,,1.0,7.0,4.0,1.0,1.0,,,,,,,,,,
1396941,Albacete,722,131542,Jon García,https://media.api-sports.io/football/players/131542.png,90.0,14,D,5.9,False,False,0,0.0,29.0,21,1,0,0,0,,,1.0,,,2.0,1.0,,,,1.0,,,,,,,,1.0
1396941,Albacete,722,741,Jesús Vallejo,https://media.api-sports.io/football/players/741.png,90.0,24,D,6.2,False,False,0,0.0,21.0,18,0,0,0,0,,,1.0,1.0,,7.0,4.0,,,,,,,,,,,,
1396941,Albacete,722,203426,Jonathan Gómez,https://media.api-sports.io/football/players/203426.png,90.0,3,D,6.3,False,False,0,0.0,14.0,12,1,0,0,0,,1.0,2.0,4.0,1.0,8.0,4.0,2.0,,1.0,,,,,,,,,
1396941,Albacete,722,336633,Javi Villar,https://media.api-sports.io/football/players/336633.png,90.0,18,M,6,False,False,0,0.0,32.0,22,0,0,0,0,,,1.0,,,16.0,8.0,4.0,3.0,1.0,5.0,2.0,,1.0,,,,,
1396941,Albacete,722,182259,Alejandro Meléndez,https://media.api-sports.io/football/players/182259.png,90.0,17,M,6.3,False,False,0,0.0,35.0,27,0,0,0,0,,2.0,,,3.0,3.0,1.0,,,1.0,1.0,,,,,,,,
1396941,Albacete,722,46689,Antonio Puertas,https://media.api-sports.io/football/players/46689.png,71.0,7,M,8.2,False,False,0,1.0,11.0,9,0,0,0,0,,1.0,1.0,,,7.0,4.0,,,1.0,,3.0,2.0,,,1.0,,,
1396941,Albacete,722,123061,Agus Medina,https://media.api-sports.io/football/players/123061.png,89.0,4,M,8.6,True,False,0,0.0,16.0,13,0,0,0,0,,2.0,1.0,,,5.0,2.0,,,1.0,1.0,2.0,2.0,1.0,,2.0,,,
1396941,Albacete,722,47170,José Carlos Lazo,https://media.api-sports.io/football/players/47170.png,45.0,16,M,6.7,False,False,0,0.0,8.0,7,0,0,0,0,,,1.0,,1.0,6.0,3.0,1.0,,2.0,,1.0,,,,,,,
1396941,Albacete,722,7518,Jefté Betancor,https://media.api-sports.io/football/players/7518.png,65.0,10,F,6.2,False,False,0,0.0,8.0,5,0,0,0,0,,1.0,,,,2.0,,1.0,,,,1.0,,,2.0,,,,
1396941,Albacete,722,182563,Jon Morcillo,https://media.api-sports.io/football/players/182563.png,45.0,22,F,8,False,True,0,2.0,8.0,5,0,0,0,0,,2.0,,,,1.0,1.0,1.0,1.0,,,1.0,,,,,,,
1396941,Albacete,722,264859,Antonio Pacheco,https://media.api-sports.io/football/players/264859.png,26.0,6,M,6.3,False,True,0,0.0,4.0,4,0,0,0,0,,,1.0,,,4.0,2.0,1.0,1.0,,,,,1.0,,,,,
1396941,Albacete,722,47179,Dani Escriche,https://media.api-sports.io/football/players/47179.png,20.0,19,F,7.5,False,True,0,0.0,7.0,4,0,0,0,0,,1.0,,,,5.0,1.0,1.0,,1.0,1.0,1.0,1.0,,,1.0,,,
1396941,Albacete,722,336988,Lorenzo Aguado,https://media.api-sports.io/football/players/336988.png,14.0,2,D,6.3,False,True,0,0.0,,,0,0,0,0,,,2.0,,,4.0,3.0,1.0,,,,,,,,,,,
1396941,Albacete,722,286069,Victor Valverde,https://media.api-sports.io/football/players/286069.png,14.0,11,F,6.7,False,True,0,0.0,3.0,2,0,0,0,0,,,,,,3.0,2.0,1.0,,1.0,,,,,,,,,
1396941,Albacete,722,46935,Raúl Lizoain,https://media.api-sports.io/football/players/46935.png,,13,G,,False,True,0,,,,0,0,0,0,,,,,,,,,,,,,,,,,,,
1396941,Albacete,722,288144,Mario Ramos,https://media.api-sports.io/football/players/288144.png,,30,G,,False,True,0,,,,0,0,0,0,,,,,,,,,,,,,,,,,,,
1396941,Albacete,722,447438,Jota Domingo,https://media.api-sports.io/football/players/447438.png,,40,D,,False,True,0,,,,0,0,0,0,,,,,,,,,,,,,,,,,,,
1396941,Albacete,722,183270,Javier Moreno,https://media.api-sports.io/football/players/183270.png,,5,D,,False,True,0,,,,0,0,0,0,,,,,,,,,,,,,,,,,,,
1396941,Albacete,722,465433,Daniel Bernabeu,https://media.api-sports.io/football/players/465433.png,,27,D,,False,True,0,,,,0,0,0,0,,,,,,,,,,,,,,,,,,,
1396941,Albacete,722,412693,Capi,https://media.api-sports.io/football/players/412693.png,,26,M,,False,True,0,,,,0,0,0,0,,,,,,,,,,,,,,,,,,,
1396941,Albacete,722,527188,Antonio Velilla Miro,https://media.api-sports.io/football/players/527188.png,,28,D,,False,True,0,,,,0,0,0,0,,,,,,,,,,,,,,,,,,,
